model_name,model_year,kms_driven,owner,location,mileage,power,price,cc,brand,bike_age,power_to_cc_ratio
Bajaj Avenger Cruise 220 2017,2017,17000.0,first owner,hyderabad,35.0,19.0,63500,220.0,Bajaj,7,0.08636363636363636
Royal Enfield Classic 350cc 2016,2016,50000.0,first owner,hyderabad,35.0,19.8,115000,350.0,Royal Enfield,8,0.05657142857142857
Hyosung GT250R 2012,2012,14795.0,first owner,hyderabad,30.0,28.0,300000,250.0,Hyosung,12,0.112
Bajaj Dominar 400 ABS 2017,2017,28.0,first owner,pondicherry,28.0,34.5,100000,400.0,Bajaj,7,0.08625
Jawa Perak 330cc 2020,2020,2000.0,first owner,bangalore,40.0,30.0,197500,330.0,Jawa,4,0.09090909090909091
KTM Duke 200cc 2012,2012,24561.0,third owner,bangalore,35.0,25.0,63400,200.0,KTM,12,0.125
Bajaj Pulsar 180cc 2016,2016,19718.0,first owner,bangalore,65.0,17.0,55000,180.0,Bajaj,8,0.09444444444444444
TVS Apache RTR 200 4V Dual Channel ABS BS6 2020,2020,40.0,first owner,hyderabad,40.0,20.21,120000,200.0,TVS,4,0.10105
KTM Duke 390cc 2018,2018,1350.0,first owner,jaipur,25.0,42.9,198000,390.0,KTM,6,0.11
Yamaha FZ16 150cc 2014,2014,58.0,first owner,bangalore,58.0,13.0,40000,150.0,Yamaha,10,0.08666666666666667
Royal Enfield Classic 350cc 2018,2018,25000.0,first owner,chennai,35.0,19.8,136900,350.0,Royal Enfield,6,0.05657142857142857
Royal Enfield Himalayan 410cc 2016,2016,26240.0,first owner,ghaziabad,32.0,24.5,112000,410.0,Royal Enfield,8,0.05975609756097561
Royal Enfield Bullet Electra 350cc 2017,2017,18866.0,first owner,delhi,40.0,19.8,110000,350.0,Royal Enfield,7,0.05657142857142857
Honda CB Shine 125cc 2018,2018,65.0,first owner,delhi,65.0,10.0,50000,125.0,Honda,6,0.08
Royal Enfield Standard 350cc 2019,2019,30.0,first owner,delhi,30.0,18.0,131000,350.0,Royal Enfield,5,0.05142857142857143
Bajaj Pulsar NS200 2018,2018,42.0,third owner,delhi,42.0,23.2,53000,200.0,Bajaj,6,0.11599999999999999
Royal Enfield Classic 350cc 2019,2019,12634.0,first owner,delhi,35.0,19.8,160000,350.0,Royal Enfield,5,0.05657142857142857
Royal Enfield Standard 350cc 2015,2015,37.0,first owner,delhi,37.0,19.8,121000,350.0,Royal Enfield,9,0.05657142857142857
Royal Enfield Bullet 350cc 2016,2016,13000.0,first owner,delhi,37.0,19.8,111000,350.0,Royal Enfield,8,0.05657142857142857
Royal Enfield Thunderbird 350cc ABS 2019,2019,28000.0,first owner,delhi,40.0,19.8,131500,350.0,Royal Enfield,5,0.05657142857142857
Honda CB Unicorn 150cc 2016,2016,60.0,first owner,delhi,60.0,14.0,52000,150.0,Honda,8,0.09333333333333334
Royal Enfield Electra 350cc 2018,2018,23350.0,first owner,delhi,37.0,19.0,115000,350.0,Royal Enfield,6,0.054285714285714284
Bajaj Pulsar 150cc 2014,2014,65.0,first owner,delhi,65.0,14.85,47000,150.0,Bajaj,10,0.09899999999999999
Bajaj Avenger Street 220 2016,2016,9551.0,first owner,delhi,53.0,19.0,52000,220.0,Bajaj,8,0.08636363636363636
Royal Enfield Bullet 350cc 2018,2018,23522.0,first owner,ludhiana,37.0,19.8,190000,350.0,Royal Enfield,6,0.05657142857142857
Royal Enfield Thunderbird 350cc 2015,2015,25000.0,first owner,delhi,40.0,19.8,67000,350.0,Royal Enfield,9,0.05657142857142857
Yamaha SZ-RR 150cc 2012,2012,12000.0,first owner,delhi,55.0,12.0,28000,150.0,Yamaha,12,0.08
Yamaha FZs 150cc 2015,2015,10168.0,first owner,delhi,45.0,13.0,44000,150.0,Yamaha,9,0.08666666666666667
Royal Enfield Classic 350cc 2018,2018,7000.0,first owner,delhi,35.0,19.8,141500,350.0,Royal Enfield,6,0.05657142857142857
Royal Enfield Classic 350cc 2016,2016,12000.0,first owner,delhi,35.0,19.8,110000,350.0,Royal Enfield,8,0.05657142857142857
Bajaj Pulsar NS200 ABS 2020,2020,42.0,first owner,delhi,42.0,23.2,118000,200.0,Bajaj,4,0.11599999999999999
Bajaj Pulsar 220F 2016,2016,26683.0,first owner,delhi,38.0,21.0,65000,220.0,Bajaj,8,0.09545454545454546
UM Renegade Commando Mojave 2018,2018,6900.0,first owner,bangalore,35.0,24.8,148000,279.0,UM,6,0.08888888888888889
Hero Achiever 150cc 2019,2019,15000.0,first owner,jaunpur,45.0,13.0,48000,150.0,Hero,5,0.08666666666666667
Yamaha FZ S V 2.0 150cc 2017,2017,58.0,first owner,mumbai,58.0,13.0,47475,150.0,Yamaha,7,0.08666666666666667
Honda CBR 250R 2011,2011,30202.0,second owner,mumbai,29.0,26.15,58000,250.0,Honda,13,0.1046
Hero Glamour Disc 125cc 2019,2019,50000.0,first owner,chittorgarh,55.0,8.9,63000,125.0,Hero,5,0.0712
Bajaj Pulsar 150cc 2018,2018,65.0,first owner,chittorgarh,65.0,15.0,48000,150.0,Bajaj,6,0.1
Hero Super Splendor 125cc 2019,2019,40000.0,first owner,chittorgarh,75.0,9.0,60000,125.0,Hero,5,0.072
Royal Enfield Classic 350cc 2015,2015,20805.0,first owner,delhi,35.0,19.8,95000,350.0,Royal Enfield,9,0.05657142857142857
Bajaj Discover 110cc 2019,2019,45000.0,first owner,chittorgarh,40.0,8.6,46000,110.0,Bajaj,5,0.07818181818181817
Bajaj Pulsar 220F 2016,2016,28200.0,first owner,bangalore,38.0,21.0,58000,220.0,Bajaj,8,0.09545454545454546
Royal Enfield Classic 350cc 2011,2011,50000.0,first owner,thalassery,35.0,19.8,70000,350.0,Royal Enfield,13,0.05657142857142857
Bajaj Avenger Street 220 2016,2016,14000.0,first owner,hyderabad,53.0,19.0,55000,220.0,Bajaj,8,0.08636363636363636
Bajaj Pulsar 220cc 2015,2015,55000.0,first owner,chittorgarh,38.0,21.0,45000,220.0,Bajaj,9,0.09545454545454546
Bajaj Pulsar 180cc 2018,2018,30000.0,first owner,delhi,65.0,17.0,62000,180.0,Bajaj,6,0.09444444444444444
Royal Enfield Bullet 350cc 2018,2018,1650.0,first owner,bathinda,37.0,19.8,140000,350.0,Royal Enfield,6,0.05657142857142857
Hero Ignitor 125cc 2014,2014,45000.0,first owner,hyderabad,55.0,11.0,30000,125.0,Hero,10,0.088
Honda CB Shine 125cc CBS 2019,2019,65.0,first owner,gurgaon,65.0,10.0,51000,125.0,Honda,5,0.08
Hero Karizma R 223cc 2009,2009,33000.0,first owner,delhi,40.0,17.0,18000,223.0,Hero,15,0.07623318385650224
Royal Enfield Bullet 350cc 2019,2019,27300.0,first owner,hyderabad,40.0,19.8,130000,350.0,Royal Enfield,5,0.05657142857142857
KTM RC 200cc ABS BS6 2021,2021,5700.0,first owner,mumbai,35.0,24.6,207500,200.0,KTM,3,0.12300000000000001
Royal Enfield Himalayan 410cc Fi ABS 2019,2019,15000.0,second owner,mumbai,32.0,24.5,181562,410.0,Royal Enfield,5,0.05975609756097561
Royal Enfield Thunderbird 500cc 2013,2013,21000.0,first owner,dehradun,25.0,27.2,110000,500.0,Royal Enfield,11,0.0544
Royal Enfield Classic 350cc ABS BS6 2020,2020,9000.0,first owner,mumbai,35.0,19.1,207500,350.0,Royal Enfield,4,0.054571428571428576
Suzuki Gixxer 150cc 2015,2015,35000.0,first owner,pune,63.0,14.0,54468,150.0,Suzuki,9,0.09333333333333334
Honda CB ShineSP 125cc Disc 2018,2018,65.0,first owner,kukatpally,65.0,10.0,70000,125.0,Honda,6,0.08
Bajaj Pulsar 220cc 2017,2017,20864.0,first owner,delhi,38.0,21.0,55000,220.0,Bajaj,7,0.09545454545454546
Bajaj Pulsar 150cc 2008,2008,65.0,first owner,pune,65.0,14.85,30087,150.0,Bajaj,16,0.09899999999999999
Hero Passion Xpro 110cc 2019,2019,44228.0,first owner,chittorgarh,55.0,8.0,57000,110.0,Hero,5,0.07272727272727272
Bajaj Dominar 400 2017,2017,28.0,first owner,bangalore,28.0,34.5,150000,400.0,Bajaj,7,0.08625
Husqvarna Svartpilen 250 2020,2020,7000.0,first owner,mumbai,31.85,29.63,197125,250.0,Husqvarna,4,0.11852
Royal Enfield Thunderbird X 350cc ABS 2019,2019,9000.0,first owner,mumbai,40.0,19.8,166000,350.0,Royal Enfield,5,0.05657142857142857
TVS Apache RTR 160 4V DISC ABS 2019,2019,21500.0,first owner,hyderabad,40.0,16.1,93000,160.0,TVS,5,0.100625
TVS Apache RTR 200 4V ABS 2018,2018,40.0,second owner,hyderabad,40.0,20.23,88000,200.0,TVS,6,0.10115
Royal Enfield Bullet Electra 350cc 2019,2019,7714.0,first owner,delhi,40.0,19.8,135000,350.0,Royal Enfield,5,0.05657142857142857
Yamaha FZs 150cc 2012,2012,60000.0,first owner,delhi,45.0,13.0,32000,150.0,Yamaha,12,0.08666666666666667
Royal Enfield Classic 350 S ABS 2020,2020,5389.0,first owner,delhi,35.0,19.8,165000,350.0,Royal Enfield,4,0.05657142857142857
Suzuki Gixxer SF 250cc ABS 2019,2019,9500.0,first owner,hyderabad,40.0,26.1,120000,250.0,Suzuki,5,0.1044
Yamaha YZF-R15 V3 150cc 2019,2019,12573.0,first owner,delhi,40.0,18.7,128000,150.0,Yamaha,5,0.12466666666666666
Hero Splendor ISmart Self Drum Alloy 2017,2017,34000.0,first owner,chittorgarh,45.0,7.0,45000,97.0,Hero,7,0.07216494845360824
Hero Passion Pro 110cc Drum 2019,2019,28240.0,first owner,chittorgarh,40.0,9.3,50000,110.0,Hero,5,0.08454545454545455
Hero Passion Pro 100cc Drum Alloy 2018,2018,30000.0,first owner,chittorgarh,5.0,8.2,42000,100.0,Hero,6,0.08199999999999999
Bajaj Pulsar 220cc 2010,2010,38000.0,second owner,dehradun,38.0,21.0,30000,220.0,Bajaj,14,0.09545454545454546
Bajaj Avenger Street 150 2017,2017,9563.0,second owner,navi mumbai,45.0,14.3,39000,150.0,Bajaj,7,0.09533333333333334
Suzuki Gixxer 250cc 2019,2019,23000.0,first owner,lucknow,40.0,26.1,70000,250.0,Suzuki,5,0.1044
Hero Passion Pro 100cc 2011,2011,67000.0,first owner,delhi,5.0,8.2,26000,100.0,Hero,13,0.08199999999999999
Hero Passion Pro 100cc 2011,2011,56194.0,first owner,delhi,5.0,8.2,20000,100.0,Hero,13,0.08199999999999999
Bajaj Pulsar 150cc 2014,2014,65.0,first owner,pune,65.0,14.85,40000,150.0,Bajaj,10,0.09899999999999999
Yamaha FZs 150cc 2014,2014,27000.0,second owner,hyderabad,45.0,13.0,48500,150.0,Yamaha,10,0.08666666666666667
Yamaha SZ RR V 2.0 150cc 2013,2013,37788.0,first owner,siliguri,50.0,11.9,43000,150.0,Yamaha,11,0.07933333333333334
TVS Apache RTR 180cc 2017,2017,45.0,first owner,bengaluru,45.0,17.2,80000,180.0,TVS,7,0.09555555555555555
Bajaj Pulsar RS200 2018,2018,35.0,first owner,delhi,35.0,24.5,110000,200.0,Bajaj,6,0.1225
Bajaj Pulsar RS200 2015,2015,35.0,first owner,pune,35.0,24.16,76300,200.0,Bajaj,9,0.1208
Yamaha YZF-R15 V3 150CC ABS 2019,2019,5700.0,first owner,gurgaon,40.0,18.7,117500,150.0,Yamaha,5,0.12466666666666666
Yamaha YZF-R15 V3 150CC ABS 2019,2019,19000.0,first owner,rajkot,40.0,18.7,125000,150.0,Yamaha,5,0.12466666666666666
Royal Enfield Classic 350cc 2014,2014,23000.0,first owner,bangalore,35.0,19.8,114500,350.0,Royal Enfield,10,0.05657142857142857
Bajaj Pulsar RS200 ABS 2018,2018,35.0,first owner,agra,35.0,24.5,100000,200.0,Bajaj,6,0.1225
Bajaj Pulsar RS200 ABS 2017,2017,35.0,first owner,bhiwandi,35.0,24.5,115000,200.0,Bajaj,7,0.1225
KTM RC 200cc 2016,2016,28000.0,first owner,pune,35.0,25.1,90000,200.0,KTM,8,0.1255
Honda SP125 Disc BS6 2020,2020,5000.0,first owner,patna,40.0,10.72,81000,125.0,Honda,4,0.08576
TVS Apache RR310 2019,2019,25000.0,first owner,udaipur,22.0,33.0,95000,310.0,TVS,5,0.1064516129032258
Bajaj Pulsar 220F 2019,2019,9000.0,first owner,bangalore,38.0,21.0,114125,220.0,Bajaj,5,0.09545454545454546
Royal Enfield Classic 350cc 2016,2016,39500.0,first owner,bihar shariff,35.0,19.8,95000,350.0,Royal Enfield,8,0.05657142857142857
Yamaha FZS FI 150cc 2017,2017,58.0,first owner,hyderabad,58.0,13.0,72000,150.0,Yamaha,7,0.08666666666666667
Royal Enfield Continental GT 535cc 2015,2015,1600.0,first owner,jalandhar,26.0,29.1,165000,535.0,Royal Enfield,9,0.05439252336448598
Yamaha YZF-R15 150cc 2008,2008,42821.0,first owner,mumbai,42.0,16.0,42000,150.0,Yamaha,16,0.10666666666666667
Royal Enfield Bullet 350cc ES EFI BS6 2020,2020,37.0,first owner,bangalore,37.0,19.8,150000,350.0,Royal Enfield,4,0.05657142857142857
Bajaj Pulsar 150cc 2018,2018,65.0,first owner,chittorgarh,65.0,15.0,58000,150.0,Bajaj,6,0.1
Bajaj Platina  Alloy ES-100cc 2019,2019,104.0,first owner,chittorgarh,104.0,8.2,57000,100.0,Bajaj,5,0.08199999999999999
Bajaj Discover 110cc 2019,2019,40000.0,first owner,chittorgarh,40.0,8.6,45000,110.0,Bajaj,5,0.07818181818181817
Royal Enfield Bullet Electra 350cc 2012,2012,15990.0,first owner,delhi,40.0,19.8,70000,350.0,Royal Enfield,12,0.05657142857142857
Bajaj Pulsar 220F 2018,2018,18000.0,first owner,vadodara,38.0,21.0,75000,220.0,Bajaj,6,0.09545454545454546
Honda CB Shine 125cc 2007,2007,65.0,first owner,mumbai,65.0,10.0,9000,125.0,Honda,17,0.08
Yamaha YZF-R15 2.0 150cc 2017,2017,29500.0,first owner,hyderabad,42.0,16.7,87500,150.0,Yamaha,7,0.11133333333333333
Hero Ignitor 125cc 2013,2013,52000.0,first owner,visakhapatnam,55.0,11.0,30000,125.0,Hero,11,0.088
Yamaha MT-15 150cc Special Edition BS6 2021,2021,500.0,first owner,hyderabad,40.0,18.23,150500,150.0,Yamaha,3,0.12153333333333334
Bajaj Pulsar NS160 2018,2018,11000.0,second owner,delhi,40.0,15.5,90000,160.0,Bajaj,6,0.096875
Hero HF Deluxe Eco 100cc 2018,2018,7259.0,first owner,pune,65.0,8.1,22500,100.0,Hero,6,0.081
Royal Enfield Thunderbird X 500cc ABS 2019,2019,4600.0,first owner,mumbai,40.0,27.2,181562,500.0,Royal Enfield,5,0.0544
Bajaj Dominar 400 ABS 2018,2018,28.0,first owner,mumbai,28.0,34.5,145250,400.0,Bajaj,6,0.08625
Hero Xtreme 200R ABS 2019,2019,40000.0,first owner,chittorgarh,39.4,18.1,70000,200.0,Hero,5,0.09050000000000001
Yamaha YZF-R15 2.0 150cc 2016,2016,45000.0,second owner,bangalore,42.0,16.7,92000,150.0,Yamaha,8,0.11133333333333333
Bajaj CT 100 100cc 2018,2018,38000.0,first owner,chittorgarh,89.0,8.1,45000,100.0,Bajaj,6,0.081
Honda CB Hornet 160R CBS 2016,2016,52.0,first owner,mumbai,52.0,15.44,38000,160.0,Honda,8,0.0965
Hero Achiever Disc 150cc 2018,2018,48000.0,first owner,chittorgarh,45.0,13.0,48000,150.0,Hero,6,0.08666666666666667
Royal Enfield Classic 350 S ABS 2020,2020,13000.0,first owner,mumbai,35.0,19.8,207500,350.0,Royal Enfield,4,0.05657142857142857
Royal Enfield Classic 350cc ABS 2019,2019,16000.0,first owner,mumbai,35.0,19.8,176375,350.0,Royal Enfield,5,0.05657142857142857
Yamaha FZs 150cc 2014,2014,39000.0,first owner,pune,45.0,13.0,49800,150.0,Yamaha,10,0.08666666666666667
Yamaha Fazer 150cc 2014,2014,45.0,first owner,mumbai,45.0,13.0,30000,150.0,Yamaha,10,0.08666666666666667
Bajaj Pulsar 150cc 2003,2003,126.0,first owner,thiruvananthapuram,65.0,15.0,24501,150.0,Bajaj,21,0.1
Bajaj Discover 100cc 2011,2011,80.0,first owner,mumbai,80.0,7.7,28000,100.0,Bajaj,13,0.077
Bajaj CT 100 100cc 2016,2016,15745.0,first owner,bangalore,89.0,8.1,20180,100.0,Bajaj,8,0.081
Suzuki Gixxer 150cc 2016,2016,26300.0,first owner,bangalore,63.0,14.0,50000,150.0,Suzuki,8,0.09333333333333334
Hero Splendor Plus Special Edition IBS 2019,2019,75000.0,first owner,ahmedabad,55.0,8.2,30000,97.0,Hero,5,0.0845360824742268
Hero Karizma R 223cc 2010,2010,65000.0,first owner,pune,40.0,17.0,40000,223.0,Hero,14,0.07623318385650224
Bajaj Pulsar 220F 2018,2018,15000.0,first owner,bangalore,38.0,21.0,76775,220.0,Bajaj,6,0.09545454545454546
Yamaha MT-15 150cc 2019,2019,26000.0,first owner,bangalore,40.0,19.0,115000,150.0,Yamaha,5,0.12666666666666668
KTM RC 200cc 2017,2017,20000.0,first owner,bareilly,35.0,25.1,155000,200.0,KTM,7,0.1255
Hero Splendor ISmart Self Drum Alloy 2017,2017,43000.0,first owner,chittorgarh,45.0,7.0,49000,97.0,Hero,7,0.07216494845360824
Bajaj Pulsar 150cc 2017,2017,65.0,first owner,thane,65.0,15.0,58400,150.0,Bajaj,7,0.1
Yamaha YZF-R15 V3 150cc 2018,2018,20167.0,first owner,bathinda,40.0,18.7,118500,150.0,Yamaha,6,0.12466666666666666
Bajaj Dominar 400 ABS 2019,2019,28.0,first owner,kannur,28.0,34.5,165200,400.0,Bajaj,5,0.08625
Royal Enfield Thunderbird 500cc 2017,2017,40000.0,first owner,visakhapatnam,25.0,27.2,150500,500.0,Royal Enfield,7,0.0544
Royal Enfield Standard 350cc 2019,2019,30.0,first owner,gurgaon,30.0,18.0,130000,350.0,Royal Enfield,5,0.05142857142857143
Hyosung GD250R 2021,2021,185.0,first owner,chennai,40.0,19.0,127500,250.0,Hyosung,3,0.076
Hero Splendor Plus SELF ALLOY i3s 100cc 2021,2021,956.0,first owner,delhi,55.0,7.91,73000,100.0,Hero,3,0.0791
Honda Dream Neo 110cc 2015,2015,84.0,first owner,chennai,84.0,8.25,31000,110.0,Honda,9,0.075
Royal Enfield Thunderbird X 350cc 2019,2019,28700.0,first owner,surat,40.0,19.8,170000,350.0,Royal Enfield,5,0.05657142857142857
Honda Hornet 2.0 2021,2021,8300.0,first owner,mumbai,40.0,17.03,120000,184.0,Honda,3,0.09255434782608696
Bajaj Avenger Street 220 2018,2018,9097.0,first owner,gurgaon,53.0,19.0,70000,220.0,Bajaj,6,0.08636363636363636
Bajaj Avenger Street 150 2017,2017,15950.0,first owner,hyderabad,45.0,14.3,67500,150.0,Bajaj,7,0.09533333333333334
Yamaha FZ25 250cc 2018,2018,17000.0,first owner,hyderabad,43.0,20.3,98500,250.0,Yamaha,6,0.08120000000000001
Yamaha FZs 150cc 2013,2013,22605.0,second owner,delhi,45.0,13.0,35000,150.0,Yamaha,11,0.08666666666666667
TVS Apache RTR 160cc 2014,2014,20372.0,first owner,delhi,40.0,15.2,42000,160.0,TVS,10,0.095
Honda Livo 110cc 2015,2015,55.0,first owner,vadodara,55.0,8.25,37500,110.0,Honda,9,0.075
Hero Passion Pro 100cc 2013,2013,23000.0,first owner,vadodara,5.0,8.2,34000,100.0,Hero,11,0.08199999999999999
Royal Enfield Bullet 350cc 2015,2015,5800.0,first owner,delhi,37.0,19.8,110000,350.0,Royal Enfield,9,0.05657142857142857
Royal Enfield Classic 500cc 2015,2015,25000.0,second owner,bangalore,32.0,27.2,125000,500.0,Royal Enfield,9,0.0544
Hero Passion Pro 100cc 2016,2016,25000.0,first owner,kurukshetra,5.0,8.2,18750,100.0,Hero,8,0.08199999999999999
Yamaha YZF-R15 2.0 150cc 2015,2015,15671.0,second owner,delhi,42.0,16.7,65000,150.0,Yamaha,9,0.11133333333333333
Royal Enfield Classic 350cc ABS BS6 2021,2021,1300.0,first owner,mumbai,35.0,19.1,207500,350.0,Royal Enfield,3,0.054571428571428576
Husqvarna Vitpilen 250 2020,2020,2500.0,first owner,mumbai,31.85,29.63,202312,250.0,Husqvarna,4,0.11852
Royal Enfield Himalayan 410cc Sleet Edition 2018,2018,22000.0,first owner,hyderabad,32.0,24.5,175000,410.0,Royal Enfield,6,0.05975609756097561
Bajaj Pulsar NS200 2013,2013,35.0,first owner,pune,35.0,23.19,47000,200.0,Bajaj,11,0.11595000000000001
TVS Apache RR310 BS6 2020,2020,450.0,first owner,hyderabad,22.0,33.0,263000,310.0,TVS,4,0.1064516129032258
Bajaj Pulsar RS200 ABS 2016,2016,35.0,first owner,bangalore,35.0,24.5,85000,200.0,Bajaj,8,0.1225
Jawa Forty Two 295CC 2019,2019,4930.0,first owner,moradabad,40.0,27.0,140000,295.0,Jawa,5,0.09152542372881356
TVS Apache RTR 180cc 2018,2018,45.0,first owner,delhi,45.0,17.3,58000,180.0,TVS,6,0.09611111111111112
Hero CBZ Xtreme 150cc 2011,2011,35000.0,first owner,gurgaon,65.0,14.4,25000,150.0,Hero,13,0.096
TVS Sport 100cc 2014,2014,15000.0,first owner,bhagalpur,95.0,7.4,36000,100.0,TVS,10,0.07400000000000001
Hero Passion Pro 100cc 2014,2014,17700.0,first owner,hyderabad,5.0,8.2,38000,100.0,Hero,10,0.08199999999999999
Bajaj Pulsar 220cc 2016,2016,21000.0,first owner,delhi,38.0,21.0,58200,220.0,Bajaj,8,0.09545454545454546
KTM Duke 125cc 2019,2019,11500.0,first owner,bangalore,40.0,14.3,124500,125.0,KTM,5,0.1144
TVS Apache RTR 200 4V ABS Race Edition 2019,2019,40.0,first owner,hyderabad,40.0,20.23,90000,200.0,TVS,5,0.10115
Yamaha FZ S V 2.0 150cc 2015,2015,58.0,first owner,hooghly,58.0,13.0,46000,150.0,Yamaha,9,0.08666666666666667
Bajaj Avenger Street 160 ABS FI BS6 2020,2020,8019.0,first owner,jhunjhunu,53.72,14.79,85000,160.0,Bajaj,4,0.09243749999999999
KTM RC 390cc 2020,2020,930.0,first owner,hyderabad,26.0,42.3,290000,390.0,KTM,4,0.10846153846153846
Bajaj Pulsar 220F 2015,2015,46740.0,first owner,mumbai,38.0,21.0,40000,220.0,Bajaj,9,0.09545454545454546
Royal Enfield Classic 350cc-Redditch Edition ABS 2019,2019,12000.0,first owner,kochi,35.0,19.8,170000,350.0,Royal Enfield,5,0.05657142857142857
KTM Duke 250cc ABS BS6 2020,2020,13000.0,first owner,srikakulam,40.0,29.6,199999,250.0,KTM,4,0.1184
Honda H’ness CB 350 DLX 2020,2020,1475.0,first owner,delhi,45.8,20.78,173300,350.0,Honda,4,0.059371428571428575
Bajaj Dominar 400 ABS 2019,2019,28.0,first owner,jamshedpur,28.0,34.5,157600,400.0,Bajaj,5,0.08625
Royal Enfield Bullet Electra Twinspark 350cc 2015,2015,14300.0,first owner,bangalore,35.0,19.8,100000,350.0,Royal Enfield,9,0.05657142857142857
Royal Enfield Thunderbird 350cc 2016,2016,28000.0,first owner,ahmedabad,40.0,19.8,82050,350.0,Royal Enfield,8,0.05657142857142857
Bajaj Pulsar NS200 2018,2018,42.0,first owner,hazaribagh,42.0,23.2,65000,200.0,Bajaj,6,0.11599999999999999
Bajaj Pulsar NS200 2018,2018,42.0,third owner,delhi,42.0,23.2,56000,200.0,Bajaj,6,0.11599999999999999
Bajaj Pulsar 220F 2016,2016,30000.0,first owner,bangalore,38.0,21.0,70000,220.0,Bajaj,8,0.09545454545454546
Hero Karizma ZMR 223cc 2016,2016,25000.0,first owner,noida,48.0,20.0,46992,223.0,Hero,8,0.08968609865470852
UM Renegade Commando Classic 2019,2019,11000.0,first owner,mumbai,35.0,25.0,115000,279.0,UM,5,0.08960573476702509
Royal Enfield Classic 350cc 2016,2016,2500.0,first owner,delhi,35.0,19.8,117000,350.0,Royal Enfield,8,0.05657142857142857
Royal Enfield Electra 350cc 2017,2017,16781.0,first owner,bangalore,25.0,19.8,112500,350.0,Royal Enfield,7,0.05657142857142857
Bajaj Pulsar 150cc 2013,2013,65.0,first owner,delhi,65.0,14.85,29100,150.0,Bajaj,11,0.09899999999999999
UM Renegade Commando 2017,2017,26000.0,first owner,bangalore,35.0,24.8,77815,279.0,UM,7,0.08888888888888889
TVS Apache RTR 180cc 2015,2015,45.0,first owner,delhi,45.0,17.2,44000,180.0,TVS,9,0.09555555555555555
Yamaha FZS FI 150cc 2018,2018,18000.0,first owner,bangalore,52.0,12.9,74700,150.0,Yamaha,6,0.08600000000000001
Royal Enfield Classic 350cc 2019,2019,7000.0,first owner,chandigarh,35.0,19.8,170000,350.0,Royal Enfield,5,0.05657142857142857
Royal Enfield Classic 350 S ABS 2019,2019,2300.0,first owner,chandigarh,35.0,19.8,195000,350.0,Royal Enfield,5,0.05657142857142857
KTM Duke 125cc 2019,2019,12000.0,first owner,chandigarh,40.0,14.3,135000,125.0,KTM,5,0.1144
Royal Enfield Continental GT 535cc 2015,2015,4600.0,first owner,lucknow,26.0,29.1,135000,535.0,Royal Enfield,9,0.05439252336448598
KTM Duke 200cc 2014,2014,28912.0,second owner,bangalore,35.0,25.0,93999,200.0,KTM,10,0.125
Bajaj Avenger Street 220 2016,2016,7800.0,first owner,bangalore,53.0,19.0,60000,220.0,Bajaj,8,0.08636363636363636
Bajaj Discover 125cc 2017,2017,37000.0,first owner,reasi,65.0,12.5,32250,125.0,Bajaj,7,0.1
Hero Karizma R 223cc 2010,2010,70000.0,first owner,noida,40.0,17.0,19215,223.0,Hero,14,0.07623318385650224
Bajaj Avenger 220cc 2016,2016,50000.0,second owner,pune,40.0,19.0,51000,220.0,Bajaj,8,0.08636363636363636
TVS Apache RTR 160 4V FI 2018,2018,85000.0,second owner,delhi,40.0,16.1,55000,160.0,TVS,6,0.100625
Bajaj Pulsar 150cc 2009,2009,65.0,first owner,delhi,65.0,14.85,14000,150.0,Bajaj,15,0.09899999999999999
TVS Apache RR310 BS6 2021,2021,3500.0,first owner,delhi,22.0,33.0,249000,310.0,TVS,3,0.1064516129032258
KTM RC 390cc 2016,2016,3400.0,second owner,gurgaon,26.0,42.3,150000,390.0,KTM,8,0.10846153846153846
Bajaj CT 100 100cc 2020,2020,6500.0,first owner,jalandhar,89.0,8.1,55000,100.0,Bajaj,4,0.081
Bajaj V12 125cc 2017,2017,36500.0,first owner,ludhiana,57.0,12.0,55000,125.0,Bajaj,7,0.096
KTM RC 200cc ABS 2020,2020,3500.0,first owner,chandigarh,35.0,25.1,215000,200.0,KTM,4,0.1255
Royal Enfield Classic 350cc 2018,2018,4900.0,first owner,chandigarh,35.0,19.8,165000,350.0,Royal Enfield,6,0.05657142857142857
Royal Enfield Classic 350cc 2019,2019,14500.0,first owner,ambala,35.0,19.8,157000,350.0,Royal Enfield,5,0.05657142857142857
Royal Enfield Classic 350cc ABS Stealth Black BS6 2020,2020,6000.0,first owner,chandigarh,35.0,19.1,210000,350.0,Royal Enfield,4,0.054571428571428576
Royal Enfield Bullet 350cc 2019,2019,8000.0,first owner,chandigarh,40.0,19.8,160000,350.0,Royal Enfield,5,0.05657142857142857
Honda CB Shine 125cc Disc 2014,2014,65.0,first owner,bangalore,65.0,10.0,47000,125.0,Honda,10,0.08
Bajaj Avenger Cruise 220 2018,2018,3600.0,first owner,chandigarh,35.0,19.0,115000,220.0,Bajaj,6,0.08636363636363636
Royal Enfield Bullet Electra 350cc 2009,2009,14000.0,second owner,chandigarh,30.0,19.8,125000,350.0,Royal Enfield,15,0.05657142857142857
Royal Enfield Thunderbird 350cc 2012,2012,49000.0,first owner,panchkula,40.0,19.8,73000,350.0,Royal Enfield,12,0.05657142857142857
TVS Apache 150cc 2012,2012,45.0,second owner,chandigarh,45.0,13.7,58000,150.0,TVS,12,0.09133333333333332
Jawa Forty Two 295CC Dual ABS BS6 2020,2020,5000.0,first owner,pune,40.0,27.0,190000,295.0,Jawa,4,0.09152542372881356
Royal Enfield Classic 350cc ABS Stormrider Sand BS6 2020,2020,13000.0,first owner,chandigarh,35.0,19.1,209000,350.0,Royal Enfield,4,0.054571428571428576
Royal Enfield Classic 500cc ABS 2019,2019,8000.0,first owner,chandigarh,35.0,27.2,205000,500.0,Royal Enfield,5,0.0544
Honda Dream Yuga 110cc 2017,2017,84.0,first owner,ahmedabad,84.0,8.25,52000,110.0,Honda,7,0.075
Royal Enfield Classic 350cc 2018,2018,7000.0,first owner,chandigarh,35.0,19.8,170000,350.0,Royal Enfield,6,0.05657142857142857
Yamaha YZF-R15 150cc 2016,2016,18000.0,first owner,ambala,42.0,16.0,65000,150.0,Yamaha,8,0.10666666666666667
Royal Enfield Thunderbird 350cc 2018,2018,4000.0,first owner,jalandhar,40.0,19.8,150000,350.0,Royal Enfield,6,0.05657142857142857
Royal Enfield Classic 350cc 2019,2019,12000.0,first owner,delhi,35.0,19.8,162000,350.0,Royal Enfield,5,0.05657142857142857
Royal Enfield Himalayan 410cc Fi ABS BS6 2020,2020,3000.0,first owner,delhi,32.0,24.3,210000,410.0,Royal Enfield,4,0.05926829268292683
Mahindra Centuro 110cc 2014,2014,38000.0,first owner,hyderabad,60.0,8.5,33000,110.0,Mahindra,10,0.07727272727272727
Bajaj CT 100 Spoke 2016,2016,28800.0,first owner,bangalore,67.0,8.1,39000,100.0,Bajaj,8,0.081
Hero HF Deluxe Kick Alloy 100cc 2019,2019,36000.0,first owner,chittorgarh,55.0,6.15,53000,100.0,Hero,5,0.061500000000000006
Royal Enfield Classic Gunmetal Grey 350cc ABS Alloy BS6 2020,2020,5659.0,first owner,mumbai,35.0,19.1,185000,350.0,Royal Enfield,4,0.054571428571428576
Yamaha FZ S V 2.0 150cc 2015,2015,58.0,second owner,jalandhar,58.0,13.0,73000,150.0,Yamaha,9,0.08666666666666667
Royal Enfield Standard 350cc 2018,2018,37.0,first owner,jalandhar,37.0,19.8,150000,350.0,Royal Enfield,6,0.05657142857142857
Yamaha FZ V 2.0 150cc 2016,2016,58.0,first owner,delhi,58.0,13.0,37500,150.0,Yamaha,8,0.08666666666666667
Bajaj Pulsar 150cc 2012,2012,65.0,first owner,delhi,65.0,14.85,24000,150.0,Bajaj,12,0.09899999999999999
Suzuki Gixxer 150cc 2015,2015,39000.0,first owner,bangalore,63.0,14.0,46500,150.0,Suzuki,9,0.09333333333333334
Bajaj Avenger 220cc 2011,2011,39000.0,first owner,ahmedabad,40.0,19.0,27899,220.0,Bajaj,13,0.08636363636363636
TVS Apache RR310 2017,2017,21500.0,first owner,patna,22.0,33.0,35000,310.0,TVS,7,0.1064516129032258
Honda CB Unicorn 160 STD 2019,2019,52.0,first owner,mumbai,52.0,13.82,99000,160.0,Honda,5,0.08637500000000001
Suzuki Gixxer SF 150cc ABS 2019,2019,13700.0,first owner,mumbai,40.0,14.6,110000,150.0,Suzuki,5,0.09733333333333333
Honda CB Unicorn 160 ABS BS6 2021,2021,4890.0,first owner,mumbai,55.0,12.5,112000,160.0,Honda,3,0.078125
Royal Enfield Bullet Electra 350cc 2011,2011,38998.0,first owner,bangalore,40.0,19.8,95000,350.0,Royal Enfield,13,0.05657142857142857
Hero Splendor Plus 100cc 2017,2017,18649.0,first owner,bathinda,81.0,8.2,49500,100.0,Hero,7,0.08199999999999999
Bajaj CT 100 100cc 2015,2015,15648.0,second owner,bathinda,89.0,8.1,32500,100.0,Bajaj,9,0.081
Yamaha Crux 110cc 2014,2014,60.0,first owner,hyderabad,60.0,7.5,28000,110.0,Yamaha,10,0.06818181818181818
Hero Glamour 125cc 2014,2014,42000.0,first owner,hyderabad,55.0,8.9,38000,125.0,Hero,10,0.0712
Royal Enfield Classic Desert Storm 500cc 2013,2013,29000.0,first owner,chandigarh,32.0,27.2,130000,500.0,Royal Enfield,11,0.0544
Hero Splendor Plus 100cc 2014,2014,52000.0,first owner,hyderabad,81.0,8.2,39000,100.0,Hero,10,0.08199999999999999
Bajaj Discover 125cc 2013,2013,40000.0,first owner,hyderabad,65.0,12.5,32000,125.0,Bajaj,11,0.1
Hero Glamour 125cc 2014,2014,46000.0,first owner,hyderabad,55.0,8.9,39000,125.0,Hero,10,0.0712
Royal Enfield Bullet 350cc 2013,2013,38000.0,first owner,hyderabad,37.0,19.8,120000,350.0,Royal Enfield,11,0.05657142857142857
Honda CB Shine 125cc 2015,2015,65.0,first owner,ahmedabad,65.0,10.0,25000,125.0,Honda,9,0.08
KTM Duke 390cc 2016,2016,31000.0,first owner,mumbai,25.0,42.9,135000,390.0,KTM,8,0.11
Bajaj Pulsar 150cc 2009,2009,65.0,first owner,jaipur,65.0,14.85,15000,150.0,Bajaj,15,0.09899999999999999
Royal Enfield Bullet 350cc 2019,2019,2500.0,first owner,chandigarh,40.0,19.8,160000,350.0,Royal Enfield,5,0.05657142857142857
TVS Apache RTR 160cc 2011,2011,60.0,first owner,bangalore,60.0,15.2,40000,160.0,TVS,13,0.095
Bajaj V15 150cc 2016,2016,25300.0,first owner,bangalore,57.0,11.8,45000,150.0,Bajaj,8,0.07866666666666668
Bajaj Pulsar RS200 2015,2015,35.0,fourth owner or more,delhi,35.0,24.16,41000,200.0,Bajaj,9,0.1208
Royal Enfield Classic Gunmetal Grey 350cc 2017,2017,16805.0,first owner,delhi,35.0,19.8,132000,350.0,Royal Enfield,7,0.05657142857142857
Royal Enfield Classic 350cc 2016,2016,19837.0,first owner,delhi,35.0,19.8,110000,350.0,Royal Enfield,8,0.05657142857142857
Royal Enfield Classic 350cc 2018,2018,13562.0,first owner,delhi,35.0,19.8,125000,350.0,Royal Enfield,6,0.05657142857142857
Royal Enfield Classic 350cc ABS 2019,2019,6500.0,first owner,chandigarh,35.0,19.8,190000,350.0,Royal Enfield,5,0.05657142857142857
KTM RC 200cc 2018,2018,32000.0,second owner,balotra,35.0,25.1,130000,200.0,KTM,6,0.1255
Royal Enfield Thunderbird 350cc 2003,2003,15000.0,second owner,hyderabad,30.0,19.8,160000,350.0,Royal Enfield,21,0.05657142857142857
Royal Enfield Thunderbird 350cc 2016,2016,13400.0,first owner,gurgaon,40.0,19.8,111100,350.0,Royal Enfield,8,0.05657142857142857
TVS Apache RTR 180cc 2016,2016,45.0,first owner,delhi,45.0,17.3,48000,180.0,TVS,8,0.09611111111111112
TVS Apache RTR 160 4V FI 2019,2019,95000.0,second owner,delhi,40.0,16.1,55000,160.0,TVS,5,0.100625
Royal Enfield Thunderbird 350cc 2018,2018,14494.0,first owner,bangalore,40.0,19.8,148000,350.0,Royal Enfield,6,0.05657142857142857
Royal Enfield Classic 350cc 2017,2017,15000.0,first owner,rajkot,35.0,19.8,133000,350.0,Royal Enfield,7,0.05657142857142857
TVS Apache RTR 160cc 2018,2018,60.0,first owner,mumbai,60.0,15.2,55000,160.0,TVS,6,0.095
TVS Apache RTR 160 4V FI 2019,2019,95000.0,second owner,mumbai,40.0,16.1,61000,160.0,TVS,5,0.100625
TVS Apache RTR 160cc 2017,2017,60.0,first owner,mumbai,60.0,15.2,51000,160.0,TVS,7,0.095
Yamaha FZs 150cc 2012,2012,47500.0,first owner,bangalore,45.0,13.0,35000,150.0,Yamaha,12,0.08666666666666667
Royal Enfield Electra 350cc 2016,2016,25000.0,first owner,rajkot,25.0,19.8,89280,350.0,Royal Enfield,8,0.05657142857142857
Bajaj Avenger Street 150 2017,2017,30971.0,first owner,mumbai,45.0,14.3,55000,150.0,Bajaj,7,0.09533333333333334
Bajaj Avenger 220cc 2014,2014,25600.0,first owner,mumbai,40.0,19.0,36312,220.0,Bajaj,10,0.08636363636363636
Royal Enfield Thunderbird 350cc 2013,2013,50000.0,second owner,jalandhar,40.0,19.8,86000,350.0,Royal Enfield,11,0.05657142857142857
Royal Enfield Bullet Electra Twinspark 350cc 2015,2015,24000.0,first owner,bangalore,35.0,19.8,110000,350.0,Royal Enfield,9,0.05657142857142857
Yamaha FZs 150cc 2013,2013,25500.0,first owner,jaipur,45.0,13.0,35000,150.0,Yamaha,11,0.08666666666666667
Bajaj CT 100 100cc 2006,2006,125000.0,first owner,sonipat,89.0,8.1,9900,100.0,Bajaj,18,0.081
Royal Enfield Thunderbird 350cc 2017,2017,30500.0,first owner,gurgaon,40.0,19.8,150000,350.0,Royal Enfield,7,0.05657142857142857
TVS Apache RTR 160cc 2020,2020,60.0,second owner,delhi,60.0,15.2,56000,160.0,TVS,4,0.095
TVS Apache RTR 160cc 2014,2014,60.0,first owner,delhi,60.0,15.2,39000,160.0,TVS,10,0.095
Honda CB Hornet 160R STD 2017,2017,52.0,first owner,gurgaon,52.0,15.44,54000,160.0,Honda,7,0.0965
Bajaj Pulsar 150cc 2018,2018,65.0,first owner,bangalore,65.0,15.0,70000,150.0,Bajaj,6,0.1
TVS Apache RTR 160cc 2017,2017,60.0,first owner,delhi,60.0,15.2,62000,160.0,TVS,7,0.095
TVS Apache RTR 180cc 2015,2015,45.0,first owner,delhi,45.0,17.2,52000,180.0,TVS,9,0.09555555555555555
Yamaha FZs 150cc 2016,2016,8500.0,first owner,delhi,45.0,13.0,54000,150.0,Yamaha,8,0.08666666666666667
Hero Passion Pro 100cc 2014,2014,40000.0,second owner,ahmedabad,5.0,8.2,24910,100.0,Hero,10,0.08199999999999999
Bajaj Pulsar 150cc 2014,2014,65.0,first owner,delhi,65.0,14.85,32500,150.0,Bajaj,10,0.09899999999999999
Royal Enfield Bullet Electra 350cc 2016,2016,15000.0,first owner,delhi,40.0,19.8,95000,350.0,Royal Enfield,8,0.05657142857142857
Bajaj Pulsar 150cc 2007,2007,65.0,first owner,delhi,65.0,14.85,10000,150.0,Bajaj,17,0.09899999999999999
Hero Passion Xpro Drum 2018,2018,10143.0,first owner,delhi,55.0,8.0,41500,109.0,Hero,6,0.07339449541284404
Royal Enfield Bullet 500cc 2016,2016,16000.0,second owner,kochi,25.0,26.37,65000,500.0,Royal Enfield,8,0.05274
Hero Splendor Plus 100cc 2017,2017,14500.0,first owner,delhi,81.0,8.2,42500,100.0,Hero,7,0.08199999999999999
Royal Enfield Classic 350cc 2016,2016,20000.0,second owner,bangalore,35.0,19.8,149000,350.0,Royal Enfield,8,0.05657142857142857
Yamaha FZ S V 2.0 150cc Rear Disc 2018,2018,58.0,first owner,bangalore,58.0,13.0,95000,150.0,Yamaha,6,0.08666666666666667
Honda CB Trigger 150cc 2013,2013,60.0,first owner,bangalore,60.0,14.0,52000,150.0,Honda,11,0.09333333333333334
Hero Splendor iSmart 110cc 2017,2017,16000.0,first owner,bangalore,55.0,9.3,56000,110.0,Hero,7,0.08454545454545455
Hero Splendor iSmart 100cc 2016,2016,20000.0,first owner,bangalore,55.0,8.2,55000,100.0,Hero,8,0.08199999999999999
Bajaj Pulsar 220cc 2016,2016,22000.0,first owner,bangalore,38.0,21.0,75000,220.0,Bajaj,8,0.09545454545454546
Bajaj Pulsar NS200 2015,2015,16000.0,first owner,bangalore,40.0,24.2,79999,200.0,Bajaj,9,0.121
Suzuki Gixxer 150cc 2017,2017,30500.0,first owner,kolkata,63.0,14.0,56000,150.0,Suzuki,7,0.09333333333333334
Hero HF Deluxe Eco 100cc 2018,2018,7259.0,first owner,delhi,65.0,8.1,22500,100.0,Hero,6,0.081
Hero Super Splendor 125cc 2019,2019,45990.0,first owner,chittorgarh,75.0,9.0,58000,125.0,Hero,5,0.072
Hero New Super Splendor 125cc SX 2019,2019,15500.0,second owner,bangalore,75.0,9.0,35000,125.0,Hero,5,0.072
Bajaj Pulsar NS200 2018,2018,42.0,first owner,mumbai,42.0,23.2,85000,200.0,Bajaj,6,0.11599999999999999
Jawa Forty Two 295CC 2019,2019,600.0,first owner,ludhiana,40.0,27.0,162000,295.0,Jawa,5,0.09152542372881356
Bajaj Avenger Street 220 2017,2017,35364.0,second owner,mumbai,53.0,19.0,69000,220.0,Bajaj,7,0.08636363636363636
UM Renegade Sport S 2017,2017,2500.0,first owner,chandigarh,35.0,24.8,150000,279.0,UM,7,0.08888888888888889
Yamaha FZ S V 2.0 150cc 2015,2015,58.0,first owner,pune,58.0,13.0,60000,150.0,Yamaha,9,0.08666666666666667
Bajaj Pulsar RS200 2017,2017,35.0,first owner,mumbai,35.0,24.5,99000,200.0,Bajaj,7,0.1225
Bajaj Platina Alloy ES-110cc 2019,2019,104.0,first owner,mumbai,104.0,8.2,55000,110.0,Bajaj,5,0.07454545454545454
Royal Enfield Thunderbird 350cc 2017,2017,4333.0,first owner,mumbai,40.0,19.8,130900,350.0,Royal Enfield,7,0.05657142857142857
KTM Duke 125cc BS6 2021,2021,3800.0,first owner,jind,40.0,14.3,175000,125.0,KTM,3,0.1144
Royal Enfield Classic 350cc-Redditch Edition ABS 2019,2019,9301.0,first owner,mumbai,35.0,19.8,175000,350.0,Royal Enfield,5,0.05657142857142857
Royal Enfield Bullet 350cc 2019,2019,8000.0,first owner,ludhiana,40.0,19.8,155000,350.0,Royal Enfield,5,0.05657142857142857
Royal Enfield Thunderbird X 350cc ABS 2019,2019,11573.0,first owner,trivandrum,40.0,19.8,160000,350.0,Royal Enfield,5,0.05657142857142857
Royal Enfield Classic 350cc 2015,2015,35000.0,first owner,delhi,35.0,19.8,99999,350.0,Royal Enfield,9,0.05657142857142857
Royal Enfield Thunderbird 500cc 2013,2013,78000.0,first owner,noida,25.0,27.2,106683,500.0,Royal Enfield,11,0.0544
Suzuki Gixxer 150cc 2016,2016,18546.0,first owner,bangalore,63.0,14.0,56430,150.0,Suzuki,8,0.09333333333333334
Bajaj Pulsar 180cc 2016,2016,25440.0,first owner,chennai,65.0,17.0,45000,180.0,Bajaj,8,0.09444444444444444
TVS Apache RTR 160cc 2018,2018,60.0,first owner,delhi,60.0,15.2,51000,160.0,TVS,6,0.095
TVS Apache RTR 160cc 2011,2011,60.0,first owner,delhi,60.0,15.2,29000,160.0,TVS,13,0.095
Bajaj Pulsar 150cc ABS FI BS6 2020,2020,55.0,first owner,bangalore,55.0,13.8,77815,150.0,Bajaj,4,0.092
Bajaj Pulsar 180F 2019,2019,9500.0,first owner,bangalore,40.0,17.0,77815,180.0,Bajaj,5,0.09444444444444444
TVS Apache RTR 200 4V Carburetor 2018,2018,40.0,first owner,mumbai,40.0,20.7,75000,200.0,TVS,6,0.1035
Bajaj Pulsar 220cc 2015,2015,49000.0,first owner,mumbai,38.0,21.0,54000,220.0,Bajaj,9,0.09545454545454546
Royal Enfield Classic 350cc 2018,2018,9000.0,first owner,ludhiana,35.0,19.8,130000,350.0,Royal Enfield,6,0.05657142857142857
Honda CB Trigger 150cc 2014,2014,23000.0,first owner,mumbai,60.0,14.0,38000,150.0,Honda,10,0.09333333333333334
Suzuki Slingshot Plus 125cc 2016,2016,32568.0,first owner,bangalore,59.0,8.5,25700,125.0,Suzuki,8,0.068
TVS Apache RTR 160cc 2008,2008,60.0,first owner,delhi,60.0,15.2,17000,160.0,TVS,16,0.095
Honda CBR 150R 150cc 2012,2012,32000.0,fourth owner or more,navi mumbai,38.0,18.28,40000,150.0,Honda,12,0.12186666666666668
Bajaj Pulsar 150cc 2013,2013,65.0,second owner,ahmedabad,65.0,14.85,27899,150.0,Bajaj,11,0.09899999999999999
Bajaj Pulsar NS200 ABS 2019,2019,42.0,first owner,noida,42.0,23.2,102086,200.0,Bajaj,5,0.11599999999999999
Royal Enfield Bullet Electra 350cc 2015,2015,42000.0,first owner,delhi,40.0,19.8,70000,350.0,Royal Enfield,9,0.05657142857142857
Bajaj Pulsar NS160 2017,2017,45000.0,first owner,delhi,40.0,15.5,56000,160.0,Bajaj,7,0.096875
Bajaj Pulsar NS160 Rear Disc 2018,2018,15000.0,first owner,noida,40.0,15.5,72037,160.0,Bajaj,6,0.096875
Suzuki Gixxer 150cc 2015,2015,29000.0,first owner,mumbai,63.0,14.0,41000,150.0,Suzuki,9,0.09333333333333334
TVS Apache RTR 160cc 2014,2014,60.0,first owner,delhi,60.0,15.2,42400,160.0,TVS,10,0.095
Bajaj Pulsar NS200 2018,2018,42.0,fourth owner or more,delhi,42.0,23.2,39000,200.0,Bajaj,6,0.11599999999999999
Royal Enfield Classic 500cc 2017,2017,29562.0,first owner,bangalore,35.0,27.2,140000,500.0,Royal Enfield,7,0.0544
Royal Enfield Electra 350cc 2009,2009,16080.0,second owner,delhi,37.0,19.0,60000,350.0,Royal Enfield,15,0.054285714285714284
Honda SP125 Drum BS6 2020,2020,3500.0,first owner,mathura,40.0,10.72,62000,125.0,Honda,4,0.08576
Royal Enfield Classic 350cc 2019,2019,1500.0,first owner,delhi,35.0,19.8,184000,350.0,Royal Enfield,5,0.05657142857142857
Hero Splendor Plus i3s 2019,2019,12738.0,first owner,delhi,81.0,8.2,54000,97.0,Hero,5,0.0845360824742268
Royal Enfield Classic 350cc 2018,2018,9100.0,first owner,delhi,35.0,19.8,135000,350.0,Royal Enfield,6,0.05657142857142857
Hero HF Deluxe 100cc 2018,2018,11024.0,first owner,delhi,55.0,6.15,43000,100.0,Hero,6,0.061500000000000006
Royal Enfield Classic 500cc 2012,2012,24500.0,first owner,gurgaon,32.0,27.2,79000,500.0,Royal Enfield,12,0.0544
TVS Apache RTR 160 4V FI 2019,2019,85000.0,second owner,delhi,40.0,16.1,59000,160.0,TVS,5,0.100625
Royal Enfield Classic 350cc-Redditch Edition 2017,2017,58000.0,first owner,visakhapatnam,35.0,19.8,114900,350.0,Royal Enfield,7,0.05657142857142857
Yamaha FZ S V 2.0 150cc 2018,2018,58.0,first owner,delhi,58.0,13.0,60000,150.0,Yamaha,6,0.08666666666666667
Royal Enfield Bullet 350cc 1991,1991,1700.0,first owner,bangalore,37.0,19.8,175000,350.0,Royal Enfield,33,0.05657142857142857
Royal Enfield Classic 350cc Signals Edition 2019,2019,9500.0,first owner,panipat,35.0,19.8,160000,350.0,Royal Enfield,5,0.05657142857142857
Jawa Forty Two 295CC 2019,2019,3200.0,first owner,ghaziabad,40.0,27.0,160000,295.0,Jawa,5,0.09152542372881356
Yamaha FZS-FI V 3.0 150cc ABS BS6 2019,2019,14000.0,first owner,chandigarh,40.0,12.2,110000,150.0,Yamaha,5,0.08133333333333333
Royal Enfield Classic 350cc 2019,2019,700.0,first owner,chandigarh,35.0,19.8,197000,350.0,Royal Enfield,5,0.05657142857142857
UM Renegade Commando 2017,2017,6000.0,first owner,chandigarh,35.0,24.8,145000,279.0,UM,7,0.08888888888888889
Yamaha Fazer 25 250cc 2017,2017,18000.0,first owner,chandigarh,43.0,20.3,115000,250.0,Yamaha,7,0.08120000000000001
Hero Super Splendor 125cc 2008,2008,60000.0,first owner,pune,75.0,9.0,18000,125.0,Hero,16,0.072
Royal Enfield Classic 350cc ABS BS6 2020,2020,1400.0,first owner,chandigarh,35.0,19.1,195000,350.0,Royal Enfield,4,0.054571428571428576
KTM Duke 250cc ABS BS6 2020,2020,4000.0,first owner,jalandhar,40.0,29.6,225000,250.0,KTM,4,0.1184
Royal Enfield Himalayan 410cc 2017,2017,15000.0,second owner,bangalore,32.0,24.5,180000,410.0,Royal Enfield,7,0.05975609756097561
Bajaj Pulsar ABS 220F 2020,2020,200.0,first owner,ludhiana,38.0,21.0,132000,220.0,Bajaj,4,0.09545454545454546
Royal Enfield Electra 350cc 2016,2016,30000.0,first owner,mumbai,25.0,19.8,112800,350.0,Royal Enfield,8,0.05657142857142857
Suzuki Gixxer SF 150cc 2017,2017,18000.0,first owner,kolkata,40.0,14.6,60800,150.0,Suzuki,7,0.09733333333333333
Bajaj Pulsar NS200 2017,2017,42.0,first owner,ghaziabad,42.0,23.2,54000,200.0,Bajaj,7,0.11599999999999999
Suzuki Gixxer SF 250cc ABS 2019,2019,2900.0,first owner,sangli,40.0,26.1,165000,250.0,Suzuki,5,0.1044
Royal Enfield Classic 350cc 2018,2018,11000.0,first owner,chandigarh,35.0,19.8,165000,350.0,Royal Enfield,6,0.05657142857142857
Honda CB Hornet 160R STD 2017,2017,52.0,first owner,mumbai,52.0,15.44,69000,160.0,Honda,7,0.0965
Bajaj Platina  Alloy ES-100cc 2017,2017,104.0,first owner,ludhiana,104.0,8.2,47000,100.0,Bajaj,7,0.08199999999999999
Bajaj Pulsar 220F 2018,2018,9045.0,first owner,mumbai,38.0,21.0,80000,220.0,Bajaj,6,0.09545454545454546
Bajaj Avenger Street 150 2016,2016,11000.0,first owner,jalandhar,50.0,14.3,75000,150.0,Bajaj,8,0.09533333333333334
Royal Enfield Classic 350cc ABS 2019,2019,13230.0,first owner,mumbai,35.0,19.8,175000,350.0,Royal Enfield,5,0.05657142857142857
Royal Enfield Standard 350cc 2017,2017,37.0,second owner,ambala,37.0,19.8,120000,350.0,Royal Enfield,7,0.05657142857142857
Royal Enfield Thunderbird 350cc 2016,2016,8800.0,second owner,ambala,40.0,19.8,110000,350.0,Royal Enfield,8,0.05657142857142857
Honda CB Hornet 160R CBS 2018,2018,52.0,first owner,vadodara,52.0,15.44,82000,160.0,Honda,6,0.0965
Royal Enfield Thunderbird 350cc 2015,2015,10855.0,first owner,delhi,40.0,19.8,95000,350.0,Royal Enfield,9,0.05657142857142857
Royal Enfield Classic 350cc 2016,2016,20671.0,first owner,delhi,35.0,19.8,105000,350.0,Royal Enfield,8,0.05657142857142857
Bajaj Avenger Cruise 220 2016,2016,16000.0,first owner,ahmedabad,35.0,19.0,70000,220.0,Bajaj,8,0.08636363636363636
Royal Enfield Classic 350cc 2015,2015,28500.0,first owner,bangalore,35.0,19.8,115000,350.0,Royal Enfield,9,0.05657142857142857
Royal Enfield Meteor 350 Fireball 2021,2021,3700.0,first owner,kolkata,40.0,20.2,180000,350.0,Royal Enfield,3,0.05771428571428571
TVS Apache RTR 160cc 2018,2018,60.0,first owner,delhi,60.0,15.2,52000,160.0,TVS,6,0.095
KTM RC 200cc ABS 2020,2020,3843.0,first owner,bangalore,35.0,25.1,210000,200.0,KTM,4,0.1255
KTM Duke 200cc 2017,2017,13000.0,second owner,rajkot,35.0,24.6,107500,200.0,KTM,7,0.12300000000000001
Bajaj Pulsar 180cc 2010,2010,95000.0,first owner,delhi,65.0,15.0,17000,180.0,Bajaj,14,0.08333333333333333
TVS Apache RR310 BS6 2021,2021,99000.0,fourth owner or more,delhi,22.0,33.0,103000,310.0,TVS,3,0.1064516129032258
Hero HF Deluxe 100cc 2014,2014,38000.0,first owner,hyderabad,83.0,7.7,38000,100.0,Hero,10,0.077
Honda CB Unicorn 150cc 2014,2014,60.0,first owner,hyderabad,60.0,14.0,38000,150.0,Honda,10,0.09333333333333334
Bajaj Pulsar 150cc 2018,2018,65.0,first owner,hyderabad,65.0,15.0,74000,150.0,Bajaj,6,0.1
Royal Enfield‎ Bullet 350cc 2014,2014,35000.0,first owner,hyderabad,37.0,19.8,125000,350.0,Royal Enfield,10,0.05657142857142857
Honda CB Shine 125cc 2015,2015,65.0,first owner,hyderabad,65.0,10.0,45000,125.0,Honda,9,0.08
Hero HF Deluxe Self 100cc 2015,2015,23000.0,first owner,hyderabad,55.0,6.15,45000,100.0,Hero,9,0.061500000000000006
Honda Dream Yuga 110cc 2014,2014,84.0,first owner,hyderabad,84.0,8.25,39000,110.0,Honda,10,0.075
Bajaj Dominar 400 ABS 2018,2018,28.0,first owner,bangalore,28.0,34.5,150000,400.0,Bajaj,6,0.08625
TVS Apache RTR 160 4V Drum 2018,2018,15000.0,second owner,delhi,40.0,16.1,60500,160.0,TVS,6,0.100625
Bajaj CT 100 100cc 2016,2016,16875.0,first owner,delhi,89.0,8.1,26000,100.0,Bajaj,8,0.081
Hero Passion Pro 100cc Drum Alloy 2019,2019,44000.0,first owner,chittorgarh,5.0,8.2,60000,100.0,Hero,5,0.08199999999999999
Bajaj Avenger 220cc 2016,2016,28300.0,first owner,bangalore,40.0,19.0,55000,220.0,Bajaj,8,0.08636363636363636
Bajaj Platina 100cc 2019,2019,104.0,first owner,chittorgarh,104.0,8.1,48000,100.0,Bajaj,5,0.081
Bajaj Avenger Street 150 2016,2016,16470.0,first owner,pune,50.0,14.3,550000,150.0,Bajaj,8,0.09533333333333334
Bajaj Discover 125cc 2013,2013,48000.0,first owner,chittorgarh,65.0,12.5,32000,125.0,Bajaj,11,0.1
KTM Duke 250cc 2018,2018,12000.0,first owner,chandigarh,40.0,29.6,150000,250.0,KTM,6,0.1184
Yamaha YZF-R15 V3 150cc 2018,2018,13000.0,first owner,delhi,40.0,18.7,112000,150.0,Yamaha,6,0.12466666666666666
Suzuki Slingshot 125cc 2011,2011,33693.0,first owner,ahmedabad,59.0,8.5,25000,125.0,Suzuki,13,0.068
Bajaj Pulsar 150cc 2017,2017,65.0,first owner,jalandhar,65.0,15.0,75000,150.0,Bajaj,7,0.1
Suzuki Gixxer 150cc 2018,2018,17700.0,second owner,bangalore,63.0,14.0,64200,150.0,Suzuki,6,0.09333333333333334
Hero Xtreme 150cc 2013,2013,30000.0,first owner,chittorgarh,50.0,14.2,25000,150.0,Hero,11,0.09466666666666666
Hero Xtreme 150cc 2014,2014,20000.0,first owner,chittorgarh,50.0,14.2,32000,150.0,Hero,10,0.09466666666666666
Royal Enfield‎ Bullet 350cc 2014,2014,35000.0,second owner,ludhiana,37.0,19.8,110000,350.0,Royal Enfield,10,0.05657142857142857
Honda CB Shine 125cc Disc 2019,2019,65.0,first owner,mumbai,65.0,10.0,78000,125.0,Honda,5,0.08
Bajaj Pulsar 180cc 2012,2012,35000.0,second owner,ludhiana,45.0,17.0,40000,180.0,Bajaj,12,0.09444444444444444
KTM RC 125CC 2019,2019,12000.0,first owner,jalandhar,40.0,14.5,165000,125.0,KTM,5,0.116
UM Renegade Commando 2017,2017,18000.0,first owner,ludhiana,35.0,24.8,190000,279.0,UM,7,0.08888888888888889
Royal Enfield Meteor 350 Stellar 2021,2021,800.0,first owner,jalandhar,40.0,20.2,225000,350.0,Royal Enfield,3,0.05771428571428571
Royal Enfield Bullet 350cc 1994,1994,34000.0,second owner,ludhiana,37.0,19.8,78000,350.0,Royal Enfield,30,0.05657142857142857
Royal Enfield‎ Bullet 350cc 1997,1997,45000.0,third owner,ludhiana,37.0,19.8,90000,350.0,Royal Enfield,27,0.05657142857142857
Bajaj CT110 KS Alloy 2019,2019,6555.0,first owner,mumbai,40.0,8.6,58000,110.0,Bajaj,5,0.07818181818181817
Royal Enfield Bullet 350cc 2008,2008,45000.0,first owner,ludhiana,37.0,19.8,140000,350.0,Royal Enfield,16,0.05657142857142857
Bajaj Avenger Street 220 2018,2018,7000.0,first owner,chandigarh,53.0,19.0,100000,220.0,Bajaj,6,0.08636363636363636
Royal Enfield Classic 350cc ABS 2019,2019,600.0,first owner,chandigarh,35.0,19.8,195000,350.0,Royal Enfield,5,0.05657142857142857
Bajaj Pulsar 180cc 2017,2017,12000.0,second owner,chandigarh,65.0,17.0,58000,180.0,Bajaj,7,0.09444444444444444
Yamaha YZF-R15 V3 150cc 2018,2018,10000.0,first owner,chandigarh,40.0,18.7,140000,150.0,Yamaha,6,0.12466666666666666
Hero Ignitor 125cc 2015,2015,15000.0,first owner,ambala,55.0,11.0,27000,125.0,Hero,9,0.088
Bajaj Avenger Street 220 ABS 2019,2019,3200.0,first owner,chandigarh,45.0,14.3,120000,220.0,Bajaj,5,0.065
Royal Enfield Classic 500cc 2010,2010,19500.0,first owner,delhi,32.0,27.2,85500,500.0,Royal Enfield,14,0.0544
Bajaj Platina 100cc 2011,2011,104.0,first owner,bathinda,104.0,8.2,29500,100.0,Bajaj,13,0.08199999999999999
Bajaj CT 100 KS Alloy 2019,2019,10038.0,first owner,bathinda,67.0,8.1,48500,100.0,Bajaj,5,0.081
Bajaj Discover 150cc 2013,2013,70.0,first owner,bathinda,70.0,13.0,29500,150.0,Bajaj,11,0.08666666666666667
TVS Apache 150cc 2007,2007,36486.0,second owner,bathinda,40.0,13.7,19500,150.0,TVS,17,0.09133333333333332
Royal Enfield Thunderbird X 350cc ABS 2019,2019,17200.0,first owner,bangalore,40.0,19.8,182000,350.0,Royal Enfield,5,0.05657142857142857
Honda CB Hornet 160R STD 2016,2016,52.0,first owner,delhi,52.0,15.44,48000,160.0,Honda,8,0.0965
Bajaj Pulsar RS200 2015,2015,35.0,first owner,ahmedabad,35.0,24.16,45000,200.0,Bajaj,9,0.1208
Bajaj Avenger Street 220 2015,2015,42000.0,first owner,howrah,53.0,19.0,55000,220.0,Bajaj,9,0.08636363636363636
Bajaj 4S champion 100cc 1998,1998,45.0,first owner,indore,45.0,7.1,6000,100.0,Bajaj,26,0.071
Bajaj Pulsar 150cc 2018,2018,65.0,first owner,bangalore,65.0,15.0,75000,150.0,Bajaj,6,0.1
Bajaj Pulsar NS200 ABS 2019,2019,42.0,first owner,pune,42.0,23.2,105000,200.0,Bajaj,5,0.11599999999999999
KTM Duke 200cc 2014,2014,30000.0,first owner,bangalore,35.0,25.0,105000,200.0,KTM,10,0.125
Yamaha FZ S V 2.0 150cc Rear Disc 2019,2019,58.0,first owner,bangalore,58.0,13.0,95000,150.0,Yamaha,5,0.08666666666666667
Yamaha FZ16 150cc 2012,2012,58.0,first owner,bangalore,58.0,13.0,53000,150.0,Yamaha,12,0.08666666666666667
TVS Apache RTR 180cc 2016,2016,45.0,first owner,bangalore,45.0,17.3,69000,180.0,TVS,8,0.09611111111111112
Honda CB Shine 125cc Disc 2018,2018,65.0,first owner,bangalore,65.0,10.0,76000,125.0,Honda,6,0.08
Honda CB Hornet 160R CBS 2017,2017,52.0,second owner,bangalore,52.0,15.44,79000,160.0,Honda,7,0.0965
Bajaj Pulsar 180cc 2017,2017,20000.0,first owner,bangalore,65.0,17.0,79000,180.0,Bajaj,7,0.09444444444444444
Honda SP125 Drum BS6 2020,2020,7000.0,first owner,bangalore,40.0,10.72,95000,125.0,Honda,4,0.08576
Yamaha FZ-FI V 3.0 150cc 2019,2019,6000.0,first owner,bangalore,40.0,13.0,105000,150.0,Yamaha,5,0.08666666666666667
Bajaj Pulsar NS200 ABS 2017,2017,42.0,first owner,bangalore,42.0,23.2,105000,200.0,Bajaj,7,0.11599999999999999
Royal Enfield Classic 350cc Dual Disc 2017,2017,16227.0,first owner,mumbai,35.0,19.8,115000,350.0,Royal Enfield,7,0.05657142857142857
Royal Enfield Classic 350 S ABS 2020,2020,7464.0,first owner,mumbai,35.0,19.8,165000,350.0,Royal Enfield,4,0.05657142857142857
Royal Enfield Bullet 350cc 2016,2016,14000.0,first owner,ludhiana,37.0,19.8,135000,350.0,Royal Enfield,8,0.05657142857142857
Suzuki Gixxer 150cc SP Rear Disc 2017,2017,14062.0,first owner,mumbai,63.0,14.0,69000,150.0,Suzuki,7,0.09333333333333334
Hero Splendor Plus i3s 2018,2018,19240.0,first owner,mumbai,81.0,8.2,58000,97.0,Hero,6,0.0845360824742268
KTM Duke 125cc 2018,2018,18140.0,first owner,mumbai,40.0,14.3,115000,125.0,KTM,6,0.1144
Honda Hornet 2.0 2020,2020,5394.0,first owner,mumbai,40.0,17.03,125000,184.0,Honda,4,0.09255434782608696
Bajaj Pulsar 150cc 2009,2009,65.0,first owner,jalandhar,65.0,14.85,45000,150.0,Bajaj,15,0.09899999999999999
Bajaj Avenger Street 150 2016,2016,34300.0,first owner,bangalore,50.0,14.3,56000,150.0,Bajaj,8,0.09533333333333334
Royal Enfield Standard 350cc 2014,2014,40.0,first owner,pilibhit,40.0,19.8,155000,350.0,Royal Enfield,10,0.05657142857142857
Bajaj Avenger 220cc 2014,2014,55000.0,first owner,ghaziabad,40.0,19.0,25000,220.0,Bajaj,10,0.08636363636363636
Royal Enfield Classic 350cc 2018,2018,16000.0,first owner,delhi,35.0,19.8,135000,350.0,Royal Enfield,6,0.05657142857142857
Hero Super Splendor 125cc 2017,2017,30000.0,first owner,delhi,75.0,9.0,40000,125.0,Hero,7,0.072
TVS Apache RTR 200 4V Carburetor Pirelli Tyres Race Edition 2.0 2019,2019,17000.0,first owner,delhi,40.0,16.1,98800,200.0,TVS,5,0.0805
Bajaj Dominar 400 ABS BS6 2020,2020,28.0,first owner,delhi,28.0,39.42,202300,400.0,Bajaj,4,0.09855
Suzuki Gixxer SF Fi 150cc ABS 2018,2018,32000.0,first owner,nagpur,40.0,14.6,65000,150.0,Suzuki,6,0.09733333333333333
Bajaj Pulsar 150cc 2017,2017,65.0,first owner,pune,65.0,15.0,57000,150.0,Bajaj,7,0.1
Bajaj Pulsar 150cc 2016,2016,65.0,first owner,pune,65.0,15.0,53900,150.0,Bajaj,8,0.1
Bajaj Pulsar 200 NS 200cc 2014,2014,11930.0,first owner,navi mumbai,40.0,24.2,43500,200.0,Bajaj,10,0.121
Bajaj Pulsar 150cc 2018,2018,65.0,first owner,pune,65.0,15.0,55000,150.0,Bajaj,6,0.1
Bajaj Avenger Street 150 2016,2016,29000.0,first owner,delhi,50.0,14.3,50000,150.0,Bajaj,8,0.09533333333333334
Bajaj Pulsar 150cc 2010,2010,65.0,first owner,pune,65.0,14.85,19000,150.0,Bajaj,14,0.09899999999999999
Bajaj Pulsar 180cc 2010,2010,22000.0,first owner,jodhpur,65.0,15.0,19300,180.0,Bajaj,14,0.08333333333333333
Bajaj Avenger Street 220 2015,2015,48700.0,first owner,pune,53.0,19.0,72000,220.0,Bajaj,9,0.08636363636363636
TVS Apache RTR 160cc 2017,2017,60.0,first owner,delhi,60.0,15.2,57000,160.0,TVS,7,0.095
Bajaj Pulsar 220F 2017,2017,18000.0,first owner,alipore,38.0,21.0,74500,220.0,Bajaj,7,0.09545454545454546
Bajaj Discover 100M 2014,2014,80.0,first owner,alipore,80.0,9.1,19300,100.0,Bajaj,10,0.091
Royal Enfield Thunderbird 350cc 2014,2014,22328.0,first owner,hyderabad,40.0,19.8,110200,350.0,Royal Enfield,10,0.05657142857142857
Hero Xtreme 200S 2020,2020,8600.0,first owner,kolkata,40.0,18.1,109700,200.0,Hero,4,0.09050000000000001
Royal Enfield Thunderbird X 350cc ABS 2019,2019,9000.0,first owner,noida,40.0,19.8,156300,350.0,Royal Enfield,5,0.05657142857142857
Bajaj Pulsar 135LS 2010,2010,58000.0,first owner,jaipur,64.0,13.0,15700,135.0,Bajaj,14,0.0962962962962963
Royal Enfield Thunderbird 350cc 2018,2018,20000.0,first owner,secunderabad,40.0,19.8,140000,350.0,Royal Enfield,6,0.05657142857142857
TVS Apache RTR 180cc ABS BS6 2020,2020,45.0,first owner,jalandhar,45.0,16.3,95000,180.0,TVS,4,0.09055555555555556
Hero Hunk 150cc 2008,2008,28945.0,first owner,patiala,53.0,14.0,21000,150.0,Hero,16,0.09333333333333334
Bajaj Pulsar NS160 Rear Disc 2019,2019,10400.0,first owner,dhrangadhra,40.0,15.5,80000,160.0,Bajaj,5,0.096875
KTM RC 390cc 2016,2016,17000.0,second owner,avadi,26.0,42.3,150000,390.0,KTM,8,0.10846153846153846
Bajaj Avenger Street 220 2016,2016,15000.0,first owner,mumbai,53.0,19.0,56648,220.0,Bajaj,8,0.08636363636363636
Yamaha FZS-FI V 3.0 150cc 2019,2019,8200.0,first owner,hyderabad,40.0,13.0,90000,150.0,Yamaha,5,0.08666666666666667
Honda SP125 Disc BS6 2020,2020,145990.0,first owner,sri ganganagar,40.0,10.72,30000,125.0,Honda,4,0.08576
Royal Enfield Thunderbird 500cc 2016,2016,13000.0,first owner,chennai,25.0,27.2,120000,500.0,Royal Enfield,8,0.0544
Bajaj Pulsar 220cc 2016,2016,96000.0,first owner,delhi,38.0,21.0,52000,220.0,Bajaj,8,0.09545454545454546
Bajaj Pulsar 220F 2018,2018,62000.0,third owner,pali,38.0,21.0,59000,220.0,Bajaj,6,0.09545454545454546
Royal Enfield Thunderbird 350cc 2014,2014,22000.0,second owner,palampur,40.0,19.8,75000,350.0,Royal Enfield,10,0.05657142857142857
Harley-Davidson Street Bob 2013,2013,60000.0,second owner,chandigarh,18.0,65.0,545000,1868.0,Harley-Davidson,11,0.034796573875803
Royal Enfield Classic 350cc 2017,2017,26000.0,first owner,baleshwar,35.0,19.8,120000,350.0,Royal Enfield,7,0.05657142857142857
Royal Enfield Standard 350cc 2016,2016,37.0,fourth owner or more,kotputli,37.0,19.8,73500,350.0,Royal Enfield,8,0.05657142857142857
Bajaj Pulsar 150cc 2013,2013,65.0,first owner,delhi,65.0,14.85,29200,150.0,Bajaj,11,0.09899999999999999
Bajaj Pulsar 125cc Disc CBS 2019,2019,14000.0,first owner,bangalore,40.0,11.8,72625,125.0,Bajaj,5,0.09440000000000001
Royal Enfield Thunderbird 350cc 2010,2010,38000.0,first owner,chandigarh,35.0,19.8,58050,350.0,Royal Enfield,14,0.05657142857142857
Bajaj Pulsar 180cc 2016,2016,28000.0,first owner,jodhpur,65.0,17.0,53800,180.0,Bajaj,8,0.09444444444444444
TVS Apache RTR 160cc 2011,2011,60.0,first owner,alipore,60.0,15.2,32000,160.0,TVS,13,0.095
Royal Enfield Classic 350cc 2017,2017,26000.0,first owner,delhi,35.0,19.8,123000,350.0,Royal Enfield,7,0.05657142857142857
Royal Enfield Classic 500cc 2011,2011,23270.0,first owner,pune,32.0,27.2,101700,500.0,Royal Enfield,13,0.0544
KTM Duke 200cc 2015,2015,58000.0,first owner,panruti,35.0,25.0,95000,200.0,KTM,9,0.125
Bajaj V15 150cc 2016,2016,23000.0,second owner,samana,57.0,11.8,35000,150.0,Bajaj,8,0.07866666666666668
Bajaj Discover 125cc 2013,2013,19000.0,first owner,jaipur,65.0,12.5,21000,125.0,Bajaj,11,0.1
TVS Apache RTR 180cc 2017,2017,45.0,first owner,alipore,45.0,17.2,59000,180.0,TVS,7,0.09555555555555555
TVS Apache RTR 180cc 2016,2016,45.0,first owner,alipore,45.0,17.3,56000,180.0,TVS,8,0.09611111111111112
Bajaj Pulsar 150cc ABS FI BS6 2020,2020,55.0,first owner,mumbai,55.0,13.8,87548,150.0,Bajaj,4,0.092
TVS Apache RTR 200 4V Dual Channel ABS BS6 2019,2019,40.0,first owner,howrah,40.0,20.2,95000,200.0,TVS,5,0.10099999999999999
Bajaj Avenger Street 220 2017,2017,20000.0,first owner,mumbai,53.0,19.0,53668,220.0,Bajaj,7,0.08636363636363636
Hero Passion Pro 100cc 2016,2016,17465.0,first owner,bangalore,5.0,8.2,37462,100.0,Hero,8,0.08199999999999999
Bajaj Pulsar 180cc 2016,2016,89000.0,third owner,delhi,65.0,17.0,35000,180.0,Bajaj,8,0.09444444444444444
Royal Enfield Thunderbird 350cc 2012,2012,70000.0,first owner,salem,40.0,19.8,85000,350.0,Royal Enfield,12,0.05657142857142857
Hero Glamour Fi 125cc 2017,2017,25000.0,first owner,noida,55.0,9.0,42000,125.0,Hero,7,0.072
Royal Enfield Thunderbird X 350cc ABS 2019,2019,5000.0,first owner,meerut,40.0,19.8,157300,350.0,Royal Enfield,5,0.05657142857142857
TVS Apache RTR 160 4V FI 2018,2018,95000.0,second owner,pali,40.0,16.1,60000,160.0,TVS,6,0.100625
Royal Enfield Classic 350cc 2014,2014,16637.0,first owner,bangalore,35.0,19.8,100000,350.0,Royal Enfield,10,0.05657142857142857
Bajaj Pulsar 220F 2017,2017,34000.0,third owner,delhi,38.0,21.0,55300,220.0,Bajaj,7,0.09545454545454546
Bajaj Pulsar 180cc 2019,2019,71000.0,first owner,delhi,65.0,17.0,60800,180.0,Bajaj,5,0.09444444444444444
Bajaj Discover 100cc 2014,2014,80.0,first owner,gaya,80.0,7.7,30000,100.0,Bajaj,10,0.077
Bajaj Avenger 200cc 2008,2008,24000.0,first owner,delhi,53.0,19.0,16000,200.0,Bajaj,16,0.095
Bajaj Pulsar 200cc 2012,2012,42.0,first owner,pali,42.0,23.17,27000,200.0,Bajaj,12,0.11585000000000001
Bajaj Pulsar 220F 2017,2017,85000.0,first owner,delhi,38.0,21.0,57000,220.0,Bajaj,7,0.09545454545454546
Bajaj Pulsar 220cc 2012,2012,25000.0,first owner,delhi,38.0,21.0,31000,220.0,Bajaj,12,0.09545454545454546
Bajaj Pulsar NS200 2017,2017,42.0,second owner,delhi,42.0,23.2,56100,200.0,Bajaj,7,0.11599999999999999
Yamaha MT-15 150cc Special Edition BS6 2021,2021,7500.0,first owner,vellore,40.0,18.23,164000,150.0,Yamaha,3,0.12153333333333334
Bajaj Pulsar NS200 2017,2017,42.0,first owner,jaipur,42.0,23.2,72000,200.0,Bajaj,7,0.11599999999999999
Bajaj Pulsar 150cc 2011,2011,65.0,first owner,mumbai,65.0,14.85,23600,150.0,Bajaj,13,0.09899999999999999
Honda CB Shine 125cc 2013,2013,65.0,second owner,guntur,65.0,10.0,40000,125.0,Honda,11,0.08
UM Renegade Commando 2017,2017,18721.0,first owner,pune,35.0,24.8,121000,279.0,UM,7,0.08888888888888889
Suzuki Gixxer SF Fi 150cc ABS 2018,2018,12000.0,first owner,gurgaon,40.0,14.6,60000,150.0,Suzuki,6,0.09733333333333333
Royal Enfield Classic 350cc 2018,2018,12282.0,first owner,delhi,35.0,19.8,142000,350.0,Royal Enfield,6,0.05657142857142857
Royal Enfield Electra 350cc 2019,2019,8384.0,first owner,delhi,25.0,19.8,137000,350.0,Royal Enfield,5,0.05657142857142857
Royal Enfield Classic 350cc 2017,2017,11831.0,first owner,delhi,35.0,19.8,129000,350.0,Royal Enfield,7,0.05657142857142857
Royal Enfield Standard 500cc 2016,2016,25558.0,first owner,delhi,25.0,26.1,110000,500.0,Royal Enfield,8,0.0522
Yamaha FZ 150cc 2016,2016,58.0,first owner,pune,58.0,13.0,60000,150.0,Yamaha,8,0.08666666666666667
Bajaj Pulsar NS200 2015,2015,78000.0,first owner,jaipur,40.0,24.2,59600,200.0,Bajaj,9,0.121
Royal Enfield Thunderbird 350cc 2015,2015,30000.0,first owner,chennai,40.0,19.8,100000,350.0,Royal Enfield,9,0.05657142857142857
Bajaj Pulsar 180cc 2020,2020,59000.0,fourth owner or more,pune,65.0,17.0,55000,180.0,Bajaj,4,0.09444444444444444
Yamaha FZS FI 150cc 2019,2019,11233.0,first owner,24 pargana,52.0,12.9,70000,150.0,Yamaha,5,0.08600000000000001
Bajaj Pulsar NS160 2019,2019,77000.0,second owner,delhi,40.0,15.5,55900,160.0,Bajaj,5,0.096875
Bajaj Pulsar 180cc 2019,2019,89000.0,first owner,jaipur,65.0,17.0,61000,180.0,Bajaj,5,0.09444444444444444
Bajaj Discover 125cc 2012,2012,4000.0,first owner,jaipur,65.0,12.5,19900,125.0,Bajaj,12,0.1
Hero Splendor iSmart 100cc 2015,2015,46453.0,first owner,bangalore,55.0,8.2,32100,100.0,Hero,9,0.08199999999999999
Bajaj Pulsar 150cc Rear Disc ABS FI BS6 2020,2020,65.0,fourth owner or more,delhi,65.0,13.8,41200,150.0,Bajaj,4,0.092
UM Renegade Commando Classic 2017,2017,8500.0,first owner,hyderabad,35.0,25.0,120000,279.0,UM,7,0.08960573476702509
TVS Apache RTR 200 4V FI 2017,2017,40.0,third owner,delhi,40.0,20.7,56000,200.0,TVS,7,0.1035
Royal Enfield Thunderbird 350cc 2016,2016,10000.0,first owner,delhi,40.0,19.8,90000,350.0,Royal Enfield,8,0.05657142857142857
Royal Enfield Thunderbird 350cc 2015,2015,36000.0,first owner,delhi,40.0,19.8,88000,350.0,Royal Enfield,9,0.05657142857142857
Royal Enfield Thunderbird X 500cc ABS 2019,2019,5000.0,first owner,murshidabad,40.0,27.2,185000,500.0,Royal Enfield,5,0.0544
Bajaj Pulsar 180cc 2010,2010,9800.0,first owner,pali,65.0,15.0,20000,180.0,Bajaj,14,0.08333333333333333
Bajaj Pulsar RS200 ABS 2016,2016,35.0,first owner,delhi,35.0,24.5,80000,200.0,Bajaj,8,0.1225
Bajaj Avenger Street 150 2016,2016,13500.0,first owner,gurgaon,50.0,14.3,45000,150.0,Bajaj,8,0.09533333333333334
Bajaj Discover 125cc 2012,2012,19000.0,first owner,jaipur,65.0,12.5,19500,125.0,Bajaj,12,0.1
TVS Apache RTR 160 4V DISC ABS BS6 2021,2021,16785.0,first owner,kolkata,40.0,15.6,88275,160.0,TVS,3,0.0975
Bajaj V15 150cc POWER UP 2019,2019,26000.0,first owner,naihati,57.0,11.8,47000,150.0,Bajaj,5,0.07866666666666668
KTM Duke 200cc 2019,2019,13000.0,first owner,sambalpur,35.0,24.6,98000,200.0,KTM,5,0.12300000000000001
Bajaj Dominar 400 2017,2017,28.0,first owner,pune,28.0,34.5,100000,400.0,Bajaj,7,0.08625
Jawa Forty Two Dual ABS 295CC 2020,2020,419.0,first owner,chennai,40.0,27.0,165000,295.0,Jawa,4,0.09152542372881356
Bajaj Pulsar 220F 2017,2017,92000.0,first owner,delhi,38.0,21.0,56000,220.0,Bajaj,7,0.09545454545454546
KTM RC 390cc 2018,2018,17200.0,second owner,mumbai,26.0,42.3,150000,390.0,KTM,6,0.10846153846153846
Royal Enfield Classic 500cc 2016,2016,2393.0,first owner,delhi,32.0,27.2,120000,500.0,Royal Enfield,8,0.0544
Bajaj Pulsar RS200 ABS 2016,2016,35.0,first owner,ahmedabad,35.0,24.5,85000,200.0,Bajaj,8,0.1225
Hero Passion Pro 110cc Drum 2018,2018,11000.0,first owner,ahmedabad,40.0,9.3,44500,110.0,Hero,6,0.08454545454545455
Yamaha FZS-FI V 3.0 150cc 2019,2019,21511.0,first owner,delhi,40.0,13.0,70000,150.0,Yamaha,5,0.08666666666666667
Bajaj Avenger Cruise 220 2019,2019,21000.0,first owner,tuticorin,35.0,19.0,75000,220.0,Bajaj,5,0.08636363636363636
Bajaj Pulsar NS160 Rear Disc 2019,2019,16900.0,first owner,pune,40.0,15.5,83300,160.0,Bajaj,5,0.096875
Bajaj Avenger Street 150 2017,2017,25000.0,first owner,ahmedabad,45.0,14.3,45000,150.0,Bajaj,7,0.09533333333333334
Bajaj Pulsar 150cc 2014,2014,65.0,first owner,alipore,65.0,14.85,38000,150.0,Bajaj,10,0.09899999999999999
Bajaj V15 150cc 2017,2017,35000.0,first owner,delhi,57.0,11.8,28000,150.0,Bajaj,7,0.07866666666666668
Bajaj Avenger Street 220 2016,2016,39000.0,second owner,hyderabad,53.0,19.0,46000,220.0,Bajaj,8,0.08636363636363636
Bajaj Avenger Street 180 2018,2018,6200.0,first owner,chennai,45.0,15.3,68500,180.0,Bajaj,6,0.085
Royal Enfield Classic 350cc 2015,2015,46000.0,first owner,visakhapatnam,35.0,19.8,110000,350.0,Royal Enfield,9,0.05657142857142857
KTM RC 390cc 2018,2018,2438.0,first owner,delhi,26.0,42.3,200000,390.0,KTM,6,0.10846153846153846
Honda CB ShineSP 125cc 2016,2016,65.0,first owner,pilibhit,65.0,10.0,32250,125.0,Honda,8,0.08
Royal Enfield Thunderbird 350cc 2013,2013,38121.0,second owner,pune,40.0,19.8,85000,350.0,Royal Enfield,11,0.05657142857142857
Yamaha YZF-R15 V3 150cc Darknight edition BS6 2020,2020,8000.0,first owner,kolkata,40.0,18.3,160000,150.0,Yamaha,4,0.12200000000000001
TVS Apache RTR 200 4V FI Race Edition 2.0 2019,2019,40.0,first owner,kolkata,40.0,20.7,78000,200.0,TVS,5,0.1035
Bajaj Pulsar 150cc 2012,2012,65.0,first owner,pune,65.0,14.85,27500,150.0,Bajaj,12,0.09899999999999999
Bajaj V15 150cc 2017,2017,15200.0,first owner,gurgaon,57.0,11.8,32000,150.0,Bajaj,7,0.07866666666666668
TVS Apache RR310 Slipper Clutch 2019,2019,11200.0,first owner,bangalore,22.0,33.0,190000,310.0,TVS,5,0.1064516129032258
Honda CB Shine 125cc 2014,2014,65.0,first owner,hyderabad,65.0,10.0,49000,125.0,Honda,10,0.08
Yamaha FZ S V 2.0 150cc 2015,2015,58.0,first owner,mumbai,58.0,13.0,48000,150.0,Yamaha,9,0.08666666666666667
KTM RC 390cc 2018,2018,18500.0,first owner,lucknow,26.0,42.3,175000,390.0,KTM,6,0.10846153846153846
Bajaj Avenger 220cc 2013,2013,13800.0,first owner,ahmedabad,40.0,19.0,45000,220.0,Bajaj,11,0.08636363636363636
Hero HF Deluxe iBS Black self Alloy 100cc 2019,2019,14000.0,first owner,delhi,55.0,6.15,48500,100.0,Hero,5,0.061500000000000006
Royal Enfield Classic 350cc-Redditch Edition 2018,2018,13000.0,first owner,navi mumbai,35.0,19.8,130000,350.0,Royal Enfield,6,0.05657142857142857
Bajaj Pulsar 200 NS 200cc 2014,2014,12000.0,first owner,mumbai,40.0,24.2,44200,200.0,Bajaj,10,0.121
Bajaj Pulsar AS200 2015,2015,42.0,first owner,mumbai,42.0,23.2,51000,200.0,Bajaj,9,0.11599999999999999
Hero Passion Pro 100cc 2016,2016,15000.0,first owner,gurgaon,5.0,8.2,30000,100.0,Hero,8,0.08199999999999999
Royal Enfield Standard 350cc 1998,1998,30.0,second owner,jalandhar,30.0,18.0,62000,350.0,Royal Enfield,26,0.05142857142857143
TVS Apache RTR 160 4V DISC ABS 2019,2019,25250.0,first owner,ahmedabad,40.0,16.1,90100,160.0,TVS,5,0.100625
Hero Passion Pro 100cc 2007,2007,81455.0,first owner,varanasi,5.0,8.2,20000,100.0,Hero,17,0.08199999999999999
Bajaj Pulsar 220F 2018,2018,61000.0,third owner,pune,38.0,21.0,60000,220.0,Bajaj,6,0.09545454545454546
Honda Dream Yuga 110cc 2019,2019,84.0,first owner,kolkata,84.0,8.25,67000,110.0,Honda,5,0.075
Hero Passion Pro 100cc 2015,2015,42344.0,first owner,bangalore,84.0,8.2,32200,100.0,Hero,9,0.08199999999999999
TVS Apache RTR 160 4V Drum 2019,2019,15537.0,first owner,bangalore,40.0,16.1,78000,160.0,TVS,5,0.100625
Bajaj Pulsar 150cc 2010,2010,65.0,second owner,chennai,65.0,14.85,25000,150.0,Bajaj,14,0.09899999999999999
Bajaj Pulsar 150cc Rear Disc ABS FI BS6 2020,2020,65.0,fourth owner or more,jaipur,65.0,13.8,49000,150.0,Bajaj,4,0.092
Hero Splendor 100cc 2001,2001,30110.0,first owner,bangalore,45.0,7.44,25000,100.0,Hero,23,0.07440000000000001
Bajaj Pulsar 150cc 2011,2011,65.0,first owner,bangalore,65.0,14.85,22800,150.0,Bajaj,13,0.09899999999999999
Yamaha YZF-R15 2.0 150cc 2016,2016,25700.0,first owner,ahmedabad,42.0,16.7,65000,150.0,Yamaha,8,0.11133333333333333
Yamaha YZF-R15 2.0 150cc 2013,2013,25000.0,second owner,rajkot,42.0,16.7,59520,150.0,Yamaha,11,0.11133333333333333
Yamaha YZF-R15 150cc 2013,2013,12070.0,first owner,delhi,42.0,16.0,60000,150.0,Yamaha,11,0.10666666666666667
KTM RC 200cc 2019,2019,3595.0,first owner,bangalore,35.0,25.1,185000,200.0,KTM,5,0.1255
Royal Enfield Thunderbird 350cc 2018,2018,8500.0,first owner,thane,40.0,19.8,140800,350.0,Royal Enfield,6,0.05657142857142857
Hero Karizma R 223cc 2011,2011,40000.0,first owner,mumbai,40.0,17.0,35000,223.0,Hero,13,0.07623318385650224
Honda CBR 150R 150cc 2016,2016,38.0,first owner,panvel,38.0,18.28,80000,150.0,Honda,8,0.12186666666666668
Royal Enfield Thunderbird X 350cc ABS 2019,2019,8748.0,first owner,mumbai,40.0,19.8,167700,350.0,Royal Enfield,5,0.05657142857142857
Honda CBR 250R 2013,2013,38.0,first owner,chennai,38.0,26.15,79000,250.0,Honda,11,0.1046
Royal Enfield Classic 350cc 2015,2015,38000.0,first owner,chinchwad,35.0,19.8,120000,350.0,Royal Enfield,9,0.05657142857142857
Bajaj Pulsar 220F 2017,2017,18000.0,first owner,delhi,38.0,21.0,69569,220.0,Bajaj,7,0.09545454545454546
Bajaj Pulsar 220cc 2015,2015,68000.0,first owner,jaipur,38.0,21.0,53100,220.0,Bajaj,9,0.09545454545454546
Bajaj Pulsar NS200 2017,2017,42.0,third owner,jaipur,42.0,23.2,60300,200.0,Bajaj,7,0.11599999999999999
Royal Enfield Classic 350cc 2020,2020,5000.0,first owner,rajkot,35.0,19.8,200000,350.0,Royal Enfield,4,0.05657142857142857
Yamaha YZF-R15 V3 150cc 2020,2020,7103.0,first owner,delhi,40.0,18.7,143000,150.0,Yamaha,4,0.12466666666666666
Bajaj Avenger Street 220 2019,2019,10000.0,first owner,gurgaon,45.0,14.3,70000,220.0,Bajaj,5,0.065
Bajaj Avenger Cruise 220 2016,2016,75000.0,first owner,jaipur,35.0,19.0,58000,220.0,Bajaj,8,0.08636363636363636
Bajaj  Pulsar 180cc 2008,2008,16000.0,first owner,gurgaon,45.0,17.0,9150,180.0,Bajaj,16,0.09444444444444444
Bajaj Discover 125cc 2014,2014,26000.0,first owner,jaipur,65.0,12.5,22500,125.0,Bajaj,10,0.1
Honda Dream Yuga 110cc 2018,2018,84.0,first owner,hyderabad,84.0,8.25,43000,110.0,Honda,6,0.075
Royal Enfield Classic 500cc 2015,2015,14321.0,first owner,delhi,32.0,27.2,110000,500.0,Royal Enfield,9,0.0544
Royal Enfield Classic 350cc 2016,2016,16950.0,first owner,thane,35.0,19.8,125000,350.0,Royal Enfield,8,0.05657142857142857
Suzuki Gixxer SF 150cc ABS BS6 2021,2021,600.0,first owner,hyderabad,40.0,14.6,140000,150.0,Suzuki,3,0.09733333333333333
Hero Hunk Rear Disc 150cc 2012,2012,29000.0,first owner,mumbai,55.0,14.0,30000,150.0,Hero,12,0.09333333333333334
Royal Enfield Classic 500cc 2016,2016,18302.0,first owner,delhi,32.0,27.2,115000,500.0,Royal Enfield,8,0.0544
Honda CBF Stunner 125cc 2010,2010,65.0,first owner,mohali,65.0,11.0,20000,125.0,Honda,14,0.088
Bajaj Pulsar 150cc 2013,2013,65.0,first owner,jaipur,65.0,14.85,31000,150.0,Bajaj,11,0.09899999999999999
Royal Enfield Himalayan 410cc 2017,2017,37000.0,first owner,lucknow,32.0,24.5,170000,410.0,Royal Enfield,7,0.05975609756097561
Royal Enfield Classic 350cc 2014,2014,17000.0,first owner,rajkot,35.0,19.8,107500,350.0,Royal Enfield,10,0.05657142857142857
Bajaj Pulsar 180cc 2016,2016,38150.0,first owner,mumbai,65.0,17.0,45000,180.0,Bajaj,8,0.09444444444444444
Jawa Perak 330cc 2020,2020,2000.0,first owner,gurgaon,40.0,30.0,180000,330.0,Jawa,4,0.09090909090909091
Suzuki Gixxer 150cc 2015,2015,60000.0,first owner,hyderabad,63.0,14.0,45000,150.0,Suzuki,9,0.09333333333333334
Royal Enfield Classic 350cc 2015,2015,18000.0,first owner,delhi,35.0,19.8,85000,350.0,Royal Enfield,9,0.05657142857142857
Bajaj Avenger 220cc 2018,2018,28331.0,first owner,delhi,40.0,19.0,80000,220.0,Bajaj,6,0.08636363636363636
Hero Honda Splendor 100cc 2011,2011,18895.0,first owner,kolkata,45.0,6.15,20000,100.0,Hero,13,0.061500000000000006
Royal Enfield Classic 350cc 2013,2013,28000.0,first owner,ahmedabad,35.0,19.8,104600,350.0,Royal Enfield,11,0.05657142857142857
Hero Passion Pro 100cc 2016,2016,25678.0,first owner,bangalore,5.0,8.2,35400,100.0,Hero,8,0.08199999999999999
Bajaj Platina Alloy ES 100cc FI BS6 2020,2020,96.0,first owner,delhi,96.9,7.79,58000,100.0,Bajaj,4,0.0779
Yamaha YZF-R15 V3 MOTO GP EDITION 2018,2018,16000.0,first owner,ghaziabad,40.0,18.7,110200,150.0,Yamaha,6,0.12466666666666666
Royal Enfield Classic 350cc 2016,2016,49111.0,first owner,durgapur,35.0,19.8,120500,350.0,Royal Enfield,8,0.05657142857142857
Bajaj Avenger Street 220 2017,2017,5947.0,first owner,chennai,53.0,19.0,80000,220.0,Bajaj,7,0.08636363636363636
TVS Apache RTR 200 4V FI 2019,2019,40.0,third owner,ajmer,40.0,20.7,62000,200.0,TVS,5,0.1035
Honda CB Shine 125cc 2016,2016,65.0,first owner,bangalore,65.0,10.0,39797,125.0,Honda,8,0.08
Royal Enfield Standard 350cc 2018,2018,37.0,first owner,delhi,37.0,19.8,120000,350.0,Royal Enfield,6,0.05657142857142857
Bajaj Pulsar NS160 2019,2019,24000.0,first owner,delhi,40.0,15.5,78000,160.0,Bajaj,5,0.096875
TVS Apache RR310 BS6 2020,2020,3300.0,first owner,delhi,22.0,33.0,260000,310.0,TVS,4,0.1064516129032258
Royal Enfield Classic 350cc 2020,2020,3000.0,first owner,rajkot,35.0,19.8,205000,350.0,Royal Enfield,4,0.05657142857142857
KTM Duke 200cc 2018,2018,19000.0,first owner,secunderabad,35.0,24.6,139600,200.0,KTM,6,0.12300000000000001
Royal Enfield Classic 350cc 2014,2014,48000.0,first owner,vadodara,35.0,19.8,115000,350.0,Royal Enfield,10,0.05657142857142857
Royal Enfield Continental GT 535cc 2014,2014,8000.0,second owner,hyderabad,26.0,29.1,110000,535.0,Royal Enfield,10,0.05439252336448598
Bajaj Dominar 400 ABS BS6 2021,2021,28.0,first owner,mumbai,28.0,39.42,233437,400.0,Bajaj,3,0.09855
Royal Enfield Classic 350cc 2019,2019,12500.0,first owner,bangalore,35.0,19.8,60000,350.0,Royal Enfield,5,0.05657142857142857
Royal Enfield Classic 500cc 2016,2016,21500.0,first owner,bangalore,32.0,27.2,60000,500.0,Royal Enfield,8,0.0544
KTM RC 200cc 2018,2018,28000.0,first owner,dharwad,35.0,25.1,145000,200.0,KTM,6,0.1255
TVS Apache RTR 160cc 2017,2017,60.0,first owner,jaipur,60.0,15.2,55000,160.0,TVS,7,0.095
Yamaha RX 100 100cc 1990,1990,32000.0,second owner,erode,40.0,11.0,63750,100.0,Yamaha,34,0.11
Bajaj Discover 135cc 2007,2007,89000.0,first owner,delhi,65.0,9.64,11250,135.0,Bajaj,17,0.0714074074074074
Hero Karizma ZMR 223cc 2014,2014,41000.0,second owner,guntur,48.0,20.0,38000,223.0,Hero,10,0.08968609865470852
Suzuki Gixxer 150cc 2016,2016,15200.0,first owner,kolkata,63.0,14.0,65000,150.0,Suzuki,8,0.09333333333333334
TVS Apache RTR 200 4V Fi 2016,2016,40.0,second owner,mumbai,40.0,20.23,68000,200.0,TVS,8,0.10115
TVS Apache RTR 160cc 2016,2016,60.0,first owner,mumbai,60.0,15.2,51000,160.0,TVS,8,0.095
Bajaj Pulsar 125cc Disc CBS 2019,2019,57000.0,first owner,delhi,40.0,11.8,52300,125.0,Bajaj,5,0.09440000000000001
Bajaj Avenger 220cc 2014,2014,22000.0,second owner,mumbai,40.0,19.0,36814,220.0,Bajaj,10,0.08636363636363636
Bajaj Pulsar 220F 2017,2017,71000.0,second owner,jaipur,38.0,21.0,62000,220.0,Bajaj,7,0.09545454545454546
Jawa Forty Two 295CC 2019,2019,1800.0,first owner,nagpur,40.0,27.0,142000,295.0,Jawa,5,0.09152542372881356
KTM Duke 250cc ABS 2019,2019,7500.0,first owner,coimbatore,40.0,29.6,195000,250.0,KTM,5,0.1184
Royal Enfield Electra 350cc 2016,2016,27500.0,first owner,durgapur,25.0,19.8,98000,350.0,Royal Enfield,8,0.05657142857142857
TVS Apache RR310 2018,2018,3900.0,first owner,akola,22.0,33.0,200000,310.0,TVS,6,0.1064516129032258
Royal Enfield Classic Gunmetal Grey 350cc 2018,2018,37000.0,first owner,hyderabad,35.0,19.8,150000,350.0,Royal Enfield,6,0.05657142857142857
TVS Apache RTR 160 4V FI 2018,2018,95000.0,second owner,jaipur,40.0,16.1,59000,160.0,TVS,6,0.100625
TVS Apache RTR 160 4V Disc 2019,2019,86000.0,first owner,jaipur,40.0,16.1,65000,160.0,TVS,5,0.100625
Bajaj Pulsar RS200 ABS 2019,2019,35.0,first owner,mumbai,35.0,24.5,140000,200.0,Bajaj,5,0.1225
Bajaj Discover 125cc Disc 2018,2018,16000.0,first owner,bangalore,65.0,10.9,55000,125.0,Bajaj,6,0.0872
TVS Apache RTR 160cc 2015,2015,60.0,first owner,mumbai,60.0,15.2,51000,160.0,TVS,9,0.095
Royal Enfield Classic 350cc 2020,2020,3700.0,first owner,rajkot,35.0,19.8,200000,350.0,Royal Enfield,4,0.05657142857142857
Royal Enfield Standard 350cc 2018,2018,37.0,second owner,rajkot,37.0,19.8,142500,350.0,Royal Enfield,6,0.05657142857142857
Jawa Standard 295CC ABS BS6 2020,2020,3000.0,first owner,rajkot,40.0,27.0,167000,295.0,Jawa,4,0.09152542372881356
Bajaj Discover 150cc 2010,2010,70.0,first owner,delhi,70.0,13.0,16500,150.0,Bajaj,14,0.08666666666666667
Honda CB Hornet 160R STD 2016,2016,52.0,first owner,kolkata,52.0,15.44,51480,160.0,Honda,8,0.0965
Royal Enfield Classic 350cc Signals Edition 2019,2019,3200.0,first owner,vadodara,35.0,19.8,163680,350.0,Royal Enfield,5,0.05657142857142857
Bajaj Pulsar 150cc 2013,2013,65.0,first owner,lucknow,65.0,14.85,32000,150.0,Bajaj,11,0.09899999999999999
KTM RC 200cc 2017,2017,46650.0,third owner,mumbai,35.0,25.1,140000,200.0,KTM,7,0.1255
Bajaj Avenger 220cc 2014,2014,14000.0,first owner,mumbai,40.0,19.0,35000,220.0,Bajaj,10,0.08636363636363636
Royal Enfield Classic 350cc-Redditch Edition Dual Disc 2018,2018,20000.0,first owner,rewari,35.0,19.8,125000,350.0,Royal Enfield,6,0.05657142857142857
Hero HF Deluxe 100cc 2018,2018,6750.0,first owner,ahmednagar,55.0,6.15,23500,100.0,Hero,6,0.061500000000000006
Bajaj Dominar 400 ABS 2017,2017,28.0,first owner,bangalore,28.0,34.5,118000,400.0,Bajaj,7,0.08625
Royal Enfield Himalayan 410cc 2019,2019,8000.0,first owner,bangalore,32.0,24.5,180000,410.0,Royal Enfield,5,0.05975609756097561
Royal Enfield Thunderbird 350cc 2018,2018,20000.0,first owner,hyderabad,40.0,19.8,140000,350.0,Royal Enfield,6,0.05657142857142857
KTM Duke 125cc 2019,2019,7000.0,first owner,bhatinda,40.0,14.3,130000,125.0,KTM,5,0.1144
Bajaj Dominar 400 2017,2017,28.0,first owner,bhatinda,28.0,34.5,140000,400.0,Bajaj,7,0.08625
Royal Enfield Standard 350cc 2014,2014,40.0,second owner,bhatinda,40.0,19.8,100000,350.0,Royal Enfield,10,0.05657142857142857
Royal Enfield Continental GT 535cc 2018,2018,2000.0,first owner,bhatinda,26.0,29.1,275000,535.0,Royal Enfield,6,0.05439252336448598
Bajaj Pulsar 125cc Drum BS6 2020,2020,5000.0,first owner,bhatinda,62.0,11.64,80000,125.0,Bajaj,4,0.09312000000000001
Royal Enfield Bullet Electra 350cc 2014,2014,16000.0,first owner,delhi,40.0,19.8,80000,350.0,Royal Enfield,10,0.05657142857142857
Honda H’ness CB 350 DLX 2020,2020,10000.0,first owner,dehradun,45.8,20.78,191958,350.0,Honda,4,0.059371428571428575
Bajaj V15 150cc 2016,2016,27000.0,second owner,pune,57.0,11.8,45000,150.0,Bajaj,8,0.07866666666666668
Honda CBR 250R 2012,2012,29.0,first owner,gautam buddha nagar,29.0,26.15,60000,250.0,Honda,12,0.1046
KTM Duke 390cc 2019,2019,14400.0,first owner,delhi,25.0,42.9,210000,390.0,KTM,5,0.11
Bajaj Avenger 220cc 2015,2015,20000.0,first owner,delhi,40.0,19.0,42000,220.0,Bajaj,9,0.08636363636363636
Hero Super Splendor 125cc i3s 2019,2019,15000.0,first owner,delhi,75.0,9.0,54000,125.0,Hero,5,0.072
Bajaj Dominar 400 2017,2017,28.0,first owner,hyderabad,28.0,34.5,107900,400.0,Bajaj,7,0.08625
Bajaj Avenger Street 150 2016,2016,22459.0,first owner,thane,50.0,14.3,48000,150.0,Bajaj,8,0.09533333333333334
Yamaha MT-15 150cc BS6 2021,2021,3500.0,first owner,bangalore,40.0,18.23,170000,150.0,Yamaha,3,0.12153333333333334
Bajaj  Pulsar 180cc 2008,2008,24000.0,first owner,mumbai,45.0,17.0,14000,180.0,Bajaj,16,0.09444444444444444
Royal Enfield Classic 350cc 2017,2017,15000.0,first owner,delhi,35.0,19.8,118000,350.0,Royal Enfield,7,0.05657142857142857
Suzuki Gixxer 150cc 2015,2015,25200.0,first owner,bangalore,63.0,14.0,52000,150.0,Suzuki,9,0.09333333333333334
Honda CB Hornet 160R CBS 2016,2016,52.0,first owner,bangalore,52.0,15.44,63592,160.0,Honda,8,0.0965
Jawa Standard 295CC Dual ABS BS6 2020,2020,2700.0,first owner,mumbai,40.0,27.0,160000,295.0,Jawa,4,0.09152542372881356
Bajaj Pulsar 150cc 2016,2016,65.0,first owner,mumbai,65.0,15.0,52700,150.0,Bajaj,8,0.1
Bajaj Pulsar 150cc 2016,2016,65.0,first owner,belgaum,65.0,15.0,25000,150.0,Bajaj,8,0.1
Hero Glamour Disc 125cc 2019,2019,29000.0,first owner,hyderabad,55.0,8.9,65000,125.0,Hero,5,0.0712
Yamaha FZs 150cc 2010,2010,58000.0,second owner,bangalore,45.0,13.0,35000,150.0,Yamaha,14,0.08666666666666667
KTM Duke 200cc 2015,2015,20000.0,first owner,ahmedabad,35.0,25.0,95000,200.0,KTM,9,0.125
Hero Achiever Disc 150cc 2019,2019,6750.0,first owner,ahmednagar,45.0,13.0,23500,150.0,Hero,5,0.08666666666666667
Hero HF Deluxe Eco 100cc 2018,2018,7200.0,first owner,ahmednagar,65.0,8.1,22500,100.0,Hero,6,0.081
Hero HF Deluxe Eco 100cc 2018,2018,6750.0,first owner,ahmedabad,65.0,8.1,23500,100.0,Hero,6,0.081
Hero HF Deluxe Eco 100cc 2018,2018,6750.0,first owner,ahmednagar,65.0,8.1,22500,100.0,Hero,6,0.081
Royal Enfield Classic 350cc ABS Stealth Black BS6 2021,2021,2002.0,first owner,hyderabad,35.0,19.1,220000,350.0,Royal Enfield,3,0.054571428571428576
Hero Xpulse 200cc BS6 2021,2021,628.0,first owner,gwalior,46.4,17.8,110000,200.0,Hero,3,0.08900000000000001
Yamaha SZR 150cc 2012,2012,34000.0,first owner,bengaluru,40.0,12.0,24000,150.0,Yamaha,12,0.08
Bajaj Pulsar 180cc 2016,2016,78000.0,first owner,jodhpur,65.0,17.0,51000,180.0,Bajaj,8,0.09444444444444444
TVS Apache RTR 160 4V DISC ABS BS6 2021,2021,95000.0,fourth owner or more,mumbai,40.0,15.6,55000,160.0,TVS,3,0.0975
TVS Apache RTR 160 4V FI 2019,2019,95000.0,third owner,mumbai,40.0,16.1,53000,160.0,TVS,5,0.100625
KTM RC 390cc 2016,2016,10000.0,first owner,mumbai,26.0,42.3,140000,390.0,KTM,8,0.10846153846153846
Royal Enfield Classic 350cc 2014,2014,25100.0,first owner,gautam buddha nagar,35.0,19.8,98000,350.0,Royal Enfield,10,0.05657142857142857
Bajaj Discover 150S Disc 2015,2015,70.0,first owner,ahmedabad,70.0,13.0,30000,150.0,Bajaj,9,0.08666666666666667
Suzuki Gixxer SF 150cc SP Rear Disc 2017,2017,17000.0,second owner,jamshedpur,40.0,14.6,60000,150.0,Suzuki,7,0.09733333333333333
Bajaj Pulsar 180cc 2012,2012,55000.0,first owner,jaipur,45.0,17.0,26000,180.0,Bajaj,12,0.09444444444444444
Bajaj Platina 110 CBS 2019,2019,4902.0,first owner,madhupur,40.0,8.6,44550,110.0,Bajaj,5,0.07818181818181817
Suzuki Intruder 150cc 2019,2019,8941.0,first owner,delhi,40.0,14.6,82000,150.0,Suzuki,5,0.09733333333333333
Honda CBR 250R 2017,2017,38.0,second owner,patiala,38.0,26.15,89500,250.0,Honda,7,0.1046
Hero Glamour 125cc 2018,2018,50000.0,first owner,hyderabad,45.0,6.72,48000,125.0,Hero,6,0.053759999999999995
Bajaj Pulsar NS200 2012,2012,35.0,second owner,delhi,35.0,23.19,45000,200.0,Bajaj,12,0.11595000000000001
Yamaha FZ25 250cc 2018,2018,25272.0,second owner,delhi,43.0,20.3,91000,250.0,Yamaha,6,0.08120000000000001
Bajaj Dominar 400 ABS 2017,2017,28.0,first owner,mumbai,28.0,34.5,120000,400.0,Bajaj,7,0.08625
Yamaha FZs 150cc 2014,2014,43000.0,first owner,hyderabad,45.0,13.0,61000,150.0,Yamaha,10,0.08666666666666667
Hero Glamour Disc 125cc 2015,2015,46000.0,first owner,hyderabad,55.0,8.9,42000,125.0,Hero,9,0.0712
TVS Phoenix 125cc 2014,2014,77.0,first owner,hyderabad,77.0,10.9,27000,125.0,TVS,10,0.0872
Honda CB Shine 125cc CBS 2019,2019,65.0,first owner,vadodara,65.0,10.0,63000,125.0,Honda,5,0.08
Royal Enfield Thunderbird 350cc 2017,2017,15000.0,first owner,delhi,40.0,19.8,102000,350.0,Royal Enfield,7,0.05657142857142857
Honda CB Shine 125cc 2015,2015,65.0,first owner,delhi,65.0,10.0,28600,125.0,Honda,9,0.08
Royal Enfield Classic 350cc 2016,2016,12500.0,first owner,chandrapur,35.0,19.8,41250,350.0,Royal Enfield,8,0.05657142857142857
Royal Enfield Classic 350cc 2019,2019,15500.0,first owner,indore,35.0,19.8,60000,350.0,Royal Enfield,5,0.05657142857142857
Hero HF Deluxe self Alloy 100cc 2018,2018,14322.0,first owner,gurgaon,55.0,6.15,32000,100.0,Hero,6,0.061500000000000006
Royal Enfield Thunderbird 350cc 2009,2009,69000.0,first owner,mumbai,35.0,19.8,65000,350.0,Royal Enfield,15,0.05657142857142857
Bajaj Pulsar 220F 2018,2018,37000.0,first owner,delhi,38.0,21.0,72000,220.0,Bajaj,6,0.09545454545454546
TVS Apache RTR 180cc 2017,2017,45.0,first owner,ajmer,45.0,17.2,52000,180.0,TVS,7,0.09555555555555555
Hero Super Splendor 125cc i3s 2019,2019,12500.0,first owner,bangalore,75.0,9.0,25000,125.0,Hero,5,0.072
Honda CD 110 Dream 2018,2018,84.0,first owner,delhi,84.0,8.25,38000,110.0,Honda,6,0.075
Bajaj Pulsar 180cc 2011,2011,24300.0,first owner,bangalore,65.0,15.0,35000,180.0,Bajaj,13,0.08333333333333333
TVS Apache RTR 160cc 2011,2011,60.0,first owner,bangalore,60.0,15.2,35000,160.0,TVS,13,0.095
Bajaj Pulsar 220F 2018,2018,17900.0,first owner,bangalore,38.0,21.0,88000,220.0,Bajaj,6,0.09545454545454546
KTM RC 200cc 2017,2017,9000.0,first owner,chennai,35.0,25.1,68000,200.0,KTM,7,0.1255
Yamaha FZ16 150cc 2014,2014,58.0,first owner,hyderabad,58.0,13.0,41500,150.0,Yamaha,10,0.08666666666666667
Royal Enfield Classic 350cc ABS 2019,2019,11735.0,first owner,delhi,35.0,19.8,172000,350.0,Royal Enfield,5,0.05657142857142857
Bajaj Pulsar RS200 ABS 2015,2015,35.0,fourth owner or more,mumbai,35.0,24.16,54000,200.0,Bajaj,9,0.1208
Bajaj Pulsar RS200 ABS 2019,2019,35.0,first owner,mumbai,35.0,24.5,115000,200.0,Bajaj,5,0.1225
TVS Apache RTR 180cc 2014,2014,45.0,third owner,sirsa,45.0,17.2,31840,180.0,TVS,10,0.09555555555555555
Royal Enfield Classic 350cc 2013,2013,30000.0,first owner,vadodara,35.0,19.8,84575,350.0,Royal Enfield,11,0.05657142857142857
Hero Passion Pro 100cc 2013,2013,35000.0,first owner,delhi,5.0,8.2,22200,100.0,Hero,11,0.08199999999999999
Bajaj Pulsar 220cc 2010,2010,25000.0,first owner,gurgaon,38.0,21.0,22000,220.0,Bajaj,14,0.09545454545454546
Royal Enfield Thunderbird 350cc 2013,2013,36000.0,first owner,mumbai,40.0,19.8,80000,350.0,Royal Enfield,11,0.05657142857142857
Royal Enfield Classic 350cc 2017,2017,15567.0,second owner,delhi,35.0,19.8,128000,350.0,Royal Enfield,7,0.05657142857142857
Royal Enfield Classic 350cc-Redditch Edition Dual Disc 2018,2018,31000.0,first owner,indore,35.0,19.8,145000,350.0,Royal Enfield,6,0.05657142857142857
Honda CBR 150R 150cc 2015,2015,38.0,first owner,karur,38.0,18.28,100000,150.0,Honda,9,0.12186666666666668
Bajaj Pulsar NS200 2012,2012,35.0,first owner,meerut,35.0,23.19,45000,200.0,Bajaj,12,0.11595000000000001
Hero Xtreme 150cc 2017,2017,40000.0,first owner,hyderabad,50.0,14.2,45000,150.0,Hero,7,0.09466666666666666
Royal Enfield Classic 350cc 2016,2016,50000.0,first owner,hyderabad,35.0,19.8,165000,350.0,Royal Enfield,8,0.05657142857142857
Yamaha MT-15 150cc BS6 2020,2020,4700.0,first owner,bengaluru,40.0,18.23,155000,150.0,Yamaha,4,0.12153333333333334
Hero Karizma ZMR 223cc 2010,2010,46000.0,second owner,chennai,48.0,20.0,46000,223.0,Hero,14,0.08968609865470852
TVS Apache RTR 160cc 2017,2017,60.0,first owner,patna,60.0,15.2,30000,160.0,TVS,7,0.095
Bajaj Pulsar RS200 ABS 2015,2015,35.0,first owner,navi mumbai,35.0,24.16,75000,200.0,Bajaj,9,0.1208
Bajaj Pulsar AS150 2015,2015,34000.0,first owner,mumbai,53.0,16.8,43000,150.0,Bajaj,9,0.112
Bajaj Pulsar 220cc 2013,2013,97000.0,fourth owner or more,jodhpur,38.0,21.0,22000,220.0,Bajaj,11,0.09545454545454546
UM Renegade Commando 2017,2017,4000.0,first owner,delhi,35.0,24.8,120000,279.0,UM,7,0.08888888888888889
Bajaj Discover 100cc 2016,2016,80.0,first owner,didwana,80.0,7.7,20700,100.0,Bajaj,8,0.077
Bajaj Pulsar 150cc 2012,2012,65.0,second owner,bangalore,65.0,14.85,45000,150.0,Bajaj,12,0.09899999999999999
Royal Enfield Classic Gunmetal Grey 350cc ABS 2019,2019,16000.0,first owner,delhi,35.0,19.8,164000,350.0,Royal Enfield,5,0.05657142857142857
Royal Enfield Thunderbird 350cc 2015,2015,30000.0,first owner,mumbai,40.0,19.8,90000,350.0,Royal Enfield,9,0.05657142857142857
Bajaj Dominar 400 2018,2018,28.0,first owner,aonla,28.0,34.5,120000,400.0,Bajaj,6,0.08625
TVS Star City 110cc 2013,2013,43000.0,first owner,bangalore,85.0,8.2,33500,110.0,TVS,11,0.07454545454545454
Hero Splendor iSmart 100cc 2016,2016,30000.0,second owner,ghaziabad,55.0,8.2,34000,100.0,Hero,8,0.08199999999999999
Bajaj Pulsar 150cc 2016,2016,65.0,first owner,pune,65.0,15.0,53000,150.0,Bajaj,8,0.1
Jawa Forty Two Dual ABS 295CC 2020,2020,1700.0,first owner,allahabad,40.0,27.0,220000,295.0,Jawa,4,0.09152542372881356
UM Renegade Commando Classic 2018,2018,9000.0,first owner,delhi,35.0,25.0,91662,279.0,UM,6,0.08960573476702509
Royal Enfield Thunderbird 500cc 2014,2014,40000.0,first owner,noida,25.0,27.2,75000,500.0,Royal Enfield,10,0.0544
Royal Enfield Thunderbird X 350cc ABS 2019,2019,4527.0,first owner,chennai,40.0,19.8,160000,350.0,Royal Enfield,5,0.05657142857142857
Bajaj Pulsar 150cc 2010,2010,65.0,first owner,jodhpur,65.0,14.85,19000,150.0,Bajaj,14,0.09899999999999999
Hero Passion Pro 100cc 2016,2016,19526.0,first owner,bangalore,5.0,8.2,37462,100.0,Hero,8,0.08199999999999999
Hero Passion Pro 100cc 2015,2015,45333.0,first owner,bangalore,84.0,8.2,32000,100.0,Hero,9,0.08199999999999999
Royal Enfield Thunderbird 500cc 2014,2014,12000.0,second owner,kheralu,25.0,27.2,90000,500.0,Royal Enfield,10,0.0544
TVS Apache RTR 160cc 2015,2015,60.0,first owner,jaipur,60.0,15.2,48000,160.0,TVS,9,0.095
TVS Apache RTR 160cc 2018,2018,60.0,second owner,jaipur,60.0,15.2,58900,160.0,TVS,6,0.095
Bajaj Pulsar 150cc 2015,2015,65.0,first owner,jodhpur,65.0,14.85,46000,150.0,Bajaj,9,0.09899999999999999
Bajaj Pulsar 220F 2018,2018,43000.0,first owner,delhi,38.0,21.0,73500,220.0,Bajaj,6,0.09545454545454546
Bajaj Discover 150cc 2011,2011,70.0,first owner,jaipur,70.0,13.0,12500,150.0,Bajaj,13,0.08666666666666667
Bajaj Pulsar NS160 2017,2017,64000.0,first owner,jaipur,40.0,15.5,59000,160.0,Bajaj,7,0.096875
Bajaj Pulsar 150cc 2019,2019,65.0,first owner,noida,65.0,15.0,67987,150.0,Bajaj,5,0.1
TVS Apache RR310 2019,2019,16000.0,first owner,gondia,22.0,33.0,175300,310.0,TVS,5,0.1064516129032258
Bajaj Pulsar RS200 2015,2015,35.0,second owner,pune,35.0,24.16,80000,200.0,Bajaj,9,0.1208
Royal Enfield Thunderbird 350cc 2017,2017,15000.0,first owner,ahmedabad,40.0,19.8,110000,350.0,Royal Enfield,7,0.05657142857142857
KTM 390 Adventure BS6 2020,2020,6770.0,first owner,hyderabad,40.0,42.3,314800,390.0,KTM,4,0.10846153846153846
Royal Enfield Thunderbird 500cc 2017,2017,4000.0,first owner,delhi,25.0,27.2,128000,500.0,Royal Enfield,7,0.0544
TVS Apache RTR 180cc 2019,2019,45.0,first owner,delhi,45.0,17.3,60000,180.0,TVS,5,0.09611111111111112
Bajaj Discover 100M 2014,2014,80.0,first owner,jodhpur,80.0,9.1,30000,100.0,Bajaj,10,0.091
Royal Enfield Electra 350cc 2011,2011,37000.0,first owner,ghaziabad,37.0,19.0,75000,350.0,Royal Enfield,13,0.054285714285714284
UM Renegade Commando 2017,2017,12000.0,first owner,delhi,35.0,24.8,96600,279.0,UM,7,0.08888888888888889
Honda CB ShineSP 125cc Disc 2016,2016,65.0,first owner,delhi,65.0,10.0,38000,125.0,Honda,8,0.08
Yamaha RX135 135cc 4-Speed 1998,1998,1000.0,first owner,secunderabad,40.0,14.0,65000,135.0,Yamaha,26,0.1037037037037037
Hero Xtreme 200R ABS 2020,2020,12500.0,first owner,vijayawada,39.4,18.1,79000,200.0,Hero,4,0.09050000000000001
TVS Apache RTR 180cc ABS 2016,2016,45.0,first owner,bangalore,45.0,17.3,70523,180.0,TVS,8,0.09611111111111112
Royal Enfield Classic 350cc 2016,2016,20977.0,first owner,delhi,35.0,19.8,110000,350.0,Royal Enfield,8,0.05657142857142857
Bajaj Avenger Street 220 ABS 2019,2019,9586.0,first owner,bangalore,45.0,14.3,95600,220.0,Bajaj,5,0.065
Yamaha FZs 150cc 2013,2013,37000.0,second owner,chennai,45.0,13.0,36000,150.0,Yamaha,11,0.08666666666666667
Bajaj Pulsar 220cc 2016,2016,20000.0,first owner,khagaria,38.0,21.0,45000,220.0,Bajaj,8,0.09545454545454546
Bajaj Pulsar 150cc 2016,2016,65.0,first owner,jodhpur,65.0,15.0,51000,150.0,Bajaj,8,0.1
Bajaj Avenger Street 220 2017,2017,55000.0,first owner,delhi,53.0,19.0,58000,220.0,Bajaj,7,0.08636363636363636
Royal Enfield Thunderbird 350cc 2010,2010,23000.0,second owner,valsad,35.0,19.8,56500,350.0,Royal Enfield,14,0.05657142857142857
Bajaj Discover 100T 2013,2013,24000.0,first owner,didwana,56.0,8.51,16400,100.0,Bajaj,11,0.0851
Bajaj Pulsar 180cc 2017,2017,6400.0,second owner,pali,65.0,17.0,60000,180.0,Bajaj,7,0.09444444444444444
Royal Enfield Classic 500cc 2016,2016,16000.0,first owner,mumbai,32.0,27.2,125000,500.0,Royal Enfield,8,0.0544
Royal Enfield Thunderbird 350cc ABS 2019,2019,3200.0,first owner,meerut,40.0,19.8,140000,350.0,Royal Enfield,5,0.05657142857142857
Hero Hunk 150cc 2010,2010,10000.0,first owner,delhi,53.0,14.0,28000,150.0,Hero,14,0.09333333333333334
Jawa Forty Two 295CC 2019,2019,11500.0,first owner,madurai,40.0,27.0,170000,295.0,Jawa,5,0.09152542372881356
Bajaj Avenger 220cc 2018,2018,33000.0,first owner,bangalore,40.0,19.0,50000,220.0,Bajaj,6,0.08636363636363636
TVS Apache RTR 160cc 2018,2018,60.0,second owner,delhi,60.0,15.2,52000,160.0,TVS,6,0.095
Bajaj Avenger Street 220 2017,2017,46000.0,first owner,delhi,53.0,19.0,60000,220.0,Bajaj,7,0.08636363636363636
Bajaj Pulsar NS200 2017,2017,42.0,third owner,delhi,42.0,23.2,56300,200.0,Bajaj,7,0.11599999999999999
Bajaj Pulsar 220F 2015,2015,19000.0,first owner,delhi,38.0,21.0,50400,220.0,Bajaj,9,0.09545454545454546
Bajaj Discover 125T 2013,2013,29000.0,first owner,jaipur,68.0,12.5,19200,125.0,Bajaj,11,0.1
Bajaj Pulsar 220F ABS FI BS6 2020,2020,67000.0,fourth owner or more,delhi,38.5,20.11,55800,220.0,Bajaj,4,0.09140909090909091
Bajaj Pulsar 150cc 2009,2009,65.0,first owner,delhi,65.0,14.85,15200,150.0,Bajaj,15,0.09899999999999999
TVS Apache RTR 180cc 2017,2017,45.0,first owner,gautam buddha nagar,45.0,17.2,32000,180.0,TVS,7,0.09555555555555555
Bajaj Pulsar 220cc 2013,2013,18000.0,first owner,delhi,38.0,21.0,36500,220.0,Bajaj,11,0.09545454545454546
Bajaj Pulsar 150cc 2016,2016,65.0,first owner,delhi,65.0,15.0,47700,150.0,Bajaj,8,0.1
Bajaj Pulsar 125cc Disc BS6 2020,2020,85000.0,second owner,delhi,62.0,11.64,52200,125.0,Bajaj,4,0.09312000000000001
Royal Enfield Classic 350cc ABS Stealth Black BS6 2020,2020,1200.0,first owner,asansol,35.0,19.1,180000,350.0,Royal Enfield,4,0.054571428571428576
Royal Enfield Thunderbird 350cc 2009,2009,56000.0,first owner,koraput,35.0,19.8,50000,350.0,Royal Enfield,15,0.05657142857142857
Royal Enfield Classic 350cc Signals Edition 2018,2018,13000.0,first owner,mumbai,35.0,19.8,176375,350.0,Royal Enfield,6,0.05657142857142857
Yamaha Fazer 150cc 2012,2012,45.0,second owner,kolkata,45.0,13.0,42000,150.0,Yamaha,12,0.08666666666666667
TVS Apache RTR 160cc 2018,2018,60.0,first owner,delhi,60.0,15.2,53000,160.0,TVS,6,0.095
Bajaj Pulsar AS150 2015,2015,23000.0,first owner,delhi,53.0,16.8,38200,150.0,Bajaj,9,0.112
TVS Apache RTR 160 4V Disc 2018,2018,33000.0,third owner,delhi,40.0,16.1,55600,160.0,TVS,6,0.100625
Yamaha YZF-R15 2.0 150cc 2017,2017,28500.0,first owner,chennai,42.0,16.7,70000,150.0,Yamaha,7,0.11133333333333333
Royal Enfield Classic 350cc Signals Edition 2019,2019,8500.0,first owner,jamshedpur,35.0,19.8,163700,350.0,Royal Enfield,5,0.05657142857142857
Bajaj Pulsar 220cc 2016,2016,35000.0,first owner,delhi,38.0,21.0,57700,220.0,Bajaj,8,0.09545454545454546
TVS Apache RTR 200 4V FI 2017,2017,40.0,second owner,delhi,40.0,20.7,57000,200.0,TVS,7,0.1035
TVS Apache RTR 160cc 2016,2016,60.0,first owner,delhi,60.0,15.2,46000,160.0,TVS,8,0.095
Yamaha YZF-R15 V3 Darknight edition 2019,2019,1945.0,first owner,ajmer,40.0,18.7,130000,150.0,Yamaha,5,0.12466666666666666
TVS Apache RTR 200 4V ABS Race Edition 2018,2018,40.0,first owner,delhi,40.0,20.23,67851,200.0,TVS,6,0.10115
Royal Enfield Bullet Electra 350cc 2013,2013,38150.0,first owner,hyderabad,40.0,19.8,90000,350.0,Royal Enfield,11,0.05657142857142857
Bajaj Pulsar 150cc ABS FI BS6 2020,2020,55.0,third owner,delhi,55.0,13.8,62100,150.0,Bajaj,4,0.092
Bajaj Dominar 400 ABS 2018,2018,28.0,first owner,patna,28.0,34.5,139999,400.0,Bajaj,6,0.08625
TVS Apache RTR 160 4V Disc 2018,2018,49000.0,first owner,delhi,40.0,16.1,64100,160.0,TVS,6,0.100625
Bajaj Platina 110 H Gear Disc 2019,2019,7900.0,first owner,delhi,40.0,8.6,50000,110.0,Bajaj,5,0.07818181818181817
Bajaj Pulsar NS160 2018,2018,54000.0,second owner,delhi,40.0,15.5,56300,160.0,Bajaj,6,0.096875
Bajaj Pulsar 125cc Disc BS6 2020,2020,55000.0,second owner,delhi,62.0,11.64,58700,125.0,Bajaj,4,0.09312000000000001
Bajaj Pulsar 180cc 2012,2012,16000.0,first owner,delhi,45.0,17.0,25400,180.0,Bajaj,12,0.09444444444444444
Royal Enfield‎ Bullet 350cc 1990,1990,13031.0,third owner,abiramam,37.0,19.8,100000,350.0,Royal Enfield,34,0.05657142857142857
Yamaha FZ 150cc 2012,2012,58.0,second owner,gurgaon,58.0,13.0,26000,150.0,Yamaha,12,0.08666666666666667
Hero Passion 100cc 2006,2006,20000.0,first owner,ghaziabad,45.0,7.5,10200,100.0,Hero,18,0.075
Royal Enfield Bullet Electra 350cc 2009,2009,13245.0,second owner,delhi,30.0,19.8,52000,350.0,Royal Enfield,15,0.05657142857142857
Yamaha YZF-R15 150cc 2011,2011,67304.0,second owner,mumbai,42.0,16.0,38000,150.0,Yamaha,13,0.10666666666666667
KTM Duke 390cc 2016,2016,15500.0,second owner,jaipur,25.0,42.9,94275,390.0,KTM,8,0.11
Bajaj Pulsar AS200 2016,2016,42.0,first owner,delhi,42.0,23.2,49000,200.0,Bajaj,8,0.11599999999999999
Bajaj Pulsar 150cc 2019,2019,65.0,first owner,delhi,65.0,15.0,57600,150.0,Bajaj,5,0.1
Royal Enfield Thunderbird X 350cc ABS 2019,2019,20500.0,first owner,hyderabad,40.0,19.8,131671,350.0,Royal Enfield,5,0.05657142857142857
TVS Apache RTR 160cc 2007,2007,60.0,first owner,delhi,60.0,15.2,15000,160.0,TVS,17,0.095
KTM RC 200cc 2018,2018,9876.0,first owner,delhi,35.0,25.1,120000,200.0,KTM,6,0.1255
Bajaj Pulsar 220F 2017,2017,7896.0,first owner,delhi,38.0,21.0,55000,220.0,Bajaj,7,0.09545454545454546
Bajaj Pulsar 220F 2017,2017,65000.0,third owner,mumbai,38.0,21.0,55600,220.0,Bajaj,7,0.09545454545454546
Bajaj Pulsar 220F 2015,2015,49000.0,first owner,delhi,38.0,21.0,48600,220.0,Bajaj,9,0.09545454545454546
Royal Enfield Thunderbird X 350cc 2019,2019,21500.0,first owner,hyderabad,40.0,19.8,152000,350.0,Royal Enfield,5,0.05657142857142857
Royal Enfield Classic 350cc 2014,2014,40679.0,first owner,bangalore,35.0,19.8,98000,350.0,Royal Enfield,10,0.05657142857142857
Bajaj Pulsar 180cc 2010,2010,46000.0,first owner,jodhpur,65.0,15.0,19000,180.0,Bajaj,14,0.08333333333333333
Suzuki Gixxer SF Fi 150cc SP ABS 2019,2019,2632.0,first owner,pune,40.0,14.6,90000,150.0,Suzuki,5,0.09733333333333333
Royal Enfield Classic 350cc 2019,2019,8463.0,first owner,delhi,35.0,19.8,155000,350.0,Royal Enfield,5,0.05657142857142857
Hero Ignitor 125cc 2015,2015,29704.0,first owner,delhi,55.0,11.0,35000,125.0,Hero,9,0.088
Yamaha FZS FI 150cc 2018,2018,20517.0,first owner,delhi,52.0,12.9,68000,150.0,Yamaha,6,0.08600000000000001
TVS Apache RTR 160 4V FI 2018,2018,20429.0,first owner,delhi,40.0,16.1,74000,160.0,TVS,6,0.100625
Suzuki Gixxer 150cc 2018,2018,16525.0,first owner,delhi,63.0,14.0,64000,150.0,Suzuki,6,0.09333333333333334
Bajaj Pulsar 150cc 2016,2016,65.0,first owner,bangalore,65.0,15.0,58283,150.0,Bajaj,8,0.1
Royal Enfield Electra 350cc 2016,2016,16000.0,first owner,kottayam,25.0,19.8,86250,350.0,Royal Enfield,8,0.05657142857142857
Bajaj Pulsar 125cc Disc BS6 2020,2020,91000.0,second owner,mumbai,62.0,11.64,55400,125.0,Bajaj,4,0.09312000000000001
KTM Duke 390cc 2016,2016,2350.0,first owner,delhi,25.0,42.9,134000,390.0,KTM,8,0.11
Hero Passion Xpro 110cc 2018,2018,15000.0,first owner,delhi,55.0,6.72,39500,110.0,Hero,6,0.06109090909090909
TVS Apache RTR 200 4V FI 2017,2017,40.0,third owner,delhi,40.0,20.7,56600,200.0,TVS,7,0.1035
Honda X-Blade 160CC ABS 2019,2019,6700.0,first owner,bankura,40.0,13.93,90000,160.0,Honda,5,0.0870625
Bajaj Discover 150cc 2011,2011,70.0,first owner,jaipur,70.0,13.0,12300,150.0,Bajaj,13,0.08666666666666667
Bajaj Pulsar 180cc 2013,2013,25000.0,first owner,delhi,65.0,15.0,30000,180.0,Bajaj,11,0.08333333333333333
Yamaha FZ 150cc 2016,2016,58.0,first owner,gurgaon,58.0,13.0,42000,150.0,Yamaha,8,0.08666666666666667
Yamaha FZ 150cc 2015,2015,58.0,first owner,vijayawada,58.0,13.0,65000,150.0,Yamaha,9,0.08666666666666667
TVS Apache RTR 200 4V Dual Channel ABS BS6 2019,2019,40.0,first owner,mumbai,40.0,20.2,90000,200.0,TVS,5,0.10099999999999999
Honda CB ShineSP 125cc Disc 2019,2019,65.0,first owner,delhi,65.0,10.0,53000,125.0,Honda,5,0.08
TVS Star City Plus 110cc 2015,2015,39985.0,first owner,bangalore,85.0,8.2,25500,110.0,TVS,9,0.07454545454545454
KTM RC 200cc 2017,2017,12000.0,first owner,rajkot,35.0,25.1,138880,200.0,KTM,7,0.1255
Royal Enfield Classic 350cc 2015,2015,10688.0,first owner,pune,35.0,19.8,175000,350.0,Royal Enfield,9,0.05657142857142857
Bajaj Discover 125cc Disc 2018,2018,23000.0,first owner,pune,65.0,10.9,48700,125.0,Bajaj,6,0.0872
Hero Passion Xpro Disc Self Alloy 2018,2018,15222.0,first owner,delhi,55.0,8.0,36000,109.0,Hero,6,0.07339449541284404
KTM Duke 200cc 2012,2012,80000.0,first owner,panchkula,35.0,25.0,56900,200.0,KTM,12,0.125
KTM Duke 200cc 2018,2018,16586.0,first owner,jaipur,35.0,24.6,130000,200.0,KTM,6,0.12300000000000001
Hero Glamour 125cc 2013,2013,20000.0,first owner,delhi,55.0,8.9,18600,125.0,Hero,11,0.0712
Royal Enfield Thunderbird 350cc 2018,2018,38000.0,first owner,ranchi,40.0,19.8,120000,350.0,Royal Enfield,6,0.05657142857142857
Suzuki Gixxer 150cc 2016,2016,13000.0,first owner,gurgaon,63.0,14.0,45000,150.0,Suzuki,8,0.09333333333333334
Royal Enfield Bullet 500cc 2016,2016,24000.0,first owner,delhi,25.0,26.37,150000,500.0,Royal Enfield,8,0.05274
Bajaj Pulsar 220cc 2013,2013,19000.0,first owner,delhi,38.0,21.0,36400,220.0,Bajaj,11,0.09545454545454546
Bajaj Pulsar 125cc Disc CBS 2019,2019,9168.0,first owner,ahmedabad,40.0,11.8,56000,125.0,Bajaj,5,0.09440000000000001
Bajaj Pulsar RS200 ABS 2016,2016,35.0,first owner,bikaner,35.0,24.5,70000,200.0,Bajaj,8,0.1225
Royal Enfield Classic 350cc 2019,2019,11500.0,first owner,coimbatore,35.0,19.8,60000,350.0,Royal Enfield,5,0.05657142857142857
Royal Enfield Classic 350cc 2019,2019,12581.0,first owner,hosur,35.0,19.8,60000,350.0,Royal Enfield,5,0.05657142857142857
Royal Enfield Classic 350cc 2019,2019,11250.0,first owner,coimbatore,35.0,19.8,60000,350.0,Royal Enfield,5,0.05657142857142857
Royal Enfield Thunderbird 350cc 2014,2014,33700.0,first owner,pune,40.0,19.8,90000,350.0,Royal Enfield,10,0.05657142857142857
KTM Duke 200cc 2014,2014,30000.0,second owner,hyderabad,35.0,25.0,75000,200.0,KTM,10,0.125
Royal Enfield Classic Squadron Blue 500cc 2016,2016,3161.0,first owner,chandigarh,25.0,27.2,124375,500.0,Royal Enfield,8,0.0544
Bajaj Pulsar 150cc 2013,2013,65.0,first owner,mumbai,65.0,14.85,31000,150.0,Bajaj,11,0.09899999999999999
Royal Enfield Classic Desert Storm 500cc 2017,2017,11955.0,first owner,bangalore,32.0,27.2,175000,500.0,Royal Enfield,7,0.0544
Bajaj Pulsar 220F 2018,2018,18450.0,first owner,noida,38.0,21.0,75000,220.0,Bajaj,6,0.09545454545454546
Yamaha YZF-R15 V3 150cc Darknight edition BS6 2020,2020,10000.0,first owner,junagadh,40.0,18.3,140000,150.0,Yamaha,4,0.12200000000000001
Royal Enfield Himalayan 410cc Sleet ABS 2019,2019,15000.0,first owner,bomdila,32.0,24.5,180000,410.0,Royal Enfield,5,0.05975609756097561
Royal Enfield Thunderbird X 350cc ABS 2019,2019,14800.0,first owner,mumbai,40.0,19.8,155625,350.0,Royal Enfield,5,0.05657142857142857
Bajaj Pulsar 150cc 2010,2010,65.0,first owner,pune,65.0,14.85,20800,150.0,Bajaj,14,0.09899999999999999
Bajaj Pulsar NS200 2018,2018,42.0,fourth owner or more,pune,42.0,23.2,42000,200.0,Bajaj,6,0.11599999999999999
Honda CB Hornet 160R CBS 2016,2016,52.0,first owner,vadodara,52.0,15.44,59800,160.0,Honda,8,0.0965
Honda CB Hornet 160R STD 2016,2016,52.0,first owner,chennai,52.0,15.44,47000,160.0,Honda,8,0.0965
Royal Enfield Classic 350cc 2014,2014,47000.0,first owner,mumbai,35.0,19.8,95000,350.0,Royal Enfield,10,0.05657142857142857
Bajaj Pulsar 150cc 2015,2015,65.0,first owner,pune,65.0,14.85,44000,150.0,Bajaj,9,0.09899999999999999
Honda CB Hornet 160R  ABS STD 2019,2019,52.0,first owner,jaipur,52.0,15.44,55000,160.0,Honda,5,0.0965
Honda CB Trigger 150cc 2014,2014,13200.0,first owner,gurgaon,60.0,14.0,26000,150.0,Honda,10,0.09333333333333334
Honda CB Trigger 150cc 2015,2015,60.0,first owner,gurgaon,60.0,14.0,27000,150.0,Honda,9,0.09333333333333334
Bajaj Pulsar 220cc 2008,2008,10000.0,first owner,mumbai,38.0,21.0,26000,220.0,Bajaj,16,0.09545454545454546
Bajaj  Pulsar 180cc 2011,2011,43000.0,first owner,delhi,45.0,17.0,22000,180.0,Bajaj,13,0.09444444444444444
Honda CBR 150R 150cc 2012,2012,37208.0,second owner,pune,38.0,18.28,49000,150.0,Honda,12,0.12186666666666668
Royal Enfield Bullet Electra 350cc 2006,2006,6899.0,second owner,delhi,30.0,19.8,58700,350.0,Royal Enfield,18,0.05657142857142857
Honda CB Shine 125cc 2011,2011,65.0,first owner,vadodara,65.0,10.0,25000,125.0,Honda,13,0.08
Bajaj Avenger Street 160 ABS FI BS6 2020,2020,10331.0,first owner,madhupur,53.72,14.79,84150,160.0,Bajaj,4,0.09243749999999999
Bajaj V15 150cc 2016,2016,22000.0,first owner,delhi,57.0,11.8,35000,150.0,Bajaj,8,0.07866666666666668
Bajaj Platina 100cc 2014,2014,104.0,first owner,delhi,104.0,8.2,28000,100.0,Bajaj,10,0.08199999999999999
Royal Enfield Bullet Electra 350cc 2017,2017,15000.0,first owner,delhi,40.0,19.8,118000,350.0,Royal Enfield,7,0.05657142857142857
TVS Apache RTR 160cc 2015,2015,60.0,first owner,kolkata,60.0,15.2,43065,160.0,TVS,9,0.095
Royal Enfield Classic 350cc 2014,2014,16900.0,first owner,kolkata,35.0,19.8,99000,350.0,Royal Enfield,10,0.05657142857142857
Bajaj Pulsar 150cc 2018,2018,65.0,first owner,vadodara,65.0,15.0,57420,150.0,Bajaj,6,0.1
KTM Duke 200cc 2016,2016,24000.0,first owner,hyderabad,35.0,24.6,100000,200.0,KTM,8,0.12300000000000001
Bajaj Pulsar 220F 2013,2013,20000.0,first owner,delhi,38.0,21.0,35800,220.0,Bajaj,11,0.09545454545454546
Yamaha FZS FI 150cc 2019,2019,3500.0,first owner,chennai,52.0,12.9,91000,150.0,Yamaha,5,0.08600000000000001
Bajaj Dominar 400 ABS 2018,2018,28.0,first owner,ghaziabad,28.0,34.5,130000,400.0,Bajaj,6,0.08625
KTM Duke 200cc 2016,2016,19000.0,first owner,delhi,35.0,24.6,105000,200.0,KTM,8,0.12300000000000001
KTM Duke 125cc 2019,2019,9650.0,first owner,mumbai,40.0,14.3,114125,125.0,KTM,5,0.1144
Honda H’ness CB 350 DLX 2021,2021,3900.0,first owner,mumbai,45.8,20.78,217875,350.0,Honda,3,0.059371428571428575
Bajaj Pulsar 220F ABS FI BS6 2020,2020,94000.0,third owner,delhi,38.5,20.11,66000,220.0,Bajaj,4,0.09140909090909091
Royal Enfield Electra 350cc 2014,2014,12358.0,first owner,nagpur,37.0,19.0,110000,350.0,Royal Enfield,10,0.054285714285714284
Suzuki Gixxer 150cc 2014,2014,9800.0,first owner,jhansi,63.0,14.0,60000,150.0,Suzuki,10,0.09333333333333334
Hero Karizma ZMR 223cc 2014,2014,37000.0,second owner,pune,48.0,20.0,39000,223.0,Hero,10,0.08968609865470852
TVS Victor 110cc Disc 2016,2016,74.0,first owner,vadodara,74.0,9.5,35800,110.0,TVS,8,0.08636363636363636
Bajaj Avenger Street 220 2016,2016,12000.0,first owner,bangalore,53.0,19.0,75000,220.0,Bajaj,8,0.08636363636363636
Royal Enfield Classic 350cc 2016,2016,11000.0,second owner,delhi,35.0,19.8,140000,350.0,Royal Enfield,8,0.05657142857142857
Royal Enfield Bullet Electra 350cc 2015,2015,9100.0,first owner,mumbai,40.0,19.8,95000,350.0,Royal Enfield,9,0.05657142857142857
Honda CB Unicorn Dazzler 150cc 2010,2010,60.0,first owner,kalyan,60.0,14.0,23500,150.0,Honda,14,0.09333333333333334
Hero Hunk 150cc 2012,2012,53000.0,first owner,pune,53.0,14.0,45000,150.0,Hero,12,0.09333333333333334
TVS Apache RTR 200 4V Carburetor 2017,2017,40.0,first owner,delhi,40.0,20.7,60500,200.0,TVS,7,0.1035
Bajaj Pulsar 180cc 2006,2006,1500.0,first owner,jaipur,65.0,15.0,11900,180.0,Bajaj,18,0.08333333333333333
KTM Duke 200cc 2014,2014,9604.0,first owner,bangalore,35.0,25.0,110000,200.0,KTM,10,0.125
KTM Duke 200cc 2015,2015,19653.0,first owner,bangalore,35.0,25.0,118000,200.0,KTM,9,0.125
Royal Enfield Classic 350cc 2019,2019,7500.0,first owner,delhi,35.0,19.8,163000,350.0,Royal Enfield,5,0.05657142857142857
KTM Duke 125cc 2019,2019,6000.0,first owner,delhi,40.0,14.3,128000,125.0,KTM,5,0.1144
Royal Enfield Standard 350cc 2020,2020,30.0,first owner,delhi,30.0,18.0,147000,350.0,Royal Enfield,4,0.05142857142857143
KTM Duke 125cc 2019,2019,11000.0,first owner,delhi,40.0,14.3,133000,125.0,KTM,5,0.1144
Royal Enfield Classic Gunmetal Grey 350cc 2019,2019,10000.0,first owner,delhi,35.0,19.8,168000,350.0,Royal Enfield,5,0.05657142857142857
Royal Enfield Classic 350cc 2019,2019,7000.0,first owner,rajkot,35.0,19.8,165000,350.0,Royal Enfield,5,0.05657142857142857
TVS Apache RTR 160cc 2016,2016,60.0,first owner,mumbai,60.0,15.2,56000,160.0,TVS,8,0.095
KTM Duke 250cc 2017,2017,16000.0,first owner,mumbai,40.0,29.6,145300,250.0,KTM,7,0.1184
Hero Karizma R 223cc 2016,2016,7960.0,first owner,moradabad,40.0,17.0,42000,223.0,Hero,8,0.07623318385650224
Honda CB Shine 125cc 2018,2018,65.0,first owner,tumkur,65.0,10.0,30000,125.0,Honda,6,0.08
KTM Duke 200cc 2013,2013,40000.0,first owner,bangalore,35.0,25.0,85000,200.0,KTM,11,0.125
Royal Enfield Classic 350cc 2019,2019,12500.0,first owner,coimbatore,35.0,19.8,60000,350.0,Royal Enfield,5,0.05657142857142857
Royal Enfield Standard 350cc 2011,2011,37.0,first owner,delhi,37.0,19.8,66000,350.0,Royal Enfield,13,0.05657142857142857
Bajaj Avenger Street 150 2016,2016,12000.0,first owner,delhi,50.0,14.3,70000,150.0,Bajaj,8,0.09533333333333334
Bajaj Pulsar 135LS 2015,2015,17000.0,first owner,asansol,64.0,13.0,23925,135.0,Bajaj,9,0.0962962962962963
Bajaj Discover 100cc 2014,2014,80.0,first owner,masaurhi,80.0,7.7,16000,100.0,Bajaj,10,0.077
Bajaj Pulsar 150cc 2016,2016,65.0,first owner,mangalore,65.0,15.0,25000,150.0,Bajaj,8,0.1
Bajaj Pulsar 150cc 2016,2016,65.0,first owner,annigeri,65.0,15.0,30000,150.0,Bajaj,8,0.1
Yamaha YZF-R15 V3 150cc Darknight edition BS6 2020,2020,9200.0,first owner,mumbai,40.0,18.3,150000,150.0,Yamaha,4,0.12200000000000001
Yamaha Saluto RX 110cc 2017,2017,70.0,first owner,delhi,70.0,7.0,32500,110.0,Yamaha,7,0.06363636363636363
Suzuki Intruder 150cc BS6 2021,2021,1000.0,first owner,etawah,40.0,14.6,147800,150.0,Suzuki,3,0.09733333333333333
KTM Duke 200cc ABS 2018,2018,8067.0,first owner,bangalore,35.0,24.6,165000,200.0,KTM,6,0.12300000000000001
Royal Enfield Continental GT Twin 650cc 2017,2017,1200.0,first owner,chennai,40.0,47.0,310000,650.0,Royal Enfield,7,0.07230769230769231
Bajaj V15 150cc 2017,2017,30000.0,first owner,delhi,57.0,11.8,31000,150.0,Bajaj,7,0.07866666666666668
Royal Enfield Bullet Electra 350cc 2017,2017,13972.0,first owner,delhi,40.0,19.8,105000,350.0,Royal Enfield,7,0.05657142857142857
Royal Enfield Classic 350cc 2013,2013,17000.0,first owner,bhatinda,35.0,19.8,105000,350.0,Royal Enfield,11,0.05657142857142857
Yamaha FZ S V 2.0 150cc 2018,2018,58.0,first owner,pune,58.0,13.0,66000,150.0,Yamaha,6,0.08666666666666667
Bajaj Pulsar 220cc 2011,2011,41000.0,first owner,mumbai,38.0,21.0,29000,220.0,Bajaj,13,0.09545454545454546
Yamaha YZF-R15 2.0 150cc 2011,2011,100000.0,second owner,bangalore,42.0,16.7,50000,150.0,Yamaha,13,0.11133333333333333
Bajaj Pulsar 180cc 2011,2011,84000.0,first owner,jaipur,65.0,15.0,22000,180.0,Bajaj,13,0.08333333333333333
Bajaj Pulsar 125cc Disc BS6 2020,2020,48000.0,fourth owner or more,jaipur,62.0,11.64,41000,125.0,Bajaj,4,0.09312000000000001
TVS Apache RTR 200 4V FI 2017,2017,40.0,first owner,delhi,40.0,20.7,65000,200.0,TVS,7,0.1035
Royal Enfield Classic 500cc 2015,2015,10000.0,first owner,gurgaon,32.0,27.2,93000,500.0,Royal Enfield,9,0.0544
Royal Enfield Classic 350cc 2018,2018,13000.0,second owner,gurgaon,35.0,19.8,100000,350.0,Royal Enfield,6,0.05657142857142857
TVS Apache RTR 200 4V FI 2017,2017,40.0,first owner,jaipur,40.0,20.7,69000,200.0,TVS,7,0.1035
Yamaha FZs 150cc 2015,2015,17345.0,first owner,jamshedpur,45.0,13.0,58000,150.0,Yamaha,9,0.08666666666666667
Royal Enfield Classic 350cc 2018,2018,12500.0,first owner,bagalkot,35.0,19.8,60000,350.0,Royal Enfield,6,0.05657142857142857
Hero Hunk 150cc 2016,2016,40000.0,first owner,erode,53.0,14.0,40000,150.0,Hero,8,0.09333333333333334
Hero Super Splendor 125cc 2006,2006,58000.0,first owner,navi mumbai,75.0,9.0,15000,125.0,Hero,18,0.072
Yamaha YZF-R15 V3 150CC ABS 2019,2019,521.0,first owner,delhi,40.0,18.7,143000,150.0,Yamaha,5,0.12466666666666666
Bajaj Avenger 180cc 2006,2006,57500.0,first owner,bangalore,40.0,19.0,36000,180.0,Bajaj,18,0.10555555555555556
Bajaj Pulsar 135LS 2010,2010,55300.0,first owner,delhi,64.0,13.0,14100,135.0,Bajaj,14,0.0962962962962963
Royal Enfield Classic Gunmetal Grey 350cc ABS 2019,2019,21000.0,second owner,navi mumbai,35.0,19.8,157600,350.0,Royal Enfield,5,0.05657142857142857
Royal Enfield Classic 350cc ABS 2019,2019,13230.0,first owner,barabanki,35.0,19.8,170000,350.0,Royal Enfield,5,0.05657142857142857
Honda CB Hornet 160R CBS 2016,2016,52.0,first owner,chennai,52.0,15.44,54800,160.0,Honda,8,0.0965
Royal Enfield Thunderbird X 350cc 2018,2018,15000.0,first owner,bhatinda,40.0,19.8,150000,350.0,Royal Enfield,6,0.05657142857142857
Royal Enfield Thunderbird 350cc 2008,2008,11000.0,first owner,mumbai,30.0,19.8,44000,350.0,Royal Enfield,16,0.05657142857142857
Royal Enfield Classic 350cc Signals Edition 2019,2019,8586.0,first owner,ghaziabad,35.0,19.8,150000,350.0,Royal Enfield,5,0.05657142857142857
Bajaj Pulsar RS200 2016,2016,35.0,first owner,delhi,35.0,24.5,80000,200.0,Bajaj,8,0.1225
Bajaj Pulsar 150cc 2006,2006,65.0,first owner,mumbai,65.0,14.85,11000,150.0,Bajaj,18,0.09899999999999999
Bajaj Pulsar 125cc Disc CBS 2019,2019,41000.0,first owner,mumbai,40.0,11.8,64000,125.0,Bajaj,5,0.09440000000000001
Bajaj Pulsar 180cc 2009,2009,31000.0,first owner,mumbai,65.0,15.0,16000,180.0,Bajaj,15,0.08333333333333333
Royal Enfield Classic 350cc 2016,2016,18574.0,first owner,bangalore,35.0,19.8,131918,350.0,Royal Enfield,8,0.05657142857142857
Bajaj Pulsar 150cc 2012,2012,65.0,first owner,mumbai,65.0,14.85,26000,150.0,Bajaj,12,0.09899999999999999
Royal Enfield Classic 350cc ABS BS6 2020,2020,9600.0,first owner,bangalore,35.0,19.1,190000,350.0,Royal Enfield,4,0.054571428571428576
Bajaj Pulsar 150cc 2011,2011,65.0,first owner,jaipur,65.0,14.85,22440,150.0,Bajaj,13,0.09899999999999999
Suzuki Gixxer SF 150cc ABS BS6 2021,2021,600.0,first owner,bangalore,40.0,14.6,82500,150.0,Suzuki,3,0.09733333333333333
Royal Enfield Bullet 350cc 2007,2007,60000.0,first owner,delhi,37.0,19.8,35000,350.0,Royal Enfield,17,0.05657142857142857
Royal Enfield Classic 350cc 2017,2017,13000.0,first owner,delhi,35.0,19.8,122000,350.0,Royal Enfield,7,0.05657142857142857
TVS Sport 100cc 2016,2016,32000.0,first owner,hyderabad,95.0,7.4,40000,100.0,TVS,8,0.07400000000000001
TVS Apache RTR 180cc 2013,2013,45.0,first owner,mumbai,45.0,17.2,41000,180.0,TVS,11,0.09555555555555555
Honda CBR 250R 2015,2015,6576.0,first owner,aligarh,29.0,26.15,80000,250.0,Honda,9,0.1046
Hero HF Deluxe Eco 100cc 2018,2018,6750.0,first owner,pune,65.0,8.1,22500,100.0,Hero,6,0.081
Royal Enfield Classic 350 S ABS 2020,2020,2500.0,first owner,kalyan,35.0,19.8,220000,350.0,Royal Enfield,4,0.05657142857142857
Bajaj Pulsar 150cc 2014,2014,65.0,third owner,jaipur,65.0,14.85,27000,150.0,Bajaj,10,0.09899999999999999
Hero HF Deluxe iBS self Alloy 100cc 2019,2019,6750.0,first owner,ahmednagar,55.0,6.15,23500,100.0,Hero,5,0.061500000000000006
Hero HF Dawn 100cc 2003,2003,1000000.0,first owner,ahmednagar,83.0,7.7,23500,100.0,Hero,21,0.077
Hero HF Deluxe Eco 100cc 2018,2018,7200.0,first owner,ahmednagar,65.0,8.1,23500,100.0,Hero,6,0.081
Bajaj Avenger Street 150 2017,2017,45000.0,first owner,hyderabad,45.0,14.3,68000,150.0,Bajaj,7,0.09533333333333334
Royal Enfield Classic 350cc 2015,2015,42000.0,first owner,hyderabad,35.0,19.8,145000,350.0,Royal Enfield,9,0.05657142857142857
TVS Apache RTR 180cc 2016,2016,45.0,first owner,mumbai,45.0,17.3,51000,180.0,TVS,8,0.09611111111111112
Bajaj Pulsar 150cc 2014,2014,65.0,first owner,hyderabad,65.0,14.85,46000,150.0,Bajaj,10,0.09899999999999999
Yamaha FZ16 150cc 2009,2009,58.0,first owner,bangalore,58.0,13.0,29500,150.0,Yamaha,15,0.08666666666666667
Bajaj Pulsar RS200 ABS 2018,2018,35.0,first owner,vellore,35.0,24.5,106000,200.0,Bajaj,6,0.1225
Bajaj Pulsar RS200 2019,2019,35.0,fourth owner or more,delhi,35.0,24.5,53500,200.0,Bajaj,5,0.1225
Bajaj Pulsar RS200 2015,2015,35.0,first owner,alandur,35.0,24.16,67000,200.0,Bajaj,9,0.1208
Bajaj Pulsar RS200 2017,2017,35.0,second owner,indore,35.0,24.5,100000,200.0,Bajaj,7,0.1225
Bajaj Pulsar NS200 2019,2019,42.0,first owner,vadodara,42.0,23.2,74625,200.0,Bajaj,5,0.11599999999999999
Bajaj Pulsar 150cc 2014,2014,65.0,second owner,bhopal,65.0,14.85,38000,150.0,Bajaj,10,0.09899999999999999
Bajaj Pulsar 220F ABS FI BS6 2021,2021,1400.0,first owner,villupuram,38.5,20.11,135000,220.0,Bajaj,3,0.09140909090909091
Suzuki Gixxer 150cc 2015,2015,32000.0,first owner,bangalore,63.0,14.0,46400,150.0,Suzuki,9,0.09333333333333334
Royal Enfield Bullet Electra 350cc 2008,2008,19000.0,first owner,delhi,30.0,19.8,65000,350.0,Royal Enfield,16,0.05657142857142857
Royal Enfield Classic 350cc 2016,2016,55000.0,first owner,mumbai,35.0,19.8,41250,350.0,Royal Enfield,8,0.05657142857142857
Yamaha FZS-FI V 3.0 150cc ABS BS6 2020,2020,5500.0,first owner,indore,58.0,12.2,98200,150.0,Yamaha,4,0.08133333333333333
Royal Enfield Classic 350cc 2018,2018,12500.0,first owner,bangalore,35.0,19.8,60000,350.0,Royal Enfield,6,0.05657142857142857
Yamaha YZF-R15 150cc 2019,2019,14500.0,first owner,adilabad,42.0,16.0,50000,150.0,Yamaha,5,0.10666666666666667
Yamaha YZF-R15 150cc 2011,2011,15502.0,first owner,patna,42.0,16.0,43500,150.0,Yamaha,13,0.10666666666666667
Bajaj Discover 100cc 2013,2013,80.0,first owner,jaipur,80.0,7.7,17000,100.0,Bajaj,11,0.077
Bajaj Pulsar 180F NEON ABS BS6 2021,2021,1000.0,first owner,srinagar,45.0,16.6,125000,180.0,Bajaj,3,0.09222222222222223
TVS Apache RTR 160cc 2020,2020,60.0,first owner,hyderabad,60.0,15.2,86000,160.0,TVS,4,0.095
KTM RC 200cc 2017,2017,9000.0,first owner,madurai,35.0,25.1,68000,200.0,KTM,7,0.1255
KTM RC 125CC 2020,2020,5000.0,first owner,delhi,40.0,14.5,152000,125.0,KTM,4,0.116
Royal Enfield Standard 350cc 2018,2018,37.0,first owner,delhi,37.0,19.8,118000,350.0,Royal Enfield,6,0.05657142857142857
Royal Enfield Standard 500cc 2016,2016,12417.0,first owner,delhi,25.0,26.1,105000,500.0,Royal Enfield,8,0.0522
Bajaj V15 150cc 2016,2016,30000.0,first owner,mumbai,57.0,11.8,35000,150.0,Bajaj,8,0.07866666666666668
Honda X-Blade 160cc 2019,2019,17700.0,first owner,bangalore,40.0,13.93,78000,160.0,Honda,5,0.0870625
TVS Apache RTR 160cc 2014,2014,60.0,second owner,hyderabad,60.0,15.2,50000,160.0,TVS,10,0.095
Bajaj Avenger Street 150 2016,2016,24318.0,first owner,bangalore,50.0,14.3,57501,150.0,Bajaj,8,0.09533333333333334
Royal Enfield Thunderbird 350cc 2012,2012,2200.0,first owner,mumbai,40.0,19.8,80000,350.0,Royal Enfield,12,0.05657142857142857
Hero Splendor Plus i3s 2020,2020,5300.0,first owner,delhi,81.0,8.2,68000,97.0,Hero,4,0.0845360824742268
Royal Enfield Classic 350cc Dual Disc 2019,2019,7000.0,first owner,delhi,35.0,19.8,142000,350.0,Royal Enfield,5,0.05657142857142857
Royal Enfield Thunderbird 350cc 2013,2013,40000.0,third owner,nadiad,40.0,19.8,70000,350.0,Royal Enfield,11,0.05657142857142857
Hero Glamour Disc 125cc 2014,2014,45000.0,first owner,hyderabad,55.0,8.9,49000,125.0,Hero,10,0.0712
Bajaj Pulsar 220cc 2017,2017,95000.0,first owner,jaipur,38.0,21.0,60000,220.0,Bajaj,7,0.09545454545454546
Bajaj Pulsar 220F 2018,2018,43000.0,first owner,mumbai,38.0,21.0,78000,220.0,Bajaj,6,0.09545454545454546
Royal Enfield Thunderbird 350cc 2015,2015,19000.0,first owner,mumbai,40.0,19.8,90000,350.0,Royal Enfield,9,0.05657142857142857
Hero Xtreme 160R Dual Disc BS6 2020,2020,7500.0,first owner,arrah,55.47,15.0,100500,160.0,Hero,4,0.09375
Royal Enfield Thunderbird X 500cc 2019,2019,4550.0,first owner,samastipur,40.0,27.2,190500,500.0,Royal Enfield,5,0.0544
Hero Xtreme 200R 2018,2018,9800.0,first owner,delhi,39.4,18.1,75100,200.0,Hero,6,0.09050000000000001
Royal Enfield Machismo 500cc 2007,2007,25.0,third owner,delhi,25.0,23.9,72000,500.0,Royal Enfield,17,0.047799999999999995
UM Renegade Commando Mojave 2018,2018,8958.0,first owner,bangalore,35.0,24.8,109059,279.0,UM,6,0.08888888888888889
Honda CB Unicorn 160 STD 2017,2017,52.0,first owner,kolkata,52.0,13.82,40000,160.0,Honda,7,0.08637500000000001
UM Renegade Commando 2017,2017,6400.0,first owner,delhi,35.0,24.8,113000,279.0,UM,7,0.08888888888888889
UM Renegade Commando 2017,2017,17000.0,second owner,delhi,35.0,24.8,80000,279.0,UM,7,0.08888888888888889
Royal Enfield Classic 350cc-Redditch Edition 2017,2017,21200.0,first owner,jamui,35.0,19.8,116000,350.0,Royal Enfield,7,0.05657142857142857
Honda CB Shine 125cc 2009,2009,65.0,first owner,amravati,65.0,10.0,83000,125.0,Honda,15,0.08
Royal Enfield Bullet Electra 350cc 2012,2012,66000.0,first owner,jagadhri,40.0,19.8,65000,350.0,Royal Enfield,12,0.05657142857142857
Suzuki Gixxer SF 150cc SP Rear Disc 2017,2017,25000.0,first owner,tiruchirappalli,40.0,14.6,52200,150.0,Suzuki,7,0.09733333333333333
Royal Enfield Thunderbird 350cc 2012,2012,26000.0,second owner,sirsa,40.0,19.8,75000,350.0,Royal Enfield,12,0.05657142857142857
Hero Splendor Plus Kick Alloy 100cc 2018,2018,4584.0,first owner,delhi,81.0,8.2,65000,100.0,Hero,6,0.08199999999999999
Bajaj Avenger Cruise 220 2016,2016,13589.0,first owner,bangalore,35.0,19.0,64674,220.0,Bajaj,8,0.08636363636363636
Yamaha FZ16 150cc 2016,2016,58.0,first owner,bangalore,58.0,13.0,56860,150.0,Yamaha,8,0.08666666666666667
Royal Enfield Thunderbird 350cc 2014,2014,43500.0,first owner,mumbai,40.0,19.8,71800,350.0,Royal Enfield,10,0.05657142857142857
Hero CBZ Xtreme 150cc 2013,2013,62000.0,second owner,sholinganallur,65.0,14.4,16700,150.0,Hero,11,0.096
Royal Enfield Thunderbird 350cc 2016,2016,33100.0,first owner,mumbai,40.0,19.8,92500,350.0,Royal Enfield,8,0.05657142857142857
Hero Passion Pro 100cc 2012,2012,90000.0,first owner,chennai,5.0,8.2,21000,100.0,Hero,12,0.08199999999999999
Royal Enfield Classic Stealth Black 500cc 2018,2018,9700.0,first owner,mumbai,32.0,27.2,180000,500.0,Royal Enfield,6,0.0544
Yamaha YZF-R15 2.0 150cc 2015,2015,40000.0,first owner,bhadravati,42.0,16.7,70000,150.0,Yamaha,9,0.11133333333333333
TVS Apache RTR 200 4V Carburetor 2017,2017,40.0,first owner,thane,40.0,20.7,71600,200.0,TVS,7,0.1035
TVS Apache RTR 160cc 2020,2020,60.0,first owner,delhi,60.0,15.2,84200,160.0,TVS,4,0.095
Bajaj Dominar 400 ABS 2017,2017,28.0,first owner,salem,28.0,34.5,120100,400.0,Bajaj,7,0.08625
Royal Enfield Bullet Electra Twinspark 350cc 2018,2018,12884.0,first owner,delhi,35.0,19.8,120000,350.0,Royal Enfield,6,0.05657142857142857
KTM Duke 200cc 2015,2015,12867.0,first owner,delhi,35.0,25.0,100000,200.0,KTM,9,0.125
Royal Enfield Thunderbird 500cc 2016,2016,4000.0,first owner,pune,25.0,27.2,110000,500.0,Royal Enfield,8,0.0544
Bajaj Avenger 220cc 2013,2013,33000.0,first owner,ahmedabad,40.0,19.0,40000,220.0,Bajaj,11,0.08636363636363636
Bajaj Avenger Street 220 2018,2018,7600.0,first owner,surendranagar,53.0,19.0,75800,220.0,Bajaj,6,0.08636363636363636
UM Renegade Commando Classic 2018,2018,7500.0,first owner,ahmedabad,35.0,25.0,171800,279.0,UM,6,0.08960573476702509
Royal Enfield Thunderbird 350cc 2011,2011,20000.0,first owner,mumbai,35.0,19.8,85700,350.0,Royal Enfield,13,0.05657142857142857
Honda CB Hornet 160R STD 2016,2016,52.0,first owner,ahmedabad,52.0,15.44,54100,160.0,Honda,8,0.0965
Bajaj Pulsar RS200 ABS 2017,2017,35.0,first owner,mumbai,35.0,24.5,90000,200.0,Bajaj,7,0.1225
KTM Duke 390cc 2016,2016,40000.0,first owner,pune,25.0,42.9,131700,390.0,KTM,8,0.11
Hero Splendor iSmart 100cc 2015,2015,25000.0,first owner,gwalior,55.0,8.2,40000,100.0,Hero,9,0.08199999999999999
Jawa Forty Two 295CC 2019,2019,10500.0,first owner,mumbai,40.0,27.0,150000,295.0,Jawa,5,0.09152542372881356
Honda CBR 150R 150cc 2015,2015,38.0,second owner,delhi,38.0,18.28,68000,150.0,Honda,9,0.12186666666666668
Yamaha YZF-R15 V3 150cc 2020,2020,1436.0,first owner,delhi,40.0,18.7,157000,150.0,Yamaha,4,0.12466666666666666
Royal Enfield Bullet Electra Twinspark 350cc 2015,2015,29609.0,first owner,chennai,35.0,19.8,70000,350.0,Royal Enfield,9,0.05657142857142857
Yamaha FZ16 150cc 2010,2010,58.0,first owner,delhi,58.0,13.0,27000,150.0,Yamaha,14,0.08666666666666667
Bajaj Pulsar 150cc 2007,2007,65.0,first owner,delhi,65.0,14.85,11500,150.0,Bajaj,17,0.09899999999999999
Royal Enfield Classic 350cc 2019,2019,9000.0,first owner,kota,35.0,19.8,133300,350.0,Royal Enfield,5,0.05657142857142857
Hero Splendor Plus i3s 2019,2019,10428.0,first owner,dehradun,81.0,8.2,65000,97.0,Hero,5,0.0845360824742268
Royal Enfield Thunderbird 500cc 2012,2012,21000.0,first owner,pune,25.0,27.2,80000,500.0,Royal Enfield,12,0.0544
Royal Enfield Himalayan 410cc Fi ABS 2019,2019,4500.0,first owner,kochi,32.0,24.5,197900,410.0,Royal Enfield,5,0.05975609756097561
Yamaha YZF-R15 S 150cc 2016,2016,18500.0,first owner,mumbai,42.0,16.0,75000,150.0,Yamaha,8,0.10666666666666667
Bajaj Pulsar 180cc 2014,2014,34877.0,first owner,jaipur,45.0,17.0,44000,180.0,Bajaj,10,0.09444444444444444
Bajaj Pulsar 150cc 2014,2014,65.0,first owner,noida,65.0,14.85,36365,150.0,Bajaj,10,0.09899999999999999
Bajaj Platina 110 H Gear Disc 2019,2019,10000.0,first owner,chennai,40.0,8.6,55400,110.0,Bajaj,5,0.07818181818181817
UM Renegade Commando Classic 2018,2018,13925.0,first owner,ahmedabad,35.0,25.0,120000,279.0,UM,6,0.08960573476702509
Royal Enfield Thunderbird 350cc 2017,2017,21100.0,first owner,mumbai,40.0,19.8,126200,350.0,Royal Enfield,7,0.05657142857142857
Royal Enfield Thunderbird 350cc 2015,2015,19051.0,first owner,kolhapur,40.0,19.8,113900,350.0,Royal Enfield,9,0.05657142857142857
Royal Enfield Classic 350cc ABS Stormrider Sand BS6 2020,2020,6000.0,first owner,mohali,35.0,19.1,154700,350.0,Royal Enfield,4,0.054571428571428576
Bajaj V15 150cc 2016,2016,40000.0,first owner,delhi,57.0,11.8,22950,150.0,Bajaj,8,0.07866666666666668
KTM Duke 390cc 2016,2016,15500.0,second owner,jaipur,25.0,42.9,122100,390.0,KTM,8,0.11
Royal Enfield Thunderbird 350cc 2014,2014,6000.0,first owner,gurgaon,40.0,19.8,137400,350.0,Royal Enfield,10,0.05657142857142857
Royal Enfield Bullet Electra 350cc 2004,2004,22313.0,first owner,24 pargana,30.0,19.8,70000,350.0,Royal Enfield,20,0.05657142857142857
KTM RC 200cc 2018,2018,18000.0,first owner,pune,35.0,25.1,117000,200.0,KTM,6,0.1255
Bajaj Avenger Cruise 220 ABS 2019,2019,15500.0,first owner,chennai,35.0,19.0,92000,220.0,Bajaj,5,0.08636363636363636
Bajaj Discover 125cc Disc 2016,2016,82.0,first owner,bangalore,82.4,10.9,33840,125.0,Bajaj,8,0.0872
Bajaj Avenger Street 150 2017,2017,36000.0,first owner,bangalore,45.0,14.3,60000,150.0,Bajaj,7,0.09533333333333334
Royal Enfield Classic Desert Storm 500cc 2013,2013,19060.0,first owner,vadodara,32.0,27.2,85000,500.0,Royal Enfield,11,0.0544
Royal Enfield Classic Desert Storm 500cc 2015,2015,25600.0,first owner,rohtak,32.0,27.2,100000,500.0,Royal Enfield,9,0.0544
Royal Enfield Thunderbird X 350cc ABS 2019,2019,3500.0,first owner,gadag,40.0,19.8,195500,350.0,Royal Enfield,5,0.05657142857142857
Honda CB Unicorn 150cc 2009,2009,60.0,first owner,avadi,60.0,14.0,35000,150.0,Honda,15,0.09333333333333334
Honda CB Unicorn 150cc 2005,2005,60.0,first owner,pune,60.0,14.0,32000,150.0,Honda,19,0.09333333333333334
Bajaj Avenger Street 220 2017,2017,8300.0,first owner,jaipur,53.0,19.0,69500,220.0,Bajaj,7,0.08636363636363636
TVS Apache RTR 180cc ABS 2016,2016,45.0,second owner,delhi,45.0,17.3,51900,180.0,TVS,8,0.09611111111111112
UM Renegade Commando 2017,2017,4973.0,first owner,delhi,35.0,24.8,125200,279.0,UM,7,0.08888888888888889
Honda CBR 150R 150cc 2015,2015,38.0,first owner,delhi,38.0,18.28,60148,150.0,Honda,9,0.12186666666666668
Honda CBR 150R 150cc 2014,2014,22500.0,first owner,delhi,38.0,18.28,55000,150.0,Honda,10,0.12186666666666668
Suzuki Gixxer 150cc ABS 2018,2018,19410.0,first owner,pilkhuwa,63.0,14.0,65000,150.0,Suzuki,6,0.09333333333333334
TVS Apache RTR 160cc Rear Disc 2019,2019,60.0,first owner,delhi,60.0,15.0,70000,160.0,TVS,5,0.09375
Suzuki Gixxer 150cc 2015,2015,27000.0,first owner,mumbai,63.0,14.0,48000,150.0,Suzuki,9,0.09333333333333334
Honda CBR 250R 2013,2013,38.0,second owner,delhi,38.0,26.15,54000,250.0,Honda,11,0.1046
Bajaj Avenger 220cc 2015,2015,37580.0,first owner,pune,40.0,19.0,39000,220.0,Bajaj,9,0.08636363636363636
Yamaha YZF-R15 150cc 2010,2010,32100.0,first owner,faridabad,42.0,16.0,50000,150.0,Yamaha,14,0.10666666666666667
Yamaha FZ25 250cc 2017,2017,17000.0,second owner,chirkunda,43.0,20.3,60000,250.0,Yamaha,7,0.08120000000000001
Royal Enfield Bullet Electra 350cc 2005,2005,30000.0,first owner,faridabad,30.0,19.8,40000,350.0,Royal Enfield,19,0.05657142857142857
Royal Enfield Thunderbird X 350cc 2018,2018,32000.0,first owner,chandigarh,40.0,19.8,135000,350.0,Royal Enfield,6,0.05657142857142857
Bajaj Pulsar 180F 2019,2019,17000.0,first owner,delhi,40.0,17.0,82000,180.0,Bajaj,5,0.09444444444444444
UM Renegade Commando 2017,2017,17544.0,first owner,pune,35.0,24.8,140000,279.0,UM,7,0.08888888888888889
Royal Enfield Thunderbird 350cc 2011,2011,62000.0,first owner,bangalore,35.0,19.8,75000,350.0,Royal Enfield,13,0.05657142857142857
Hero Glamour i3s 125cc BS6 2021,2021,1000.0,first owner,nagaur,55.0,10.72,75000,125.0,Hero,3,0.08576
TVS Apache RTR 160cc 2016,2016,60.0,first owner,chennai,60.0,15.2,50000,160.0,TVS,8,0.095
Yamaha YZF-R15 2.0 150cc 2016,2016,26000.0,first owner,bangalore,42.0,16.7,85000,150.0,Yamaha,8,0.11133333333333333
Royal Enfield Bullet Twinspark Kickstart 350cc 2019,2019,37.0,first owner,delhi,37.0,19.8,140000,350.0,Royal Enfield,5,0.05657142857142857
Hero Splendor Plus IBS i3S 100cc BS6 2021,2021,4.0,first owner,delhi,55.0,7.91,74000,100.0,Hero,3,0.0791
Honda CB Shine 125cc 2012,2012,65.0,first owner,kolkata,65.0,10.0,35000,125.0,Honda,12,0.08
Royal Enfield Thunderbird 350cc 2016,2016,13800.0,first owner,gurgaon,40.0,19.8,123250,350.0,Royal Enfield,8,0.05657142857142857
Yamaha MT-15 150cc BS6 2021,2021,7000.0,first owner,vellore,40.0,18.23,172000,150.0,Yamaha,3,0.12153333333333334
Hero Passion Xpro 110cc 2013,2013,35000.0,first owner,noida,55.0,6.72,30000,110.0,Hero,11,0.06109090909090909
Honda CBR 250R 2011,2011,35000.0,second owner,delhi,29.0,26.15,37038,250.0,Honda,13,0.1046
Bajaj Avenger Cruise 220 2016,2016,33034.0,second owner,delhi,35.0,19.0,39450,220.0,Bajaj,8,0.08636363636363636
Bajaj Avenger 220cc 2017,2017,20000.0,first owner,bangalore,40.0,19.0,69400,220.0,Bajaj,7,0.08636363636363636
Royal Enfield Bullet 350cc KS EFI BS6 2020,2020,37.0,first owner,siliguri,37.0,19.1,134200,350.0,Royal Enfield,4,0.054571428571428576
Bajaj Pulsar 200 NS 200cc 2014,2014,8300.0,first owner,gurdaspur,40.0,24.2,52500,200.0,Bajaj,10,0.121
Royal Enfield Thunderbird 350cc 2015,2015,40000.0,first owner,kanpur,40.0,19.8,111000,350.0,Royal Enfield,9,0.05657142857142857
Bajaj Discover 100M 2015,2015,80.0,first owner,jaipur,80.0,9.1,21500,100.0,Bajaj,9,0.091
Bajaj Discover 150F 2015,2015,70.0,first owner,jaipur,70.0,13.0,38800,150.0,Bajaj,9,0.08666666666666667
TVS Apache RTR 200 4V FI 2017,2017,40.0,third owner,pali,40.0,20.7,56400,200.0,TVS,7,0.1035
Bajaj Pulsar ABS 150cc 2019,2019,65.0,first owner,dakshina kannada,65.0,15.0,90000,150.0,Bajaj,5,0.1
Yamaha FZS FI 150cc 2018,2018,12000.0,first owner,24 pargana,52.0,12.9,67900,150.0,Yamaha,6,0.08600000000000001
Royal Enfield Thunderbird 500cc 2018,2018,3745.0,first owner,mohali,25.0,27.2,171700,500.0,Royal Enfield,6,0.0544
Yamaha FZ S V 2.0 150cc 2015,2015,58.0,first owner,hyderabad,58.0,13.0,54000,150.0,Yamaha,9,0.08666666666666667
Hero Glamour 125cc 2010,2010,46000.0,first owner,amritsar,55.0,8.9,22000,125.0,Hero,14,0.0712
Yamaha FZ25 250cc 2017,2017,29000.0,first owner,delhi,43.0,20.3,65000,250.0,Yamaha,7,0.08120000000000001
Honda CB Hornet 160R CBS 2017,2017,52.0,first owner,mumbai,52.0,15.44,60000,160.0,Honda,7,0.0965
Bajaj V15 150cc 2018,2018,31000.0,first owner,betia,57.0,11.8,40000,150.0,Bajaj,6,0.07866666666666668
Bajaj Pulsar AS200 2016,2016,42.0,first owner,thane,42.0,23.2,51500,200.0,Bajaj,8,0.11599999999999999
Royal Enfield Classic 350 S ABS 2020,2020,1700.0,first owner,chennai,35.0,19.8,190000,350.0,Royal Enfield,4,0.05657142857142857
Hero CBZ Xtreme 150cc 2014,2014,76544.0,first owner,delhi,65.0,14.4,21100,150.0,Hero,10,0.096
Bajaj Discover 135cc 2010,2010,52000.0,first owner,agra,65.0,9.64,12000,135.0,Bajaj,14,0.0714074074074074
Bajaj Dominar 400 ABS 2018,2018,28.0,first owner,delhi,28.0,34.5,142000,400.0,Bajaj,6,0.08625
Yamaha YZF-R15 2.0 150cc 2017,2017,21500.0,first owner,howrah,42.0,16.7,90000,150.0,Yamaha,7,0.11133333333333333
Hero Passion Pro 100cc 2011,2011,46000.0,first owner,noida,5.0,8.2,19051,100.0,Hero,13,0.08199999999999999
Kawasaki Z250 2015,2015,16756.0,first owner,delhi,28.0,31.5,138029,250.0,Kawasaki,9,0.126
Royal Enfield Classic 350cc 2019,2019,2829.0,first owner,delhi,35.0,19.8,165000,350.0,Royal Enfield,5,0.05657142857142857
Royal Enfield Classic 350cc 2018,2018,9488.0,first owner,delhi,35.0,19.8,150000,350.0,Royal Enfield,6,0.05657142857142857
Yamaha FZs 150cc 2010,2010,33000.0,first owner,chennai,45.0,13.0,22000,150.0,Yamaha,14,0.08666666666666667
Honda CB Hornet 160R CBS 2016,2016,52.0,first owner,delhi,52.0,15.44,40000,160.0,Honda,8,0.0965
TVS Apache RTR 160 4V Carburetor 2018,2018,20000.0,first owner,indore,40.0,16.1,75000,160.0,TVS,6,0.100625
Royal Enfield‎ Bullet 350cc 2014,2014,34000.0,second owner,chennai,37.0,19.8,85000,350.0,Royal Enfield,10,0.05657142857142857
Honda Livo Disc 110cc 2018,2018,14000.0,first owner,kolkata,40.0,8.25,55000,110.0,Honda,6,0.075
Hero Super Splendor 125cc i3s 2019,2019,13800.0,first owner,delhi,75.0,9.0,55000,125.0,Hero,5,0.072
Hero CBZ Xtreme 150cc 2015,2015,23385.0,second owner,delhi,65.0,14.4,20517,150.0,Hero,9,0.096
Royal Enfield Classic 350cc 2016,2016,9500.0,first owner,indore,35.0,19.8,123500,350.0,Royal Enfield,8,0.05657142857142857
Bajaj Pulsar 180cc 2016,2016,19456.0,first owner,bangalore,65.0,17.0,56213,180.0,Bajaj,8,0.09444444444444444
Royal Enfield Bullet 350cc 2016,2016,63000.0,first owner,bangalore,37.0,19.8,90000,350.0,Royal Enfield,8,0.05657142857142857
Suzuki Intruder 150cc 2018,2018,28000.0,first owner,vadodara,40.0,14.6,73100,150.0,Suzuki,6,0.09733333333333333
TVS Apache RTR 160cc 2018,2018,60.0,first owner,jodhpur,60.0,15.2,56000,160.0,TVS,6,0.095
Hero Passion Xpro 110cc 2018,2018,5411.0,first owner,mumbai,55.0,6.72,62000,110.0,Hero,6,0.06109090909090909
TVS Apache RTR 160cc 2014,2014,60.0,first owner,bangalore,60.0,15.2,47175,160.0,TVS,10,0.095
Bajaj Discover 125cc Disc 2011,2011,82.0,first owner,jaipur,82.4,10.9,13000,125.0,Bajaj,13,0.0872
Yamaha YZF-R15 2.0 150cc 2013,2013,31000.0,first owner,hubli,42.0,16.7,64700,150.0,Yamaha,11,0.11133333333333333
Bajaj Pulsar 220cc 2015,2015,47000.0,first owner,jaipur,38.0,21.0,54000,220.0,Bajaj,9,0.09545454545454546
Royal Enfield Thunderbird 350cc 2012,2012,26000.0,second owner,hyderabad,40.0,19.8,70000,350.0,Royal Enfield,12,0.05657142857142857
KTM RC 390cc 2019,2019,2200.0,first owner,delhi,26.0,42.3,225000,390.0,KTM,5,0.10846153846153846
Royal Enfield Thunderbird 350cc 2015,2015,25000.0,first owner,ghaziabad,40.0,19.8,100000,350.0,Royal Enfield,9,0.05657142857142857
Bajaj Pulsar 150cc 2011,2011,65.0,first owner,jaipur,65.0,14.85,22000,150.0,Bajaj,13,0.09899999999999999
Bajaj Pulsar 150cc 2016,2016,65.0,first owner,jaipur,65.0,15.0,51900,150.0,Bajaj,8,0.1
Bajaj Pulsar RS200 2017,2017,35.0,first owner,mumbai,35.0,24.5,86000,200.0,Bajaj,7,0.1225
Bajaj Pulsar 220F 2018,2018,37000.0,first owner,mumbai,38.0,21.0,80000,220.0,Bajaj,6,0.09545454545454546
Bajaj Pulsar 180cc 2016,2016,51000.0,first owner,mumbai,65.0,17.0,52000,180.0,Bajaj,8,0.09444444444444444
Bajaj Pulsar 180cc 2009,2009,26000.0,first owner,delhi,65.0,15.0,15000,180.0,Bajaj,15,0.08333333333333333
Bajaj Pulsar NS200 2019,2019,42.0,second owner,delhi,42.0,23.2,59000,200.0,Bajaj,5,0.11599999999999999
Bajaj Pulsar 180cc 2017,2017,22000.0,second owner,mumbai,65.0,17.0,59900,180.0,Bajaj,7,0.09444444444444444
TVS Apache RTR 160cc 2017,2017,60.0,first owner,ajmer,60.0,15.2,51000,160.0,TVS,7,0.095
Bajaj Pulsar 180cc 2014,2014,8000.0,first owner,bangalore,45.0,17.0,41400,180.0,Bajaj,10,0.09444444444444444
Bajaj Discover 125cc 2017,2017,22000.0,first owner,jaipur,65.0,12.5,40000,125.0,Bajaj,7,0.1
Bajaj V12 125cc 2018,2018,28000.0,first owner,ahmedabad,57.0,12.0,40000,125.0,Bajaj,6,0.096
Hero Splendor Plus IBS i3S 100cc BS6 2020,2020,2000.0,first owner,delhi,55.0,7.91,67000,100.0,Hero,4,0.0791
Yamaha Fazer 25 250cc 2017,2017,5100.0,second owner,24 pargana,43.0,20.3,80400,250.0,Yamaha,7,0.08120000000000001
Royal Enfield Bullet Electra 350cc 2015,2015,12036.0,first owner,gurgaon,40.0,19.8,99902,350.0,Royal Enfield,9,0.05657142857142857
Suzuki Gixxer SF 150cc Rear Disc 2016,2016,24500.0,third owner,delhi,40.0,14.6,43000,150.0,Suzuki,8,0.09733333333333333
Suzuki Intruder 150cc 2018,2018,40000.0,first owner,hyderabad,40.0,14.6,70900,150.0,Suzuki,6,0.09733333333333333
Royal Enfield Bullet Electra 350cc 2016,2016,4730.0,first owner,ghaziabad,40.0,19.8,96000,350.0,Royal Enfield,8,0.05657142857142857
Honda CBR 250R 2015,2015,38000.0,second owner,mumbai,29.0,26.15,75000,250.0,Honda,9,0.1046
Jawa Standard 295CC 2020,2020,1003.0,first owner,hyderabad,40.0,27.0,175000,295.0,Jawa,4,0.09152542372881356
Bajaj Pulsar RS200 ABS 2016,2016,35.0,first owner,hyderabad,35.0,24.5,94100,200.0,Bajaj,8,0.1225
Honda CB Trigger 150cc 2014,2014,20000.0,first owner,ambala,60.0,14.0,23000,150.0,Honda,10,0.09333333333333334
TVS Apache RTR 180cc 2017,2017,45.0,first owner,jodhpur,45.0,17.2,54000,180.0,TVS,7,0.09555555555555555
TVS Apache RTR 160cc 2020,2020,60.0,first owner,delhi,60.0,15.2,61400,160.0,TVS,4,0.095
Bajaj Pulsar 180cc 2011,2011,28000.0,first owner,mumbai,65.0,15.0,24000,180.0,Bajaj,13,0.08333333333333333
Royal Enfield Thunderbird 500cc 2017,2017,20000.0,first owner,bangalore,25.0,27.2,135000,500.0,Royal Enfield,7,0.0544
Hero Hunk 150cc 2007,2007,57000.0,first owner,ghaziabad,53.0,14.0,10500,150.0,Hero,17,0.09333333333333334
Hero Passion 100cc  2001,2001,60000.0,first owner,bangalore,55.0,7.5,10000,100.0,Hero,23,0.075
Royal Enfield Thunderbird 350cc 2017,2017,37650.0,second owner,noida,40.0,19.8,120000,350.0,Royal Enfield,7,0.05657142857142857
Royal Enfield Classic 350cc 2017,2017,26000.0,first owner,alwar,35.0,19.8,135000,350.0,Royal Enfield,7,0.05657142857142857
Bajaj Pulsar 150cc Neon 2019,2019,65.0,first owner,ranchi,65.0,15.0,60000,150.0,Bajaj,5,0.1
Royal Enfield Classic Gunmetal Grey 350cc 2018,2018,28360.0,first owner,chennai,35.0,19.8,148700,350.0,Royal Enfield,6,0.05657142857142857
Bajaj Pulsar 125cc Disc BS6 2020,2020,10000.0,first owner,hyderabad,62.0,11.64,100000,125.0,Bajaj,4,0.09312000000000001
Bajaj Avenger 220cc 2015,2015,25000.0,first owner,thane,40.0,19.0,70000,220.0,Bajaj,9,0.08636363636363636
TVS Apache RTR 160cc 2007,2007,60.0,first owner,ajmer,60.0,15.2,17000,160.0,TVS,17,0.095
Bajaj Pulsar 150cc 2014,2014,65.0,first owner,mumbai,65.0,14.85,37000,150.0,Bajaj,10,0.09899999999999999
Bajaj Pulsar 150cc 2011,2011,65.0,first owner,mumbai,65.0,14.85,23000,150.0,Bajaj,13,0.09899999999999999
Bajaj Pulsar NS200 2013,2013,35.0,first owner,mumbai,35.0,23.19,50000,200.0,Bajaj,11,0.11595000000000001
Bajaj Pulsar 220cc 2017,2017,50000.0,first owner,mumbai,38.0,21.0,72000,220.0,Bajaj,7,0.09545454545454546
Hero Glamour 125cc 2019,2019,23000.0,first owner,ahmedabad,45.0,6.72,60000,125.0,Hero,5,0.053759999999999995
TVS Apache RTR 160 4V DISC ABS BS6 2021,2021,95000.0,fourth owner or more,ajmer,40.0,15.6,52000,160.0,TVS,3,0.0975
TVS Apache RTR 160cc 2017,2017,60.0,first owner,jodhpur,60.0,15.2,51000,160.0,TVS,7,0.095
Royal Enfield Classic 350cc 2013,2013,36282.0,first owner,delhi,35.0,19.8,110000,350.0,Royal Enfield,11,0.05657142857142857
TVS Apache RTR 160 4V Disc 2018,2018,35000.0,first owner,hyderabad,40.0,16.1,75000,160.0,TVS,6,0.100625
Suzuki Gixxer 150cc 2019,2019,23000.0,first owner,hyderabad,63.0,14.0,85000,150.0,Suzuki,5,0.09333333333333334
Honda Dream Yuga 110cc 2017,2017,84.0,first owner,ahmedabad,84.0,8.25,42500,110.0,Honda,7,0.075
Husqvarna Vitpilen 250 2020,2020,1700.0,first owner,hyderabad,31.85,29.63,180000,250.0,Husqvarna,4,0.11852
Hero Glamour 125cc 2006,2006,72000.0,first owner,delhi,55.0,8.9,5850,125.0,Hero,18,0.0712
Honda CB Shine 125cc 2015,2015,65.0,first owner,ahmedabad,65.0,10.0,35000,125.0,Honda,9,0.08
Bajaj Platina  Alloy ES-100cc 2018,2018,104.0,first owner,bangalore,104.0,8.2,45000,100.0,Bajaj,6,0.08199999999999999
Royal Enfield Classic 350cc 2016,2016,30000.0,second owner,ahmedabad,35.0,19.8,130000,350.0,Royal Enfield,8,0.05657142857142857
Kawasaki Z1000 2019,2019,10500.0,first owner,delhi,15.0,139.0,760000,1000.0,Kawasaki,5,0.139
Suzuki Fiero 150cc 2002,2002,45000.0,first owner,chennai,53.0,12.0,3900,150.0,Suzuki,22,0.08
Honda CBR 250R 2011,2011,22000.0,first owner,thane,29.0,26.15,50000,250.0,Honda,13,0.1046
Bajaj Pulsar 200 NS 200cc 2012,2012,35.0,first owner,bangalore,35.0,23.19,42500,200.0,Bajaj,12,0.11595000000000001
Royal Enfield Thunderbird 350cc 2018,2018,7226.0,first owner,mumbai,40.0,19.8,120000,350.0,Royal Enfield,6,0.05657142857142857
TVS Apache RTR 200 4V FI 2017,2017,40.0,first owner,mumbai,40.0,20.7,70000,200.0,TVS,7,0.1035
Bajaj Pulsar 180cc 2013,2013,38000.0,second owner,faridabad,65.0,15.0,31500,180.0,Bajaj,11,0.08333333333333333
Bajaj Pulsar 220cc 2013,2013,58000.0,first owner,delhi,38.0,21.0,34600,220.0,Bajaj,11,0.09545454545454546
Honda CB Shine 125cc 2012,2012,65.0,first owner,ahmedabad,65.0,10.0,30000,125.0,Honda,12,0.08
KTM Duke 390cc 2018,2018,97000.0,fourth owner or more,mumbai,25.0,42.9,104000,390.0,KTM,6,0.11
Yamaha YZF-R15 V3 150cc 2018,2018,11000.0,first owner,mumbai,40.0,18.7,140000,150.0,Yamaha,6,0.12466666666666666
Bajaj Pulsar RS200 ABS 2015,2015,35.0,first owner,bangalore,35.0,24.16,84000,200.0,Bajaj,9,0.1208
Suzuki Gixxer 250cc 2019,2019,3574.0,first owner,delhi,40.0,26.1,128000,250.0,Suzuki,5,0.1044
Bajaj Pulsar 220cc 2016,2016,98000.0,second owner,bangalore,38.0,21.0,53000,220.0,Bajaj,8,0.09545454545454546
Bajaj Pulsar RS200 2015,2015,35.0,fourth owner or more,jaipur,35.0,24.16,47040,200.0,Bajaj,9,0.1208
Bajaj Pulsar NS200 2012,2012,35.0,fourth owner or more,jaipur,35.0,23.19,24000,200.0,Bajaj,12,0.11595000000000001
Bajaj Pulsar NS200 2013,2013,35.0,fourth owner or more,jaipur,35.0,23.19,27000,200.0,Bajaj,11,0.11595000000000001
Bajaj Pulsar 150cc 2015,2015,65.0,first owner,jaipur,65.0,14.85,41000,150.0,Bajaj,9,0.09899999999999999
Yamaha YZF-R15 V3 150cc 2018,2018,16580.0,first owner,bangalore,40.0,18.7,97000,150.0,Yamaha,6,0.12466666666666666
Yamaha FZS FI 150cc Rear Disc 2018,2018,4578.0,first owner,delhi,52.0,12.9,76000,150.0,Yamaha,6,0.08600000000000001
Hero Karizma R 223cc 2008,2008,23910.0,second owner,mumbai,40.0,17.0,25000,223.0,Hero,16,0.07623318385650224
Bajaj Pulsar 220F 2014,2014,25300.0,first owner,bangalore,38.0,21.0,56000,220.0,Bajaj,10,0.09545454545454546
Bajaj Pulsar 125cc Disc BS6 2020,2020,3450.0,first owner,howrah,62.0,11.64,80000,125.0,Bajaj,4,0.09312000000000001
Bajaj Pulsar 125cc Disc BS6 2020,2020,84000.0,first owner,mumbai,62.0,11.64,62000,125.0,Bajaj,4,0.09312000000000001
Bajaj Pulsar 150cc 2014,2014,65.0,first owner,jaipur,65.0,14.85,37000,150.0,Bajaj,10,0.09899999999999999
Yamaha FZ 150cc 2009,2009,58.0,first owner,jaipur,58.0,13.0,30000,150.0,Yamaha,15,0.08666666666666667
TVS Apache RTR 180cc 2018,2018,45.0,first owner,ludhiana,45.0,17.3,55000,180.0,TVS,6,0.09611111111111112
TVS Apache RTR 200 4V ABS 2019,2019,40.0,first owner,hyderabad,40.0,20.23,110000,200.0,TVS,5,0.10115
Yamaha FZ25 ABS 250cc 2019,2019,10000.0,first owner,bangalore,43.0,20.3,130000,250.0,Yamaha,5,0.08120000000000001
Honda CBR 250R 2011,2011,30000.0,first owner,rudrapur,29.0,26.15,46800,250.0,Honda,13,0.1046
Royal Enfield Thunderbird X 350cc 2019,2019,3700.0,first owner,delhi,40.0,19.8,144500,350.0,Royal Enfield,5,0.05657142857142857
Bajaj Pulsar 220cc 2016,2016,48853.0,first owner,hyderabad,38.0,21.0,85000,220.0,Bajaj,8,0.09545454545454546
Royal Enfield Thunderbird 350cc 2007,2007,25000.0,first owner,thiruvananthapuram,30.0,19.8,78000,350.0,Royal Enfield,17,0.05657142857142857
TVS Apache RTR 160cc 2010,2010,60.0,first owner,thane,60.0,15.2,15000,160.0,TVS,14,0.095
Yamaha FZ16 150cc 2016,2016,58.0,first owner,tumkur,58.0,13.0,55000,150.0,Yamaha,8,0.08666666666666667
Bajaj Pulsar 220cc 2016,2016,85000.0,third owner,jaipur,38.0,21.0,46000,220.0,Bajaj,8,0.09545454545454546
Honda CB Hornet 160R CBS 2017,2017,52.0,first owner,bangalore,52.0,15.44,80000,160.0,Honda,7,0.0965
Honda CB Shine 125cc CBS 2016,2016,65.0,first owner,mumbai,65.0,10.0,52000,125.0,Honda,8,0.08
Bajaj Dominar 400 ABS BS6 2020,2020,28.0,first owner,mumbai,28.0,39.42,165000,400.0,Bajaj,4,0.09855
Royal Enfield Classic 500cc 2016,2016,21000.0,first owner,delhi,32.0,27.2,160000,500.0,Royal Enfield,8,0.0544
Bajaj Pulsar 220cc 2017,2017,49000.0,third owner,mumbai,38.0,21.0,58900,220.0,Bajaj,7,0.09545454545454546
Bajaj Pulsar 125cc Disc BS6 2020,2020,39000.0,first owner,mumbai,62.0,11.64,73000,125.0,Bajaj,4,0.09312000000000001
Bajaj Pulsar 150cc 2009,2009,65.0,first owner,mumbai,65.0,14.85,16000,150.0,Bajaj,15,0.09899999999999999
Bajaj Pulsar 125cc Disc BS6 2020,2020,93000.0,first owner,mumbai,62.0,11.64,59700,125.0,Bajaj,4,0.09312000000000001
KTM Duke 250cc 2017,2017,29700.0,first owner,mumbai,40.0,29.6,140000,250.0,KTM,7,0.1184
UM Renegade Commando 2018,2018,6500.0,second owner,delhi,35.0,24.8,100000,279.0,UM,6,0.08888888888888889
Hero Passion Xpro Disc 2019,2019,10000.0,first owner,gurgaon,55.0,8.0,45000,109.0,Hero,5,0.07339449541284404
Bajaj Pulsar 200cc 2012,2012,42.0,first owner,mumbai,42.0,23.17,26200,200.0,Bajaj,12,0.11585000000000001
Honda CB Hornet 160R CBS 2016,2016,52.0,second owner,bangalore,52.0,15.44,56400,160.0,Honda,8,0.0965
Bajaj V15 150cc 2017,2017,5200.0,first owner,hyderabad,57.0,11.8,37500,150.0,Bajaj,7,0.07866666666666668
Hero Passion Plus 100cc 2008,2008,54500.0,second owner,delhi,55.0,7.5,15500,100.0,Hero,16,0.075
Hero Splendor Plus Black and Accent Edition 2020,2020,10000.0,first owner,ahmedabad,55.0,7.91,70000,200.0,Hero,4,0.03955
Bajaj Pulsar NS160 2018,2018,19000.0,first owner,delhi,40.0,15.5,78000,160.0,Bajaj,6,0.096875
Honda CB Unicorn Dazzler 150cc 2011,2011,60.0,first owner,pune,60.0,14.0,41111,150.0,Honda,13,0.09333333333333334
Yamaha FZs 150cc 2015,2015,45000.0,first owner,pune,45.0,13.0,55000,150.0,Yamaha,9,0.08666666666666667
KTM Duke 250cc 2018,2018,26079.0,first owner,bangalore,40.0,29.6,170000,250.0,KTM,6,0.1184
Jawa Forty Two 295CC 2019,2019,2450.0,first owner,pune,40.0,27.0,150000,295.0,Jawa,5,0.09152542372881356
Bajaj Pulsar 125cc Disc BS6 2021,2021,72000.0,third owner,mumbai,62.0,11.64,55300,125.0,Bajaj,3,0.09312000000000001
Bajaj Pulsar 180cc 2015,2015,29000.0,first owner,mumbai,45.0,17.0,47000,180.0,Bajaj,9,0.09444444444444444
KTM RC 200cc 2018,2018,13500.0,first owner,mumbai,35.0,25.1,165000,200.0,KTM,6,0.1255
Mahindra Centuro 110cc 2014,2014,38000.0,first owner,mumbai,60.0,8.5,30000,110.0,Mahindra,10,0.07727272727272727
Bajaj Pulsar NS160 2019,2019,7000.0,first owner,delhi,40.0,15.5,85000,160.0,Bajaj,5,0.096875
Bajaj V15 150cc 2016,2016,15000.0,first owner,delhi,57.0,11.8,38000,150.0,Bajaj,8,0.07866666666666668
TVS Apache RTR 160cc 2017,2017,60.0,first owner,delhi,60.0,15.2,69000,160.0,TVS,7,0.095
TVS Apache RR310 2018,2018,28000.0,first owner,delhi,22.0,33.0,175000,310.0,TVS,6,0.1064516129032258
Bajaj Pulsar NS200 2018,2018,42.0,first owner,delhi,42.0,23.2,90000,200.0,Bajaj,6,0.11599999999999999
Yamaha FZ 150cc 2012,2012,58.0,first owner,ahmedabad,58.0,13.0,35000,150.0,Yamaha,12,0.08666666666666667
Bajaj Avenger Street 180 2018,2018,9590.0,first owner,delhi,45.0,15.3,82000,180.0,Bajaj,6,0.085
Jawa Forty Two 295CC 2019,2019,7541.0,first owner,delhi,40.0,27.0,144000,295.0,Jawa,5,0.09152542372881356
TVS Apache RTR 200 4V ABS 2019,2019,40.0,first owner,delhi,40.0,20.23,98000,200.0,TVS,5,0.10115
Bajaj V15 150cc 2017,2017,14000.0,first owner,delhi,57.0,11.8,39000,150.0,Bajaj,7,0.07866666666666668
KTM RC 200cc 2018,2018,16000.0,first owner,delhi,35.0,25.1,175000,200.0,KTM,6,0.1255
Royal Enfield Classic 350cc 2018,2018,18000.0,first owner,delhi,35.0,19.8,136000,350.0,Royal Enfield,6,0.05657142857142857
Royal Enfield Bullet 350cc 2015,2015,28000.0,first owner,delhi,37.0,19.8,85000,350.0,Royal Enfield,9,0.05657142857142857
TVS Apache RTR 200 4V Carburetor 2017,2017,40.0,first owner,delhi,40.0,20.7,75000,200.0,TVS,7,0.1035
Yamaha FZ S V 2.0 150cc 2018,2018,58.0,first owner,delhi,58.0,13.0,85000,150.0,Yamaha,6,0.08666666666666667
Royal Enfield Classic 350cc 2018,2018,15000.0,first owner,delhi,35.0,19.8,145000,350.0,Royal Enfield,6,0.05657142857142857
Bajaj Pulsar 180cc 2017,2017,28000.0,second owner,jaipur,65.0,17.0,58700,180.0,Bajaj,7,0.09444444444444444
Bajaj Pulsar 150cc 2013,2013,65.0,first owner,delhi,65.0,14.85,29000,150.0,Bajaj,11,0.09899999999999999
TVS Radeon 110cc Drum SBT 2019,2019,16000.0,first owner,delhi,40.0,8.2,52000,110.0,TVS,5,0.07454545454545454
Hero CBZ Xtreme 150cc 2013,2013,19000.0,first owner,delhi,65.0,14.4,28500,150.0,Hero,11,0.096
Royal Enfield Meteor 350 Stellar 2021,2021,3800.0,first owner,mumbai,40.0,20.2,233437,350.0,Royal Enfield,3,0.05771428571428571
Royal Enfield Thunderbird X 350cc ABS 2020,2020,7500.0,first owner,mumbai,40.0,19.8,181562,350.0,Royal Enfield,4,0.05657142857142857
Honda CB ShineSP 125cc 2019,2019,65.0,first owner,chandigarh,65.0,10.0,75000,125.0,Honda,5,0.08
TVS Apache RTR 200 4V FI 2017,2017,40.0,first owner,delhi,40.0,20.7,61000,200.0,TVS,7,0.1035
Bajaj Discover 100cc 2013,2013,80.0,second owner,delhi,80.0,7.7,25000,100.0,Bajaj,11,0.077
Royal Enfield Classic 350cc 2017,2017,23000.0,second owner,kolhapur,35.0,19.8,150000,350.0,Royal Enfield,7,0.05657142857142857
Honda CBR 250R 2013,2013,38.0,third owner,kolkata,38.0,26.15,50300,250.0,Honda,11,0.1046
KTM Duke 250cc 2019,2019,21000.0,first owner,kolkata,40.0,29.6,167600,250.0,KTM,5,0.1184
Yamaha FZS FI 150cc Special Edition 2018,2018,12000.0,first owner,kolkata,52.0,12.9,70000,150.0,Yamaha,6,0.08600000000000001
Royal Enfield Continental GT Twin 650cc 2017,2017,12000.0,first owner,bangalore,40.0,47.0,300000,650.0,Royal Enfield,7,0.07230769230769231
Yamaha YZF-R15 2.0 150cc 2013,2013,50562.0,first owner,pune,42.0,16.7,59999,150.0,Yamaha,11,0.11133333333333333
Royal Enfield Thunderbird 500cc 2014,2014,15000.0,second owner,noida,25.0,27.2,110000,500.0,Royal Enfield,10,0.0544
Bajaj Avenger Street 150 2017,2017,23000.0,first owner,faridabad,45.0,14.3,53500,150.0,Bajaj,7,0.09533333333333334
Royal Enfield Classic 350cc 2016,2016,40600.0,first owner,delhi,35.0,19.8,120000,350.0,Royal Enfield,8,0.05657142857142857
Royal Enfield Bullet 350cc 2016,2016,23000.0,first owner,bangalore,37.0,19.8,125000,350.0,Royal Enfield,8,0.05657142857142857
Hyosung GT250R 2012,2012,100000.0,fourth owner or more,bangalore,30.0,28.0,138900,250.0,Hyosung,12,0.112
TVS Apache RTR 200 4V Dual Channel ABS BS6 2021,2021,40.0,fourth owner or more,jaipur,40.0,20.21,61000,200.0,TVS,3,0.10105
Bajaj Pulsar 135LS 2015,2015,89000.0,first owner,jaipur,64.0,13.0,29000,135.0,Bajaj,9,0.0962962962962963
Bajaj Pulsar 220F 2018,2018,84000.0,fourth owner or more,jaipur,38.0,21.0,41000,220.0,Bajaj,6,0.09545454545454546
Bajaj Pulsar 125cc Disc BS6 2020,2020,75000.0,first owner,jaipur,62.0,11.64,65000,125.0,Bajaj,4,0.09312000000000001
Bajaj Pulsar 150cc 2018,2018,65.0,second owner,jaipur,65.0,15.0,50000,150.0,Bajaj,6,0.1
KTM RC 125CC 2020,2020,89000.0,fourth owner or more,bangalore,40.0,14.5,72000,125.0,KTM,4,0.116
Hero Splendor Plus Self Alloy 100cc 2019,2019,8015.0,first owner,delhi,55.0,8.2,45000,100.0,Hero,5,0.08199999999999999
Royal Enfield Bullet Electra 350cc 2012,2012,26000.0,first owner,gurgaon,40.0,19.8,65000,350.0,Royal Enfield,12,0.05657142857142857
Yamaha FZ 150cc 2013,2013,58.0,second owner,durgapur,58.0,13.0,27000,150.0,Yamaha,11,0.08666666666666667
Yamaha FZs 150cc 2014,2014,72000.0,second owner,amritsar,45.0,13.0,38800,150.0,Yamaha,10,0.08666666666666667
KTM Duke 390cc BS6 2020,2020,16000.0,first owner,hyderabad,25.0,42.9,265000,390.0,KTM,4,0.11
Bajaj Pulsar RS200 2015,2015,35.0,fourth owner or more,mumbai,35.0,24.16,48400,200.0,Bajaj,9,0.1208
TVS Apache RR310 BS6 2021,2021,1000.0,first owner,delhi,22.0,33.0,260000,310.0,TVS,3,0.1064516129032258
Honda CB Hornet 160R STD 2019,2019,52.0,first owner,ahmedabad,52.0,15.44,72500,160.0,Honda,5,0.0965
Honda CB Hornet 160R CBS 2019,2019,52.0,first owner,ahmedabad,52.0,15.44,81800,160.0,Honda,5,0.0965
Suzuki Gixxer SF 150cc 2016,2016,60000.0,first owner,mysore,40.0,14.6,58000,150.0,Suzuki,8,0.09733333333333333
Royal Enfield Thunderbird 350cc 2014,2014,16000.0,first owner,bhubaneshwar,40.0,19.8,115000,350.0,Royal Enfield,10,0.05657142857142857
Royal Enfield Classic 500cc 2011,2011,4578.0,first owner,bhiwandi,32.0,27.2,90000,500.0,Royal Enfield,13,0.0544
Royal Enfield Thunderbird 350cc 2015,2015,17960.0,first owner,delhi,40.0,19.8,90000,350.0,Royal Enfield,9,0.05657142857142857
Royal Enfield Bullet Electra Twinspark 350cc 2015,2015,14733.0,first owner,ghaziabad,35.0,19.8,85000,350.0,Royal Enfield,9,0.05657142857142857
Bajaj Platina 100cc 2016,2016,104.0,first owner,pune,104.0,8.1,42000,100.0,Bajaj,8,0.081
Bajaj Pulsar NS200 ABS 2018,2018,42.0,first owner,bangalore,42.0,23.2,94000,200.0,Bajaj,6,0.11599999999999999
KTM RC 390cc 2019,2019,14000.0,first owner,gurgaon,26.0,42.3,173175,390.0,KTM,5,0.10846153846153846
Honda CBR 150R 150cc 2014,2014,550000.0,second owner,nagpur,38.0,18.28,50000,150.0,Honda,10,0.12186666666666668
Hero Splendor Plus 100cc 2010,2010,23000.0,first owner,delhi,81.0,8.2,22000,100.0,Hero,14,0.08199999999999999
Hero Super Splendor 125cc 2010,2010,240000.0,first owner,shahganj,75.0,9.0,26000,125.0,Hero,14,0.072
TVS Apache RTR 180cc 2010,2010,45.0,fourth owner or more,patna,45.0,17.2,23000,180.0,TVS,14,0.09555555555555555
Bajaj Pulsar 180cc 2007,2007,35000.0,first owner,patna,65.0,15.0,11500,180.0,Bajaj,17,0.08333333333333333
KTM RC 390cc 2015,2015,28000.0,second owner,hyderabad,40.0,43.0,130000,390.0,KTM,9,0.11025641025641025
Yamaha YZF-R15 S 150cc 2018,2018,22800.0,first owner,patna,42.0,16.0,77400,150.0,Yamaha,6,0.10666666666666667
Royal Enfield Meteor 350 Stellar 2020,2020,1600.0,first owner,gurgaon,40.0,20.2,180000,350.0,Royal Enfield,4,0.05771428571428571
Yamaha YZF-R15 V3 150cc 2019,2019,9186.0,first owner,delhi,40.0,18.7,128000,150.0,Yamaha,5,0.12466666666666666
Hero Karizma R 223cc 2012,2012,88000.0,first owner,chennai,40.0,17.0,22000,223.0,Hero,12,0.07623318385650224
Hero Splendor Plus 100cc 2018,2018,12897.0,first owner,chandigarh,81.0,8.2,60000,100.0,Hero,6,0.08199999999999999
Bajaj Pulsar NS200 2012,2012,35.0,first owner,mumbai,35.0,23.19,43000,200.0,Bajaj,12,0.11595000000000001
Bajaj Avenger 220cc 2013,2013,47000.0,first owner,delhi,40.0,19.0,33300,220.0,Bajaj,11,0.08636363636363636
Royal Enfield Standard 350cc 2017,2017,37.0,first owner,chandigarh,37.0,19.8,152000,350.0,Royal Enfield,7,0.05657142857142857
KTM Duke 200cc 2017,2017,20000.0,first owner,bangalore,35.0,24.6,130000,200.0,KTM,7,0.12300000000000001
Hero Passion Xpro Disc Self Alloy 2014,2014,15000.0,first owner,delhi,55.0,8.0,34000,109.0,Hero,10,0.07339449541284404
Mahindra Mojo 300cc 2016,2016,25150.0,second owner,delhi,25.0,26.45,110000,300.0,Mahindra,8,0.08816666666666667
Yamaha YZF-R15 150cc 2015,2015,30000.0,first owner,patna,42.0,16.0,65000,150.0,Yamaha,9,0.10666666666666667
Royal Enfield Classic 500cc 2013,2013,11012.0,first owner,jaipur,32.0,27.2,118200,500.0,Royal Enfield,11,0.0544
TVS Apache RTR 180cc 2015,2015,45.0,first owner,delhi,45.0,17.2,46000,180.0,TVS,9,0.09555555555555555
Hero Glamour 125cc 2014,2014,17000.0,first owner,murad nagar,55.0,8.9,30000,125.0,Hero,10,0.0712
KTM Duke 200cc 2016,2016,25000.0,first owner,hyderabad,35.0,24.6,120000,200.0,KTM,8,0.12300000000000001
Royal Enfield Classic 500cc 2016,2016,10600.0,first owner,pune,32.0,27.2,130000,500.0,Royal Enfield,8,0.0544
Yamaha YZF-R15 2.0 150cc 2013,2013,12200.0,second owner,bangalore,42.0,16.7,70000,150.0,Yamaha,11,0.11133333333333333
TVS Apache RTR 160cc 2018,2018,60.0,second owner,thane,60.0,15.2,77812,160.0,TVS,6,0.095
Hero Super Splendor 125cc 2012,2012,28655.0,first owner,delhi,75.0,9.0,22000,125.0,Hero,12,0.072
Royal Enfield Classic 350cc 2015,2015,32000.0,first owner,delhi,35.0,19.8,90000,350.0,Royal Enfield,9,0.05657142857142857
Royal Enfield Classic 350cc 2015,2015,17600.0,second owner,delhi,35.0,19.8,95000,350.0,Royal Enfield,9,0.05657142857142857
Bajaj Pulsar 150cc 2011,2011,65.0,first owner,ahmedabad,65.0,14.85,21200,150.0,Bajaj,13,0.09899999999999999
Hero CD Deluxe 100cc 2006,2006,45000.0,first owner,ahmedabad,65.0,7.7,16939,100.0,Hero,18,0.077
Hero Splendor Pro 100cc 2012,2012,2977.0,first owner,ahmedabad,81.0,8.2,24100,100.0,Hero,12,0.08199999999999999
Yamaha YZF-R15 V3 150cc 2018,2018,10000.0,first owner,surat,40.0,18.7,110000,150.0,Yamaha,6,0.12466666666666666
Bajaj Pulsar 220F 2012,2012,16000.0,first owner,jaipur,38.0,21.0,34700,220.0,Bajaj,12,0.09545454545454546
Bajaj Avenger Cruise 220 ABS FI BS6 2020,2020,2400.0,first owner,motihari,35.0,18.76,115000,220.0,Bajaj,4,0.08527272727272728
Bajaj Pulsar 180cc 2010,2010,25000.0,first owner,bangalore,65.0,15.0,22000,180.0,Bajaj,14,0.08333333333333333
Royal Enfield Classic 350cc 2015,2015,50000.0,first owner,ludhiana,35.0,19.8,115500,350.0,Royal Enfield,9,0.05657142857142857
Hero Splendor 100cc 2016,2016,6500.0,first owner,akkalkot,45.0,6.15,23500,100.0,Hero,8,0.061500000000000006
Bajaj Dominar 400 ABS 2017,2017,28.0,first owner,thane,28.0,34.5,119400,400.0,Bajaj,7,0.08625
Bajaj Avenger Cruise 220 ABS 2019,2019,5500.0,first owner,pune,35.0,19.0,110000,220.0,Bajaj,5,0.08636363636363636
Bajaj Avenger Street 150 2018,2018,32000.0,first owner,bhiwani,45.0,14.3,46500,150.0,Bajaj,6,0.09533333333333334
Honda CBR 250R ABS 2018,2018,38.0,first owner,patna,38.0,25.7,180000,250.0,Honda,6,0.1028
Yamaha FZs 150cc 2014,2014,21100.0,second owner,jaipur,45.0,13.0,45000,150.0,Yamaha,10,0.08666666666666667
Yamaha YZF-R15 V3 150CC ABS 2019,2019,16200.0,first owner,salem,40.0,18.7,140000,150.0,Yamaha,5,0.12466666666666666
Suzuki Gixxer 150cc SP ABS 2019,2019,15500.0,first owner,mumbai,63.0,14.0,92000,150.0,Suzuki,5,0.09333333333333334
Bajaj Pulsar 220cc 2016,2016,15241.0,first owner,delhi,38.0,21.0,63000,220.0,Bajaj,8,0.09545454545454546
TVS Victor Premium Edition 110cc 2018,2018,74.0,second owner,delhi,74.0,9.5,30000,110.0,TVS,6,0.08636363636363636
KTM Duke 200cc 2019,2019,16500.0,second owner,faridabad,35.0,24.6,155000,200.0,KTM,5,0.12300000000000001
Bajaj Pulsar 220cc 2010,2010,22000.0,first owner,dehradun,38.0,21.0,40000,220.0,Bajaj,14,0.09545454545454546
KTM Duke 250cc 2017,2017,20000.0,first owner,bangalore,40.0,29.6,190000,250.0,KTM,7,0.1184
Bajaj Pulsar 150cc 2012,2012,65.0,first owner,mumbai,65.0,14.85,26900,150.0,Bajaj,12,0.09899999999999999
TVS Apache RTR 160 4V FI 2018,2018,95000.0,first owner,mumbai,40.0,16.1,64000,160.0,TVS,6,0.100625
Bajaj Avenger 220cc 2011,2011,19000.0,first owner,delhi,40.0,19.0,25000,220.0,Bajaj,13,0.08636363636363636
Yamaha FZs 150cc 2013,2013,22363.0,first owner,bangalore,45.0,13.0,45000,150.0,Yamaha,11,0.08666666666666667
Bajaj Pulsar 150cc 2014,2014,65.0,first owner,bangalore,65.0,14.85,45000,150.0,Bajaj,10,0.09899999999999999
TVS Apache RTR 180cc 2014,2014,45.0,first owner,bangalore,45.0,17.2,48000,180.0,TVS,10,0.09555555555555555
Yamaha FZs 150cc 2013,2013,27744.0,first owner,bangalore,45.0,13.0,45000,150.0,Yamaha,11,0.08666666666666667
Bajaj Pulsar 220cc 2014,2014,31773.0,first owner,bangalore,38.0,21.0,48000,220.0,Bajaj,10,0.09545454545454546
Royal Enfield Bullet 350cc ES EFI BS6 2020,2020,37.0,first owner,delhi,37.0,19.8,148000,350.0,Royal Enfield,4,0.05657142857142857
Royal Enfield Bullet 500cc 2016,2016,13000.0,first owner,delhi,25.0,26.37,112300,500.0,Royal Enfield,8,0.05274
Hero Splendor Plus Black and Accent Edition 2021,2021,12500.0,first owner,hardoi,55.0,7.91,700000,200.0,Hero,3,0.03955
Royal Enfield Thunderbird X 350cc ABS 2019,2019,25000.0,first owner,bangalore,40.0,19.8,165000,350.0,Royal Enfield,5,0.05657142857142857
Yamaha YZF-R15 2.0 150cc 2016,2016,29963.0,first owner,rajahmundry,42.0,16.7,100000,150.0,Yamaha,8,0.11133333333333333
TVS Apache RTR 200 4V Carburetor 2017,2017,40.0,second owner,ludhiana,40.0,20.7,80000,200.0,TVS,7,0.1035
UM Renegade Commando 2017,2017,2500.0,first owner,mumbai,35.0,24.8,129000,279.0,UM,7,0.08888888888888889
KTM Duke 390cc 2017,2017,22352.0,first owner,ludhiana,25.0,42.9,180000,390.0,KTM,7,0.11
Honda CB Shine 125cc 2014,2014,65.0,first owner,kolkata,65.0,10.0,35000,125.0,Honda,10,0.08
Hero CBZ 150cc 2011,2011,90000.0,first owner,vadodara,65.0,12.8,23000,150.0,Hero,13,0.08533333333333334
Yamaha FZs 150cc 2012,2012,40000.0,second owner,malout,45.0,13.0,45000,150.0,Yamaha,12,0.08666666666666667
Hero Xpulse 200T 2019,2019,800.0,first owner,hyderabad,40.0,18.1,87000,200.0,Hero,5,0.09050000000000001
KTM RC 390cc 2019,2019,1440.0,first owner,delhi,26.0,42.3,190000,390.0,KTM,5,0.10846153846153846
Royal Enfield Himalayan 410cc 2017,2017,19000.0,first owner,gurgaon,32.0,24.5,118000,410.0,Royal Enfield,7,0.05975609756097561
Royal Enfield Classic 350cc 2016,2016,21000.0,first owner,kalyan,35.0,19.8,86250,350.0,Royal Enfield,8,0.05657142857142857
Hero Splendor Plus i3s 2019,2019,22455.0,first owner,delhi,81.0,8.2,50000,97.0,Hero,5,0.0845360824742268
Suzuki Gixxer 150cc 2016,2016,13998.0,first owner,bangalore,63.0,14.0,56969,150.0,Suzuki,8,0.09333333333333334
Yamaha YZF-R15 V3 150cc 2020,2020,6000.0,first owner,mumbai,40.0,18.7,155625,150.0,Yamaha,4,0.12466666666666666
Bajaj Pulsar 220F 2013,2013,50000.0,second owner,kochi,38.0,21.0,30000,220.0,Bajaj,11,0.09545454545454546
Hero Splendor Plus Self Alloy 100cc 2019,2019,7886.0,first owner,dehradun,55.0,8.2,65000,100.0,Hero,5,0.08199999999999999
Royal Enfield Classic 350cc 2014,2014,30000.0,first owner,mumbai,35.0,19.8,78750,350.0,Royal Enfield,10,0.05657142857142857
Royal Enfield Thunderbird 350cc 2010,2010,44000.0,second owner,pune,35.0,19.8,60000,350.0,Royal Enfield,14,0.05657142857142857
Bajaj Pulsar 150cc 2013,2013,65.0,first owner,delhi,65.0,14.85,28800,150.0,Bajaj,11,0.09899999999999999
Honda CB Shine 125cc 2014,2014,65.0,first owner,ahmedabad,65.0,10.0,32500,125.0,Honda,10,0.08
Bajaj Pulsar 125cc Disc CBS 2019,2019,16000.0,first owner,delhi,40.0,11.8,62000,125.0,Bajaj,5,0.09440000000000001
Bajaj Pulsar 125cc Disc BS6 2020,2020,88000.0,second owner,jaipur,62.0,11.64,55200,125.0,Bajaj,4,0.09312000000000001
Hero Super Splendor 125cc 2019,2019,12700.0,first owner,delhi,75.0,9.0,55000,125.0,Hero,5,0.072
Suzuki Gixxer SF 150cc ABS BS6 2021,2021,7500.0,first owner,bangalore,40.0,14.6,150000,150.0,Suzuki,3,0.09733333333333333
KTM Duke 200cc 2015,2015,20000.0,first owner,thane,35.0,25.0,89900,200.0,KTM,9,0.125
Honda CBR 250R 2012,2012,29.0,second owner,mumbai,29.0,26.15,70000,250.0,Honda,12,0.1046
Hero CBZ 150cc 2009,2009,61000.0,first owner,bangalore,65.0,12.8,25000,150.0,Hero,15,0.08533333333333334
Royal Enfield Classic 350cc ABS BS6 2021,2021,18000.0,first owner,gurgaon,35.0,19.1,172100,350.0,Royal Enfield,3,0.054571428571428576
Bajaj Discover 150S Disc 2015,2015,70.0,first owner,bangalore,70.0,13.0,25000,150.0,Bajaj,9,0.08666666666666667
Hero Xpulse 200cc FI 2019,2019,10900.0,first owner,bangalore,40.0,18.1,105100,200.0,Hero,5,0.09050000000000001
Hero Karizma 223cc 2006,2006,47000.0,first owner,bangalore,40.0,17.0,20000,223.0,Hero,18,0.07623318385650224
Bajaj Avenger 220cc 2015,2015,29614.0,first owner,bangalore,40.0,19.0,55000,220.0,Bajaj,9,0.08636363636363636
Royal Enfield Bullet 350cc ES EFI BS6 2020,2020,37.0,first owner,delhi,37.0,19.8,145000,350.0,Royal Enfield,4,0.05657142857142857
KTM Duke 390cc 2017,2017,89000.0,fourth owner or more,jaipur,25.0,42.9,93000,390.0,KTM,7,0.11
Bajaj Platina 100cc ComforTec Alloy 2018,2018,40126.0,first owner,chittoor,90.0,8.1,34000,100.0,Bajaj,6,0.081
Royal Enfield Classic Gunmetal Grey 350cc ABS Spoke BS6 2020,2020,3649.0,first owner,delhi,35.0,19.1,155000,350.0,Royal Enfield,4,0.054571428571428576
Royal Enfield Classic Gunmetal Grey 350cc ABS 2019,2019,2000.0,first owner,mumbai,35.0,19.8,175000,350.0,Royal Enfield,5,0.05657142857142857
KTM Duke 200cc 2017,2017,15000.0,first owner,mumbai,35.0,24.6,89999,200.0,KTM,7,0.12300000000000001
Royal Enfield Classic 350cc 2019,2019,10500.0,first owner,ahmedabad,35.0,19.8,137000,350.0,Royal Enfield,5,0.05657142857142857
Bajaj Pulsar AS150 2016,2016,34600.0,first owner,kolkata,53.0,16.8,35000,150.0,Bajaj,8,0.112
Royal Enfield Continental GT 535cc 2015,2015,49900.0,second owner,bangalore,26.0,29.1,135000,535.0,Royal Enfield,9,0.05439252336448598
TVS Apache RTR 180cc ABS 2012,2012,45.0,second owner,pune,45.0,17.2,32000,180.0,TVS,12,0.09555555555555555
Bajaj Avenger Street 150 2016,2016,98000.0,fourth owner or more,sirsa,50.0,14.3,26000,150.0,Bajaj,8,0.09533333333333334
Hero Karizma R 223cc 2009,2009,96000.0,first owner,mumbai,40.0,17.0,25000,223.0,Hero,15,0.07623318385650224
Royal Enfield Classic 350cc-Redditch Edition 2017,2017,12000.0,first owner,chennai,35.0,19.8,140000,350.0,Royal Enfield,7,0.05657142857142857
Jawa Perak 330cc 2020,2020,3000.0,first owner,ghaziabad,40.0,30.0,189000,330.0,Jawa,4,0.09090909090909091
KTM Duke 250cc 2017,2017,6500.0,first owner,bangalore,40.0,29.6,205000,250.0,KTM,7,0.1184
Yamaha YZF-R15 S 150cc 2019,2019,18000.0,first owner,coimbatore,42.0,16.0,88000,150.0,Yamaha,5,0.10666666666666667
Bajaj Discover 100M 2014,2014,80.0,first owner,lucknow,80.0,9.1,17500,100.0,Bajaj,10,0.091
TVS Apache RTR 200 4V Race Edition 2.0 2019,2019,40.0,first owner,bangalore,40.0,20.7,95000,200.0,TVS,5,0.1035
Royal Enfield Classic 350cc ABS 2019,2019,3500.0,first owner,mumbai,35.0,19.8,186750,350.0,Royal Enfield,5,0.05657142857142857
Bajaj Pulsar RS200 2016,2016,35.0,fourth owner or more,bangalore,35.0,24.5,80000,200.0,Bajaj,8,0.1225
Bajaj Pulsar RS200 2016,2016,35.0,first owner,gurgaon,35.0,24.5,70000,200.0,Bajaj,8,0.1225
Bajaj Platina 110 H Gear Disc BS6 2020,2020,8500.0,first owner,faridabad,84.0,8.44,61400,110.0,Bajaj,4,0.07672727272727273
Royal Enfield Classic 350cc 2017,2017,16100.0,second owner,ghaziabad,35.0,19.8,112100,350.0,Royal Enfield,7,0.05657142857142857
Yamaha YZF-R15 150cc 2011,2011,33000.0,first owner,chennai,42.0,16.0,32025,150.0,Yamaha,13,0.10666666666666667
Royal Enfield Thunderbird 350cc 2015,2015,24000.0,first owner,bangalore,40.0,19.8,115000,350.0,Royal Enfield,9,0.05657142857142857
Bajaj Avenger 220cc 2014,2014,32000.0,first owner,baramati,40.0,19.0,40000,220.0,Bajaj,10,0.08636363636363636
Yamaha FZ16 150cc 2013,2013,58.0,first owner,ahmedabad,58.0,13.0,33000,150.0,Yamaha,11,0.08666666666666667
Bajaj Pulsar ABS 220F 2019,2019,30000.0,fourth owner or more,mumbai,38.0,21.0,62000,220.0,Bajaj,5,0.09545454545454546
TVS Apache RTR 160 4V Disc 2019,2019,95000.0,fourth owner or more,jaipur,40.0,16.1,38000,160.0,TVS,5,0.100625
Suzuki Gixxer SF 250cc ABS 2019,2019,5924.0,first owner,bangalore,40.0,26.1,124350,250.0,Suzuki,5,0.1044
Honda CB Unicorn 160 STD 2015,2015,52.0,second owner,pune,52.0,13.82,45000,160.0,Honda,9,0.08637500000000001
Bajaj Pulsar 200 NS 200cc 2014,2014,46000.0,first owner,ghaziabad,40.0,24.2,45000,200.0,Bajaj,10,0.121
Bajaj Avenger Street 150 2017,2017,25000.0,first owner,durgapur,45.0,14.3,50000,150.0,Bajaj,7,0.09533333333333334
Bajaj Dominar 400 ABS 2017,2017,28.0,first owner,bangalore,28.0,34.5,130000,400.0,Bajaj,7,0.08625
Bajaj Pulsar 220cc 2016,2016,310000.0,first owner,mumbai,38.0,21.0,55000,220.0,Bajaj,8,0.09545454545454546
Bajaj Pulsar 220cc 2015,2015,52000.0,second owner,rewa,38.0,21.0,47000,220.0,Bajaj,9,0.09545454545454546
Honda CBR 250R 2012,2012,29.0,second owner,pune,29.0,26.15,60000,250.0,Honda,12,0.1046
TVS Apache 150cc 2006,2006,45.0,first owner,bangalore,45.0,13.7,35000,150.0,TVS,18,0.09133333333333332
Royal Enfield Classic 350cc 2015,2015,70000.0,second owner,patna,35.0,19.8,105000,350.0,Royal Enfield,9,0.05657142857142857
Yamaha FZ 150cc 2016,2016,58.0,first owner,bangalore,58.0,13.0,55000,150.0,Yamaha,8,0.08666666666666667
Bajaj Avenger 220cc 2014,2014,22033.0,first owner,jaipur,40.0,19.0,41000,220.0,Bajaj,10,0.08636363636363636
Royal Enfield Classic Gunmetal Grey 350cc 2019,2019,9000.0,first owner,chandigarh,35.0,19.8,180000,350.0,Royal Enfield,5,0.05657142857142857
Bajaj Pulsar 180cc 2017,2017,10000.0,first owner,chandigarh,65.0,17.0,85000,180.0,Bajaj,7,0.09444444444444444
Yamaha YZF-R15 2.0 150cc 2012,2012,28000.0,first owner,chandigarh,42.0,16.7,80000,150.0,Yamaha,12,0.11133333333333333
Hero Passion Pro 100cc 2009,2009,112000.0,first owner,nadiad,5.0,8.2,12000,100.0,Hero,15,0.08199999999999999
Hero CD Deluxe 100cc 2006,2006,60000.0,first owner,delhi,65.0,7.7,12119,100.0,Hero,18,0.077
Royal Enfield Classic Gunmetal Grey 350cc 2017,2017,21000.0,first owner,salem,35.0,19.8,155000,350.0,Royal Enfield,7,0.05657142857142857
Honda X-Blade 160cc 2019,2019,30000.0,first owner,tiruppur,40.0,13.93,66000,160.0,Honda,5,0.0870625
Hero CD Deluxe 100cc 2012,2012,59000.0,first owner,gorakhpur,65.0,7.7,35000,100.0,Hero,12,0.077
TVS Apache RTR 160cc Rear Disc 2017,2017,60.0,first owner,lucknow,60.0,15.2,60000,160.0,TVS,7,0.095
Suzuki Gixxer SF 150cc ABS BS6 2020,2020,6000.0,first owner,mumbai,40.0,14.6,132600,150.0,Suzuki,4,0.09733333333333333
Yamaha Crux 110cc 2002,2002,60.0,first owner,midnapore,60.0,7.5,27000,110.0,Yamaha,22,0.06818181818181818
Suzuki Gixxer SF Fi 150cc ABS 2018,2018,24000.0,first owner,ahmedabad,40.0,14.6,80000,150.0,Suzuki,6,0.09733333333333333
Hero Passion Pro i3S Alloy 100cc IBS 2019,2019,22465.0,first owner,mumbai,84.0,8.2,44000,100.0,Hero,5,0.08199999999999999
Suzuki Intruder 150cc FI 2020,2020,2000.0,first owner,kalyan,40.0,14.6,112800,150.0,Suzuki,4,0.09733333333333333
Bajaj Pulsar NS200 2018,2018,42.0,first owner,hyderabad,42.0,23.2,96000,200.0,Bajaj,6,0.11599999999999999
Bajaj Pulsar NS200 2018,2018,42.0,first owner,hyderabad,42.0,23.2,96500,200.0,Bajaj,6,0.11599999999999999
Royal Enfield Classic 350cc 2013,2013,20000.0,first owner,goraya,35.0,19.8,110000,350.0,Royal Enfield,11,0.05657142857142857
TVS Apache RTR 180cc ABS BS6 2020,2020,45.0,first owner,gohana,45.0,16.3,86400,180.0,TVS,4,0.09055555555555556
Royal Enfield Classic Squadron Blue 500cc 2017,2017,15960.0,first owner,pondicherry,25.0,27.2,165000,500.0,Royal Enfield,7,0.0544
TVS Apache RTR 200 4V Dual Channel ABS With Modes BS6 2021,2021,40.0,first owner,gurgaon,40.0,20.21,135000,200.0,TVS,3,0.10105
Royal Enfield Classic 350cc 2013,2013,71000.0,second owner,ghaziabad,35.0,19.8,70000,350.0,Royal Enfield,11,0.05657142857142857
Yamaha FZ 150cc 2012,2012,58.0,second owner,bangalore,58.0,13.0,40000,150.0,Yamaha,12,0.08666666666666667
Yamaha FZ S V 2.0 150cc 2015,2015,58.0,first owner,chengalpattu,58.0,13.0,45000,150.0,Yamaha,9,0.08666666666666667
Royal Enfield Classic 500cc 2017,2017,6000.0,first owner,delhi,35.0,27.2,134400,500.0,Royal Enfield,7,0.0544
Yamaha YZF-R15 2.0 150cc 2013,2013,82200.0,first owner,hyderabad,42.0,16.7,59000,150.0,Yamaha,11,0.11133333333333333
Royal Enfield Electra 350cc 2017,2017,23126.0,first owner,hyderabad,25.0,19.8,110000,350.0,Royal Enfield,7,0.05657142857142857
Bajaj Pulsar 125cc Disc BS6 2020,2020,8000.0,first owner,delhi,62.0,11.64,74000,125.0,Bajaj,4,0.09312000000000001
Royal Enfield Thunderbird 350cc 2018,2018,7000.0,first owner,bangalore,40.0,19.8,160000,350.0,Royal Enfield,6,0.05657142857142857
Royal Enfield Bullet 350cc 2019,2019,4300.0,first owner,delhi,40.0,19.8,130000,350.0,Royal Enfield,5,0.05657142857142857
Yamaha YZF-R15 V3 150cc 2018,2018,9500.0,first owner,delhi,40.0,18.7,105000,150.0,Yamaha,6,0.12466666666666666
Hero HF Deluxe 100cc 2017,2017,20000.0,first owner,gurgaon,55.0,6.15,20000,100.0,Hero,7,0.061500000000000006
Bajaj Pulsar RS200 2016,2016,35.0,first owner,ahmedabad,35.0,24.5,75000,200.0,Bajaj,8,0.1225
Yamaha FZ16 150cc 2011,2011,58.0,first owner,jaipur,58.0,13.0,35000,150.0,Yamaha,13,0.08666666666666667
Hero Splendor Plus i3s 2019,2019,19000.0,first owner,delhi,81.0,8.2,60000,97.0,Hero,5,0.0845360824742268
Hero Splendor 100cc 2013,2013,30768.0,first owner,mumbai,45.0,6.15,35000,100.0,Hero,11,0.061500000000000006
Yamaha FZs 150cc 2014,2014,26330.0,first owner,hyderabad,45.0,13.0,45400,150.0,Yamaha,10,0.08666666666666667
Bajaj Pulsar 150cc 2009,2009,65.0,second owner,kolkata,65.0,14.85,10125,150.0,Bajaj,15,0.09899999999999999
Suzuki Gixxer 150cc SP ABS 2019,2019,13500.0,first owner,mumbai,63.0,14.0,88187,150.0,Suzuki,5,0.09333333333333334
Honda CB Unicorn 150cc 2013,2013,60.0,first owner,mumbai,60.0,14.0,35275,150.0,Honda,11,0.09333333333333334
Royal Enfield Classic 350cc ABS BS6 2021,2021,900.0,first owner,mumbai,35.0,19.1,233438,350.0,Royal Enfield,3,0.054571428571428576
Jawa Forty Two 295CC 2019,2019,1600.0,first owner,mumbai,40.0,27.0,155625,295.0,Jawa,5,0.09152542372881356
TVS Apache RTR 180cc ABS 2020,2020,45.0,third owner,mumbai,45.0,17.3,63000,180.0,TVS,4,0.09611111111111112
Royal Enfield Standard 350cc 2019,2019,30.0,first owner,chandigarh,30.0,18.0,145000,350.0,Royal Enfield,5,0.05142857142857143
Royal Enfield Standard 350cc 2020,2020,30.0,first owner,chandigarh,30.0,18.0,160000,350.0,Royal Enfield,4,0.05142857142857143
Royal Enfield Classic Gunmetal Grey 350cc 2017,2017,13000.0,first owner,chandigarh,35.0,19.8,145000,350.0,Royal Enfield,7,0.05657142857142857
Royal Enfield Standard 350cc 2019,2019,30.0,first owner,chandigarh,30.0,18.0,150000,350.0,Royal Enfield,5,0.05142857142857143
Hero HF Deluxe 100cc 2018,2018,12000.0,first owner,chandigarh,55.0,6.15,50000,100.0,Hero,6,0.061500000000000006
KTM Duke 390cc 2017,2017,14000.0,first owner,delhi,25.0,42.9,185000,390.0,KTM,7,0.11
KTM Duke 390cc 2019,2019,14000.0,first owner,delhi,25.0,42.9,245000,390.0,KTM,5,0.11
KTM Duke 125cc 2020,2020,5000.0,first owner,rajkot,40.0,14.3,125000,125.0,KTM,4,0.1144
Bajaj Avenger 220cc 2017,2017,7400.0,first owner,ahmedabad,40.0,19.0,66900,220.0,Bajaj,7,0.08636363636363636
Bajaj Avenger Cruise 220 2016,2016,6790.0,first owner,amritsar,35.0,19.0,60000,220.0,Bajaj,8,0.08636363636363636
Bajaj Avenger Cruise 220 2017,2017,12000.0,first owner,kasargod,35.0,19.0,56300,220.0,Bajaj,7,0.08636363636363636
Yamaha FZs 150cc 2015,2015,18000.0,second owner,delhi,45.0,13.0,30000,150.0,Yamaha,9,0.08666666666666667
TVS Apache RTR 200 4V ABS 2018,2018,40.0,second owner,mumbai,40.0,20.23,73000,200.0,TVS,6,0.10115
TVS Apache RTR 180cc 2016,2016,45.0,first owner,mumbai,45.0,17.3,53000,180.0,TVS,8,0.09611111111111112
TVS Radeon 110CC SELF ALLOY BS6 2020,2020,7000.0,first owner,delhi,63.97,8.0,60000,110.0,TVS,4,0.07272727272727272
TVS Apache RTR 200 4V FI 2017,2017,40.0,second owner,mumbai,40.0,20.7,65000,200.0,TVS,7,0.1035
Bajaj Pulsar 125cc Disc BS6 2020,2020,67000.0,second owner,delhi,62.0,11.64,56600,125.0,Bajaj,4,0.09312000000000001
Honda CB Unicorn 150cc 2011,2011,60.0,first owner,mumbai,60.0,14.0,35000,150.0,Honda,13,0.09333333333333334
TVS Apache RTR 200 4V Carburetor 2017,2017,40.0,first owner,chennai,40.0,20.7,70000,200.0,TVS,7,0.1035
Yamaha Fazer 150cc 2011,2011,45.0,first owner,pune,45.0,13.0,39655,150.0,Yamaha,13,0.08666666666666667
Hero Ignitor 125cc 2013,2013,38000.0,first owner,mumbai,55.0,11.0,39425,125.0,Hero,11,0.088
Bajaj CT 100 ES Alloy CBS 2019,2019,20850.0,first owner,ahmedabad,67.0,8.1,50000,100.0,Bajaj,5,0.081
Bajaj Discover 100cc 2013,2013,80.0,first owner,delhi,80.0,7.7,28000,100.0,Bajaj,11,0.077
KTM RC 200cc 2019,2019,14800.0,first owner,delhi,35.0,25.1,180000,200.0,KTM,5,0.1255
Yamaha FZs 150cc 2015,2015,18000.0,first owner,delhi,45.0,13.0,48000,150.0,Yamaha,9,0.08666666666666667
Hero Splendor Plus Kick Alloy 100cc 2019,2019,16000.0,first owner,delhi,81.0,8.2,59000,100.0,Hero,5,0.08199999999999999
Royal Enfield Bullet Twinspark Kickstart 350cc 2019,2019,37.0,first owner,delhi,37.0,19.8,136000,350.0,Royal Enfield,5,0.05657142857142857
Royal Enfield Standard 350cc 2019,2019,30.0,first owner,delhi,30.0,18.0,135000,350.0,Royal Enfield,5,0.05142857142857143
Yamaha YZF-R15 150cc 2019,2019,81315.0,first owner,chandigarh,42.0,16.0,150000,150.0,Yamaha,5,0.10666666666666667
Bajaj Pulsar NS200 ABS 2020,2020,42.0,first owner,delhi,42.0,23.2,105000,200.0,Bajaj,4,0.11599999999999999
Royal Enfield Bullet 500cc 2019,2019,43574.0,first owner,hyderabad,25.0,26.1,190000,500.0,Royal Enfield,5,0.0522
KTM RC 390cc BS6 2021,2021,1600.0,first owner,mumbai,26.0,42.3,296000,390.0,KTM,3,0.10846153846153846
KTM Duke 200cc 2013,2013,25000.0,third owner,rajkot,35.0,25.0,74400,200.0,KTM,11,0.125
Royal Enfield Classic 350cc 2017,2017,17415.0,second owner,rajkot,35.0,19.8,138880,350.0,Royal Enfield,7,0.05657142857142857
Yamaha YZF-R15 V3 150cc 2020,2020,7000.0,first owner,rajkot,40.0,18.7,148800,150.0,Yamaha,4,0.12466666666666666
Honda CBR 150R 150cc 2013,2013,51000.0,second owner,rajkot,38.0,18.28,62496,150.0,Honda,11,0.12186666666666668
Royal Enfield Standard 350cc 2019,2019,30.0,first owner,rajkot,30.0,18.0,143840,350.0,Royal Enfield,5,0.05142857142857143
Bajaj Pulsar NS200 2017,2017,42.0,first owner,delhi,42.0,23.2,75000,200.0,Bajaj,7,0.11599999999999999
Honda CB Twister 110cc 2013,2013,71.0,first owner,bangalore,71.0,9.0,40000,110.0,Honda,11,0.08181818181818182
Royal Enfield Thunderbird 350cc 2018,2018,29000.0,first owner,pune,40.0,19.8,155000,350.0,Royal Enfield,6,0.05657142857142857
Royal Enfield Machismo 350cc 2000,2000,27000.0,second owner,bangalore,30.0,18.0,100000,350.0,Royal Enfield,24,0.05142857142857143
Bajaj V12 125cc 2017,2017,35000.0,first owner,bangalore,57.0,12.0,45000,125.0,Bajaj,7,0.096
Hero Xtreme 160R Front Disc BS6 2020,2020,15000.0,first owner,jaipur,55.47,15.0,93000,160.0,Hero,4,0.09375
Royal Enfield Himalayan 410cc 2018,2018,6000.0,first owner,hyderabad,32.0,24.5,172000,410.0,Royal Enfield,6,0.05975609756097561
Royal Enfield Himalayan 410cc 2017,2017,16020.0,first owner,gandhinagar,32.0,24.5,150000,410.0,Royal Enfield,7,0.05975609756097561
Bajaj Avenger Street 150 2017,2017,52000.0,first owner,bangalore,45.0,14.3,62000,150.0,Bajaj,7,0.09533333333333334
Bajaj Pulsar AS200 2015,2015,42.0,first owner,mumbai,42.0,23.2,45650,200.0,Bajaj,9,0.11599999999999999
Royal Enfield Classic 350cc 2010,2010,31200.0,first owner,mumbai,35.0,19.8,69512,350.0,Royal Enfield,14,0.05657142857142857
Bajaj Avenger 220cc 2013,2013,27000.0,first owner,mumbai,40.0,19.0,35000,220.0,Bajaj,11,0.08636363636363636
KTM RC 390cc 2016,2016,26000.0,first owner,bangalore,26.0,42.3,128000,390.0,KTM,8,0.10846153846153846
Royal Enfield Bullet 500cc 2016,2016,416242.0,first owner,bangalore,25.0,26.37,120000,500.0,Royal Enfield,8,0.05274
Jawa Perak 330cc 2021,2021,3300.0,first owner,bangalore,40.0,30.0,210000,330.0,Jawa,3,0.09090909090909091
Honda CB Twister 110cc 2012,2012,71.0,first owner,bengaluru,71.0,9.0,22500,110.0,Honda,12,0.08181818181818182
Bajaj Pulsar 180cc ABS 2019,2019,20000.0,first owner,varanasi,65.0,17.0,86948,180.0,Bajaj,5,0.09444444444444444
TVS Apache RTR 160cc 2010,2010,60.0,second owner,bangalore,60.0,15.2,29500,160.0,TVS,14,0.095
Yamaha YZF-R15 V3 150cc 2018,2018,12500.0,first owner,hyderabad,40.0,18.7,125000,150.0,Yamaha,6,0.12466666666666666
Royal Enfield Classic 350cc ABS Stealth Black BS6 2021,2021,800.0,first owner,neyyattinkara,35.0,19.1,236000,350.0,Royal Enfield,3,0.054571428571428576
TVS Sport Electric Start 2018,2018,2200.0,first owner,delhi,95.0,7.4,48000,109.0,TVS,6,0.06788990825688074
TVS Star City Plus Dual Tone BS6 2021,2021,2762.0,first owner,siliguri,85.0,8.08,78000,109.0,TVS,3,0.07412844036697248
Honda CB Shine 125cc 2017,2017,65.0,first owner,vadodara,65.0,10.0,45000,125.0,Honda,7,0.08
Hero CBZ Xtreme 150cc 2011,2011,39000.0,first owner,vadodara,65.0,14.4,20500,150.0,Hero,13,0.096
Hero Passion Pro 100cc 2013,2013,21000.0,first owner,vadodara,5.0,8.2,35500,100.0,Hero,11,0.08199999999999999
TVS Apache RR310 BS6 2021,2021,3500.0,first owner,kolkata,22.0,33.0,250000,310.0,TVS,3,0.1064516129032258
Hero Passion Pro 100cc 2017,2017,20000.0,first owner,vadodara,5.0,8.2,45000,100.0,Hero,7,0.08199999999999999
Bajaj Pulsar NS200 2013,2013,35.0,second owner,dehradun,35.0,23.19,45000,200.0,Bajaj,11,0.11595000000000001
Hero Passion Pro 100cc 2008,2008,30000.0,first owner,vadodara,5.0,8.2,24500,100.0,Hero,16,0.08199999999999999
Bajaj Discover 100cc 2011,2011,80.0,first owner,vadodara,80.0,7.7,23000,100.0,Bajaj,13,0.077
Bajaj Avenger Street 220 2018,2018,11690.0,first owner,hyderabad,53.0,19.0,70000,220.0,Bajaj,6,0.08636363636363636
KTM Duke 125cc 2019,2019,2500.0,first owner,mumbai,40.0,14.3,135000,125.0,KTM,5,0.1144
KTM RC 200cc 2018,2018,3500.0,first owner,mumbai,35.0,25.1,166000,200.0,KTM,6,0.1255
Bajaj Avenger Street 220 2016,2016,16799.0,second owner,bangalore,53.0,19.0,54998,220.0,Bajaj,8,0.08636363636363636
Bajaj Discover 150cc 2015,2015,70.0,first owner,bangalore,70.0,13.0,32000,150.0,Bajaj,9,0.08666666666666667
Royal Enfield Electra 350cc 2014,2014,18113.0,first owner,bangalore,37.0,19.0,90000,350.0,Royal Enfield,10,0.054285714285714284
Bajaj Avenger Street 220 ABS 2020,2020,8500.0,first owner,mumbai,45.0,14.3,100000,220.0,Bajaj,4,0.065
TVS Apache RTR 160cc 2019,2019,60.0,first owner,ghazipur,60.0,15.2,70000,160.0,TVS,5,0.095
Yamaha FZ25 250cc 2019,2019,29000.0,first owner,wardha,43.0,20.3,150000,250.0,Yamaha,5,0.08120000000000001
KTM Duke 390cc 2013,2013,21421.0,fourth owner or more,bangalore,25.0,44.0,108000,390.0,KTM,11,0.11282051282051282
KTM RC 390cc 2016,2016,11600.0,first owner,bangalore,26.0,42.3,162899,390.0,KTM,8,0.10846153846153846
TVS Apache RTR 160cc 2019,2019,60.0,first owner,bangalore,60.0,15.2,83000,160.0,TVS,5,0.095
Bajaj Pulsar 150cc 2019,2019,65.0,first owner,jodhpur,65.0,15.0,68000,150.0,Bajaj,5,0.1
Yamaha RX-Z 135cc 1999,1999,40008.0,first owner,bangalore,40.0,19.0,80000,135.0,Yamaha,25,0.14074074074074075
Royal Enfield Classic Gunmetal Grey 350cc 2018,2018,11794.0,first owner,vadodara,35.0,19.8,144200,350.0,Royal Enfield,6,0.05657142857142857
Royal Enfield Thunderbird 350cc 2015,2015,24000.0,first owner,thane,40.0,19.8,112300,350.0,Royal Enfield,9,0.05657142857142857
Royal Enfield Thunderbird 350cc 2018,2018,25000.0,first owner,nagpur,40.0,19.8,150000,350.0,Royal Enfield,6,0.05657142857142857
Royal Enfield Classic 350cc 2013,2013,21500.0,first owner,bangalore,35.0,19.8,95000,350.0,Royal Enfield,11,0.05657142857142857
Royal Enfield Interceptor 650cc 2019,2019,19000.0,first owner,chengannur,40.0,47.0,265000,650.0,Royal Enfield,5,0.07230769230769231
Royal Enfield Himalayan 410cc Dual Tone BS6 2020,2020,1400.0,first owner,tiruchirappalli,32.0,24.3,230600,410.0,Royal Enfield,4,0.05926829268292683
Royal Enfield Classic 500cc 2013,2013,11000.0,second owner,delhi,32.0,27.2,88000,500.0,Royal Enfield,11,0.0544
Royal Enfield Classic 350cc 2017,2017,12000.0,first owner,delhi,35.0,19.8,105000,350.0,Royal Enfield,7,0.05657142857142857
Royal Enfield Thunderbird 350cc 2015,2015,24000.0,first owner,bangalore,40.0,19.8,115000,350.0,Royal Enfield,9,0.05657142857142857
Royal Enfield Himalayan 410cc 2017,2017,7700.0,first owner,thane,32.0,24.5,150000,410.0,Royal Enfield,7,0.05975609756097561
Honda CD 110 Dream Self 2019,2019,84.0,first owner,ghaziabad,84.0,8.31,46100,110.0,Honda,5,0.07554545454545455
Kawasaki Vulcan S Black 2020,2020,23000.0,first owner,bangalore,16.0,60.0,525000,649.0,Kawasaki,4,0.09244992295839753
Kawasaki Ninja 650cc 2020,2020,8000.0,second owner,delhi,40.0,66.4,520000,650.0,Kawasaki,4,0.10215384615384616
Hero Passion Plus 100cc 2004,2004,32000.0,first owner,chennai,55.0,7.5,15000,100.0,Hero,20,0.075
Bajaj Pulsar 220F 2018,2018,24000.0,first owner,thane,38.0,21.0,88187,220.0,Bajaj,6,0.09545454545454546
Royal Enfield Thunderbird 350cc 2018,2018,12000.0,first owner,ghaziabad,40.0,19.8,120000,350.0,Royal Enfield,6,0.05657142857142857
Royal Enfield Electra 350cc 2017,2017,12129.0,first owner,bangalore,25.0,19.8,120000,350.0,Royal Enfield,7,0.05657142857142857
Yamaha SZR 150cc 2012,2012,30000.0,first owner,thane,40.0,12.0,16000,150.0,Yamaha,12,0.08
Yamaha FZ25 250cc 2017,2017,38000.0,first owner,delhi,43.0,20.3,95000,250.0,Yamaha,7,0.08120000000000001
Bajaj Avenger 220cc 2013,2013,45000.0,first owner,mumbai,40.0,19.0,45000,220.0,Bajaj,11,0.08636363636363636
TVS Apache RTR 200 4V Carburetor 2018,2018,40.0,first owner,hyderabad,40.0,20.7,72100,200.0,TVS,6,0.1035
Hero Passion Pro i3S Alloy 100cc 2018,2018,17123.0,first owner,varanasi,84.0,8.2,51500,100.0,Hero,6,0.08199999999999999
Hero Passion Pro 110cc Disc 2018,2018,23000.0,first owner,chanpatia,40.0,9.3,45000,110.0,Hero,6,0.08454545454545455
Benelli 302R 300CC 2017,2017,11000.0,first owner,bangalore,40.0,38.26,230000,300.0,Benelli,7,0.12753333333333333
Royal Enfield Thunderbird 350cc 2009,2009,24900.0,first owner,gurgaon,35.0,19.8,60000,350.0,Royal Enfield,15,0.05657142857142857
Royal Enfield Himalayan 410cc 2017,2017,47000.0,first owner,mumbai,32.0,24.5,153400,410.0,Royal Enfield,7,0.05975609756097561
Hero Achiever Disc 150cc 2017,2017,5000.0,first owner,navsari,45.0,13.0,37700,150.0,Hero,7,0.08666666666666667
Royal Enfield Bullet 500cc 2016,2016,22800.0,first owner,navi mumbai,25.0,26.37,126100,500.0,Royal Enfield,8,0.05274
Bajaj Pulsar 220F 2017,2017,40000.0,first owner,mumbai,38.0,21.0,54000,220.0,Bajaj,7,0.09545454545454546
Bajaj Pulsar 150cc 2018,2018,65.0,second owner,jaipur,65.0,15.0,58000,150.0,Bajaj,6,0.1
Bajaj Avenger 220cc 2015,2015,19000.0,second owner,navi mumbai,40.0,19.0,47800,220.0,Bajaj,9,0.08636363636363636
Hero Passion Xpro 110cc 2015,2015,30000.0,first owner,vadodara,55.0,6.72,36500,110.0,Hero,9,0.06109090909090909
Bajaj Pulsar 150cc Rear Disc 2019,2019,65.0,first owner,alwar,65.0,15.0,72800,150.0,Bajaj,5,0.1
Bajaj Avenger 220cc 2015,2015,18000.0,first owner,bareilly,40.0,19.0,45000,220.0,Bajaj,9,0.08636363636363636
Royal Enfield Classic Gunmetal Grey 350cc ABS Alloy BS6 2020,2020,1736.0,first owner,delhi,35.0,19.1,180000,350.0,Royal Enfield,4,0.054571428571428576
Royal Enfield Bullet Electra Twinspark 350CC ABS 2019,2019,45000.0,first owner,noida,35.0,19.8,75000,350.0,Royal Enfield,5,0.05657142857142857
Bajaj Avenger Cruise 220 2018,2018,3500.0,first owner,bangalore,35.0,19.0,75000,220.0,Bajaj,6,0.08636363636363636
Bajaj Pulsar 220cc 2016,2016,86000.0,first owner,hyderabad,38.0,21.0,60000,220.0,Bajaj,8,0.09545454545454546
Bajaj Avenger 220cc 2015,2015,16457.0,second owner,bangalore,40.0,19.0,50000,220.0,Bajaj,9,0.08636363636363636
TVS Apache RTR 200 4V FI 2018,2018,40.0,first owner,delhi,40.0,20.7,75000,200.0,TVS,6,0.1035
Benelli 302R 300CC 2018,2018,23933.0,first owner,bangalore,40.0,38.26,270000,300.0,Benelli,6,0.12753333333333333
Hero Splendor iSmart 110cc 2016,2016,13000.0,first owner,chennai,55.0,9.3,20000,110.0,Hero,8,0.08454545454545455
Yamaha YZF-R15 150cc 2013,2013,30000.0,third owner,delhi,42.0,16.0,37200,150.0,Yamaha,11,0.10666666666666667
Yamaha FZs 150cc 2015,2015,41000.0,first owner,gurgaon,45.0,13.0,36550,150.0,Yamaha,9,0.08666666666666667
TVS Apache 150cc 2012,2012,45.0,fourth owner or more,madikeri,45.0,13.7,35000,150.0,TVS,12,0.09133333333333332
TVS Apache RTR 200 4V ABS Race Edition 2018,2018,40.0,first owner,mumbai,40.0,20.23,92500,200.0,TVS,6,0.10115
Royal Enfield Classic 350cc-Redditch Edition 2017,2017,6900.0,first owner,bangalore,35.0,19.8,150000,350.0,Royal Enfield,7,0.05657142857142857
Bajaj Pulsar RS200 ABS 2016,2016,35.0,first owner,bangalore,35.0,24.5,92700,200.0,Bajaj,8,0.1225
Honda CB Shine 125cc 2017,2017,65.0,first owner,navi mumbai,65.0,10.0,42000,125.0,Honda,7,0.08
Yamaha YZF-R15 V3 150CC Dual Channel ABS BS6 2020,2020,15000.0,first owner,gurgaon,40.0,18.3,130000,150.0,Yamaha,4,0.12200000000000001
Royal Enfield Classic 350cc 2020,2020,2160.0,first owner,bangalore,35.0,19.8,170000,350.0,Royal Enfield,4,0.05657142857142857
Royal Enfield Himalayan 410cc 2018,2018,16000.0,first owner,faridabad,32.0,24.5,175000,410.0,Royal Enfield,6,0.05975609756097561
Hero Passion 100cc  2002,2002,58000.0,second owner,raipur,55.0,7.5,3900,100.0,Hero,22,0.075
Royal Enfield Thunderbird 350cc 2012,2012,21265.0,first owner,mumbai,40.0,19.8,80000,350.0,Royal Enfield,12,0.05657142857142857
Royal Enfield Classic 350cc Dual Disc 2019,2019,16800.0,first owner,delhi,35.0,19.8,145600,350.0,Royal Enfield,5,0.05657142857142857
Yamaha Fazer 150cc 2010,2010,45.0,first owner,delhi,45.0,13.0,16000,150.0,Yamaha,14,0.08666666666666667
TVS Apache RTR 180cc 2016,2016,45.0,first owner,mumbai,45.0,17.3,52000,180.0,TVS,8,0.09611111111111112
Royal Enfield Classic 500cc 2010,2010,2500.0,first owner,delhi,32.0,27.2,88000,500.0,Royal Enfield,14,0.0544
Suzuki Gixxer SF 150cc SP Rear Disc 2017,2017,33100.0,first owner,jaipur,40.0,14.6,65000,150.0,Suzuki,7,0.09733333333333333
Hero Splendor Pro 100cc 2015,2015,33000.0,first owner,delhi,81.0,8.2,35000,100.0,Hero,9,0.08199999999999999
Royal Enfield Bullet Electra 350cc 2013,2013,45000.0,first owner,noida,40.0,19.8,80000,350.0,Royal Enfield,11,0.05657142857142857
KTM Duke 390cc 2018,2018,18000.0,first owner,mumbai,25.0,42.9,207100,390.0,KTM,6,0.11
Bajaj Pulsar 220F 2015,2015,55333.0,first owner,ghaziabad,38.0,21.0,47300,220.0,Bajaj,9,0.09545454545454546
Royal Enfield Bullet 350 cc 1982,1982,22000.0,first owner,pune,40.0,19.0,150000,200.0,Royal Enfield,42,0.095
Honda CB Hornet 160R CBS 2017,2017,52.0,first owner,mumbai,52.0,15.44,65000,160.0,Honda,7,0.0965
Bajaj Pulsar ABS 150cc 2019,2019,65.0,first owner,patan,65.0,15.0,84490,150.0,Bajaj,5,0.1
Yamaha YZF-R15 V3 150CC ABS 2019,2019,16700.0,first owner,delhi,40.0,18.7,120000,150.0,Yamaha,5,0.12466666666666666
KTM RC 390cc 2017,2017,99000.0,fourth owner or more,mumbai,26.0,42.3,93000,390.0,KTM,7,0.10846153846153846
Bajaj Pulsar RS200 ABS 2016,2016,35.0,second owner,bhopal,35.0,24.5,85000,200.0,Bajaj,8,0.1225
Bajaj Pulsar RS200 2017,2017,35.0,second owner,mumbai,35.0,24.5,79000,200.0,Bajaj,7,0.1225
Bajaj Pulsar RS200 2015,2015,35.0,second owner,bangalore,35.0,24.16,82000,200.0,Bajaj,9,0.1208
Bajaj Pulsar RS200 ABS BS6 2021,2021,35.0,fourth owner or more,mumbai,35.0,23.7,69600,200.0,Bajaj,3,0.1185
Bajaj Pulsar RS200 2019,2019,35.0,fourth owner or more,jodhpur,35.0,24.5,51000,200.0,Bajaj,5,0.1225
Bajaj Pulsar RS200 2018,2018,35.0,fourth owner or more,mumbai,35.0,24.5,56000,200.0,Bajaj,6,0.1225
KTM RC 200cc ABS 2019,2019,95000.0,fourth owner or more,bangalore,35.0,25.1,83000,200.0,KTM,5,0.1255
KTM RC 390cc 2015,2015,97000.0,fourth owner or more,mumbai,26.0,43.0,76000,390.0,KTM,9,0.11025641025641025
Hero Passion Pro 100cc 2011,2011,43000.0,second owner,chennai,5.0,8.2,20000,100.0,Hero,13,0.08199999999999999
Yamaha FZS-FI V 3.0 150cc 2020,2020,24000.0,first owner,vadodara,40.0,13.0,95520,150.0,Yamaha,4,0.08666666666666667
Royal Enfield Classic 350cc 2017,2017,14000.0,second owner,rajkot,35.0,19.8,134823,350.0,Royal Enfield,7,0.05657142857142857
Royal Enfield Bullet Electra 350cc 2014,2014,11000.0,first owner,delhi,40.0,19.8,90000,350.0,Royal Enfield,10,0.05657142857142857
Royal Enfield Bullet Electra 350cc 2015,2015,30720.0,first owner,chennai,40.0,19.8,107000,350.0,Royal Enfield,9,0.05657142857142857
Bajaj XCD 135 2009,2009,50000.0,first owner,ayodhya,60.0,9.4,10000,135.0,Bajaj,15,0.06962962962962964
Bajaj Pulsar 150cc 2011,2011,65.0,first owner,bangalore,65.0,14.85,23200,150.0,Bajaj,13,0.09899999999999999
Honda CBR 250R 2011,2011,33500.0,second owner,bangalore,29.0,26.15,60000,250.0,Honda,13,0.1046
Bajaj Discover 125ST 2013,2013,19508.0,first owner,bangalore,65.0,12.5,30000,125.0,Bajaj,11,0.1
Bajaj Pulsar NS160 2018,2018,71000.0,second owner,jaipur,40.0,15.5,59000,160.0,Bajaj,6,0.096875
Royal Enfield Classic Gunmetal Grey 350cc 2018,2018,35000.0,first owner,thane,35.0,19.8,147100,350.0,Royal Enfield,6,0.05657142857142857
Mahindra Centuro Disc Brake 110cc 2015,2015,28000.0,first owner,delhi,60.0,8.5,28000,110.0,Mahindra,9,0.07727272727272727
Royal Enfield Bullet 350 cc 1982,1982,16245.0,first owner,delhi,40.0,19.0,70000,200.0,Royal Enfield,42,0.095
KTM Duke 200cc 2014,2014,98000.0,fourth owner or more,mumbai,35.0,25.0,46000,200.0,KTM,10,0.125
Bajaj Pulsar 180cc 2016,2016,22000.0,first owner,rajkot,65.0,17.0,45000,180.0,Bajaj,8,0.09444444444444444
Yamaha FZs 150cc 2008,2008,45000.0,first owner,mumbai,45.0,13.0,20000,150.0,Yamaha,16,0.08666666666666667
Kawasaki Z650 2019,2019,3100.0,first owner,bangalore,30.0,67.2,540000,650.0,Kawasaki,5,0.1033846153846154
Bajaj Pulsar 220F 2016,2016,35000.0,second owner,jaipur,38.0,21.0,59000,220.0,Bajaj,8,0.09545454545454546
Bajaj Pulsar 135LS 2012,2012,40000.0,first owner,varanasi,64.0,13.0,20100,135.0,Bajaj,12,0.0962962962962963
Yamaha FZS FI 150cc 2019,2019,14000.0,first owner,ghaziabad,52.0,12.9,100000,150.0,Yamaha,5,0.08600000000000001
Hero Xtreme 200S 2020,2020,3000.0,first owner,kolkata,40.0,18.1,82000,200.0,Hero,4,0.09050000000000001
Bajaj Discover 125cc 2007,2007,55051.0,first owner,delhi,65.0,12.5,15000,125.0,Bajaj,17,0.1
Royal Enfield Interceptor 650cc 2019,2019,800.0,first owner,nagpur,40.0,47.0,200000,650.0,Royal Enfield,5,0.07230769230769231
Hero Passion Pro 100cc 2010,2010,25000.0,first owner,delhi,5.0,8.2,21000,100.0,Hero,14,0.08199999999999999
Hero Passion Pro 100cc 2009,2009,22000.0,second owner,delhi,5.0,8.2,19000,100.0,Hero,15,0.08199999999999999
Bajaj Pulsar 220F 2019,2019,63000.0,fourth owner or more,jaipur,38.0,21.0,47200,220.0,Bajaj,5,0.09545454545454546
Honda CB Shine 125cc 2019,2019,65.0,first owner,gurgaon,65.0,10.0,51000,125.0,Honda,5,0.08
Bajaj CT 100 100cc 2016,2016,32604.0,first owner,bangalore,89.0,8.1,29500,100.0,Bajaj,8,0.081
Royal Enfield Standard 350cc 2009,2009,30.0,first owner,chandigarh,30.0,18.0,120000,350.0,Royal Enfield,15,0.05142857142857143
Bajaj V15 150cc 2017,2017,17000.0,first owner,delhi,57.0,11.8,38000,150.0,Bajaj,7,0.07866666666666668
Royal Enfield Standard 350cc 2019,2019,30.0,first owner,chandigarh,30.0,18.0,152000,350.0,Royal Enfield,5,0.05142857142857143
Royal Enfield Standard 350cc 2017,2017,37.0,first owner,chandigarh,37.0,19.8,142000,350.0,Royal Enfield,7,0.05657142857142857
Royal Enfield Standard 350cc 2010,2010,37.0,first owner,chandigarh,37.0,19.8,172000,350.0,Royal Enfield,14,0.05657142857142857
Royal Enfield Standard 350cc 2009,2009,30.0,fourth owner or more,chandigarh,30.0,18.0,160000,350.0,Royal Enfield,15,0.05142857142857143
Royal Enfield Standard 350cc 2018,2018,37.0,first owner,chandigarh,37.0,19.8,155000,350.0,Royal Enfield,6,0.05657142857142857
Harley-Davidson Iron 883 2015,2015,2500.0,first owner,mumbai,20.0,50.0,570625,883.0,Harley-Davidson,9,0.056625141562853906
Yamaha YZF-R15 V3 150cc 2018,2018,9200.0,first owner,pune,40.0,18.7,109900,150.0,Yamaha,6,0.12466666666666666
Royal Enfield Thunderbird 350cc ABS 2019,2019,5800.0,first owner,mumbai,40.0,19.8,177000,350.0,Royal Enfield,5,0.05657142857142857
UM Renegade Sport S 2017,2017,9000.0,first owner,pune,35.0,24.8,120000,279.0,UM,7,0.08888888888888889
UM Renegade Commando Classic 2018,2018,10000.0,first owner,mandvi,35.0,25.0,150000,279.0,UM,6,0.08960573476702509
Honda CBF Stunner 125cc 2012,2012,65.0,first owner,bhiwani,65.0,11.0,18200,125.0,Honda,12,0.088
Bajaj Avenger 180cc 2005,2005,50000.0,second owner,mumbai,40.0,19.0,30000,180.0,Bajaj,19,0.10555555555555556
Royal Enfield Thunderbird 350cc 2018,2018,15917.0,first owner,mumbai,40.0,19.8,101596,350.0,Royal Enfield,6,0.05657142857142857
Bajaj Pulsar RS200 ABS 2018,2018,35.0,first owner,kota,35.0,24.5,104000,200.0,Bajaj,6,0.1225
Hero Xtreme 200S 2019,2019,550.0,first owner,delhi,40.0,18.1,86000,200.0,Hero,5,0.09050000000000001
Suzuki Intruder SP 150cc 2018,2018,17000.0,first owner,ahmedabad,40.0,14.6,79400,150.0,Suzuki,6,0.09733333333333333
UM Renegade Commando Classic 2017,2017,9776.0,first owner,faridabad,35.0,25.0,100288,279.0,UM,7,0.08960573476702509
UM Renegade Commando 2017,2017,7300.0,first owner,bhubaneshwar,35.0,24.8,120000,279.0,UM,7,0.08888888888888889
Hero Xtreme 200R ABS 2019,2019,10300.0,first owner,agra,39.4,18.1,86600,200.0,Hero,5,0.09050000000000001
Bajaj Discover 135cc 2007,2007,36948.0,first owner,delhi,65.0,9.64,14000,135.0,Bajaj,17,0.0714074074074074
Royal Enfield Classic Chrome 500cc 2016,2016,24520.0,first owner,kalyan,32.0,27.2,121700,500.0,Royal Enfield,8,0.0544
Honda CB300R 2019,2019,7000.0,first owner,delhi,40.0,30.0,230000,300.0,Honda,5,0.1
UM Renegade Commando 2017,2017,4701.0,first owner,delhi,35.0,24.8,97750,279.0,UM,7,0.08888888888888889
UM Renegade Commando 2017,2017,4000.0,first owner,delhi,35.0,24.8,100000,279.0,UM,7,0.08888888888888889
Hero Xtreme 200R ABS 2020,2020,950.0,first owner,guna,39.4,18.1,90000,200.0,Hero,4,0.09050000000000001
Royal Enfield Classic Desert Storm 500cc 2017,2017,51000.0,first owner,thane,32.0,27.2,135000,500.0,Royal Enfield,7,0.0544
Honda CBR 250R Repsol ABS 2017,2017,38.0,first owner,hyderabad,38.0,26.15,132300,250.0,Honda,7,0.1046
Bajaj Avenger Street 220 2018,2018,10000.0,first owner,mumbai,53.0,19.0,72000,220.0,Bajaj,6,0.08636363636363636
Jawa Perak 330cc 2020,2020,1300.0,first owner,nagpur,40.0,30.0,230000,330.0,Jawa,4,0.09090909090909091
Yamaha YZF-R15 2.0 150cc 2017,2017,14500.0,first owner,kolkata,42.0,16.7,70000,150.0,Yamaha,7,0.11133333333333333
Royal Enfield Thunderbird 350cc 2017,2017,13000.0,first owner,chandigarh,40.0,19.8,115000,350.0,Royal Enfield,7,0.05657142857142857
Royal Enfield Thunderbird 350cc 2014,2014,20000.0,first owner,mumbai,40.0,19.8,69999,350.0,Royal Enfield,10,0.05657142857142857
Suzuki Intruder 150cc 2019,2019,520.0,first owner,delhi,40.0,14.6,75000,150.0,Suzuki,5,0.09733333333333333
Bajaj Pulsar 150cc 2012,2012,65.0,first owner,bhiwani,65.0,14.85,26751,150.0,Bajaj,12,0.09899999999999999
KTM RC 390cc 2018,2018,18000.0,first owner,delhi,26.0,42.3,200000,390.0,KTM,6,0.10846153846153846
Hero Passion Pro 100cc 2011,2011,45000.0,first owner,nokha,5.0,8.2,19280,100.0,Hero,13,0.08199999999999999
Royal Enfield Thunderbird X 350cc ABS 2019,2019,11000.0,first owner,nathdwara,40.0,19.8,123750,350.0,Royal Enfield,5,0.05657142857142857
Honda CBR 150R 150cc 2013,2013,29461.0,second owner,delhi,38.0,18.28,45000,150.0,Honda,11,0.12186666666666668
Royal Enfield Classic 350cc 2019,2019,35000.0,first owner,bangalore,35.0,19.8,140000,350.0,Royal Enfield,5,0.05657142857142857
Yamaha FZ V 2.0 150cc 2017,2017,58.0,first owner,faridabad,58.0,13.0,45050,150.0,Yamaha,7,0.08666666666666667
KTM Duke 250cc 2019,2019,9500.0,first owner,indore,40.0,29.6,175000,250.0,KTM,5,0.1184
Royal Enfield Bullet 500cc 2017,2017,17600.0,first owner,ahmedabad,25.0,26.37,139000,500.0,Royal Enfield,7,0.05274
Suzuki Gixxer SF 150cc ABS 2018,2018,15000.0,first owner,delhi,40.0,14.6,75900,150.0,Suzuki,6,0.09733333333333333
Yamaha FZ16 150cc 2016,2016,58.0,first owner,delhi,58.0,13.0,51100,150.0,Yamaha,8,0.08666666666666667
Royal Enfield Thunderbird 500cc 2012,2012,7000.0,first owner,mumbai,25.0,27.2,70550,500.0,Royal Enfield,12,0.0544
Royal Enfield Classic 350 S ABS 2019,2019,6500.0,first owner,mumbai,35.0,19.8,125000,350.0,Royal Enfield,5,0.05657142857142857
TVS Apache RTR 200 4V FI 2018,2018,40.0,first owner,bangalore,40.0,20.7,95000,200.0,TVS,6,0.1035
Yamaha FZs 150cc 2014,2014,32370.0,first owner,meerut,45.0,13.0,44000,150.0,Yamaha,10,0.08666666666666667
Royal Enfield Thunderbird 500cc 2013,2013,10000.0,first owner,mumbai,25.0,27.2,60000,500.0,Royal Enfield,11,0.0544
Royal Enfield Classic Gunmetal Grey 350cc 2018,2018,7000.0,first owner,dibrugarh,35.0,19.8,132500,350.0,Royal Enfield,6,0.05657142857142857
TVS Star City 110cc 2008,2008,35000.0,first owner,jaipur,85.0,8.2,11000,110.0,TVS,16,0.07454545454545454
TVS Victor 110cc Disc 2016,2016,74.0,first owner,jaipur,74.0,9.5,36000,110.0,TVS,8,0.08636363636363636
UM Renegade Commando 2017,2017,27000.0,first owner,hyderabad,35.0,24.8,110317,279.0,UM,7,0.08888888888888889
Yamaha YZF-R15 150cc 2014,2014,50000.0,first owner,ahmedabad,42.0,16.0,57700,150.0,Yamaha,10,0.10666666666666667
Bajaj Avenger Street 220 2016,2016,14000.0,second owner,gurgaon,53.0,19.0,47000,220.0,Bajaj,8,0.08636363636363636
Royal Enfield Thunderbird 350cc 2012,2012,33000.0,first owner,mysore,40.0,19.8,96900,350.0,Royal Enfield,12,0.05657142857142857
KTM RC 390cc 2016,2016,20000.0,second owner,mumbai,26.0,42.3,125000,390.0,KTM,8,0.10846153846153846
Royal Enfield Thunderbird 350cc 2016,2016,32000.0,second owner,belgaum,40.0,19.8,118700,350.0,Royal Enfield,8,0.05657142857142857
Honda CB Hornet 160R Special Edition-CBS 2018,2018,52.0,first owner,thanjavur,52.0,15.44,72500,160.0,Honda,6,0.0965
Royal Enfield Thunderbird X 350cc ABS 2019,2019,8000.0,first owner,mumbai,40.0,19.8,127500,350.0,Royal Enfield,5,0.05657142857142857
TVS Sport KS LONG SEAT SBT 2020,2020,2000.0,first owner,ghaziabad,95.0,7.4,40800,109.0,TVS,4,0.06788990825688074
Royal Enfield Classic 500cc 2018,2018,11820.0,first owner,bangalore,35.0,27.2,158000,500.0,Royal Enfield,6,0.0544
Royal Enfield Bullet 500cc 2019,2019,23000.0,first owner,bangalore,25.0,26.1,145000,500.0,Royal Enfield,5,0.0522
Royal Enfield Bullet 350cc 2019,2019,39000.0,first owner,ajmer,40.0,19.8,100700,350.0,Royal Enfield,5,0.05657142857142857
Royal Enfield Thunderbird 350cc 2017,2017,31000.0,first owner,pune,40.0,19.8,127500,350.0,Royal Enfield,7,0.05657142857142857
Hero CBZ Xtreme 150cc 2009,2009,28500.0,first owner,moradabad,65.0,14.4,13300,150.0,Hero,15,0.096
Hero Karizma R 223cc 2010,2010,39000.0,first owner,pune,40.0,17.0,50000,223.0,Hero,14,0.07623318385650224
Suzuki Gixxer 150cc Dual Tone Rear Disc 2018,2018,30045.0,first owner,surat,63.0,14.0,80000,150.0,Suzuki,6,0.09333333333333334
KTM Duke 200cc 2013,2013,22500.0,first owner,jaipur,35.0,25.0,65000,200.0,KTM,11,0.125
TVS Apache RTR 160cc Rear Disc 2015,2015,60.0,first owner,delhi,60.0,15.0,52200,160.0,TVS,9,0.09375
Royal Enfield Bullet Electra Twinspark 350cc 2015,2015,32000.0,second owner,mumbai,35.0,19.8,90000,350.0,Royal Enfield,9,0.05657142857142857
Yamaha YZF-R15 2.0 150cc 2014,2014,45000.0,first owner,ludhiana,42.0,16.7,55000,150.0,Yamaha,10,0.11133333333333333
TVS Apache RTR 160cc 2017,2017,60.0,first owner,howrah,60.0,15.2,58700,160.0,TVS,7,0.095
Bajaj Dominar 400 2018,2018,28.0,first owner,theni,28.0,34.5,135000,400.0,Bajaj,6,0.08625
Bajaj Pulsar NS200 2013,2013,35.0,fourth owner or more,agra,35.0,23.19,32000,200.0,Bajaj,11,0.11595000000000001
Hero Passion Pro i3S Alloy 100cc 2018,2018,17000.0,first owner,delhi,84.0,8.2,42000,100.0,Hero,6,0.08199999999999999
Royal Enfield Classic Desert Storm 500cc Dual Disc 2018,2018,11000.0,first owner,kanpur nagar,32.0,27.2,160000,500.0,Royal Enfield,6,0.0544
Royal Enfield Bullet Electra Twinspark 350cc 2017,2017,16090.0,first owner,hyderabad,35.0,19.8,122400,350.0,Royal Enfield,7,0.05657142857142857
Hero CBZ Xtreme 150cc 2011,2011,27000.0,first owner,surat,65.0,14.4,25000,150.0,Hero,13,0.096
Royal Enfield Bullet Electra 350cc 2014,2014,30665.0,second owner,delhi,40.0,19.8,112800,350.0,Royal Enfield,10,0.05657142857142857
Royal Enfield Classic 350cc 2018,2018,36000.0,second owner,bangalore,35.0,19.8,153000,350.0,Royal Enfield,6,0.05657142857142857
Suzuki Gixxer SF 150cc 2019,2019,30000.0,second owner,bagru,40.0,14.6,68800,150.0,Suzuki,5,0.09733333333333333
Bajaj Pulsar NS200 ABS BS6 2021,2021,39.0,first owner,chennai,39.1,24.13,125000,200.0,Bajaj,3,0.12065
Royal Enfield Thunderbird 500cc 2017,2017,21000.0,first owner,hyderabad,25.0,27.2,156600,500.0,Royal Enfield,7,0.0544
Yamaha FZ16 150cc 2013,2013,58.0,first owner,bangalore,58.0,13.0,40200,150.0,Yamaha,11,0.08666666666666667
Bajaj Pulsar RS200 ABS 2017,2017,35.0,third owner,pali,35.0,24.5,74000,200.0,Bajaj,7,0.1225
TVS Apache RTR 160 4V DISC ABS BS6 2021,2021,15.0,first owner,delhi,40.0,15.6,120000,160.0,TVS,3,0.0975
KTM Duke 200cc 2017,2017,8000.0,first owner,mumbai,35.0,24.6,121000,200.0,KTM,7,0.12300000000000001
Royal Enfield Thunderbird 350cc 2017,2017,30000.0,first owner,vijayawada,40.0,19.8,160000,350.0,Royal Enfield,7,0.05657142857142857
Royal Enfield Classic 350cc 2017,2017,3600.0,first owner,thane,35.0,19.8,149900,350.0,Royal Enfield,7,0.05657142857142857
Bajaj Pulsar 150cc 2019,2019,65.0,first owner,delhi,65.0,15.0,64700,150.0,Bajaj,5,0.1
Bajaj Pulsar RS200 2015,2015,35.0,first owner,delhi,35.0,24.16,78000,200.0,Bajaj,9,0.1208
Royal Enfield Bullet Electra 350cc 2008,2008,50000.0,first owner,delhi,30.0,19.8,64200,350.0,Royal Enfield,16,0.05657142857142857
UM Renegade Commando Mojave 2018,2018,15000.0,first owner,pune,35.0,24.8,155800,279.0,UM,6,0.08888888888888889
Royal Enfield Thunderbird 350cc 2016,2016,16500.0,first owner,chennai,40.0,19.8,105000,350.0,Royal Enfield,8,0.05657142857142857
TVS Apache RTR 160 4V DRUM ABS 2019,2019,10300.0,first owner,bikaner,40.0,16.1,107400,160.0,TVS,5,0.100625
Royal Enfield Thunderbird 350cc 2017,2017,7000.0,first owner,vadodara,40.0,19.8,120000,350.0,Royal Enfield,7,0.05657142857142857
Bajaj Avenger Street 150 2017,2017,37000.0,first owner,jajpur,45.0,14.3,55000,150.0,Bajaj,7,0.09533333333333334
KTM Duke 250cc 2017,2017,13300.0,first owner,varanasi,40.0,29.6,165000,250.0,KTM,7,0.1184
Suzuki Gixxer 150cc SP ABS 2019,2019,9800.0,first owner,sikar,63.0,14.0,80000,150.0,Suzuki,5,0.09333333333333334
Hero Passion Pro i3S Alloy 100cc 2019,2019,6721.0,first owner,mumbai,84.0,8.2,63000,100.0,Hero,5,0.08199999999999999
Hero Splendor Plus i3s 2018,2018,19781.0,first owner,mumbai,81.0,8.2,53000,97.0,Hero,6,0.0845360824742268
Yamaha FZ S V 2.0 150cc 2014,2014,58.0,first owner,jamshedpur,58.0,13.0,46000,150.0,Yamaha,10,0.08666666666666667
Triumph Street Twin 900cc 2019,2019,8000.0,second owner,gurgaon,20.0,54.2,600000,900.0,Triumph,5,0.060222222222222226
Royal Enfield Classic Desert Storm 500cc 2016,2016,16000.0,first owner,jaipur,32.0,27.2,136400,500.0,Royal Enfield,8,0.0544
Bajaj Avenger Street 150 2016,2016,22000.0,first owner,bangalore,50.0,14.3,55000,150.0,Bajaj,8,0.09533333333333334
Yamaha FZ25 250cc 2018,2018,14800.0,first owner,lucknow,43.0,20.3,105000,250.0,Yamaha,6,0.08120000000000001
TVS Apache RTR 200 4V Carburetor 2017,2017,40.0,first owner,delhi,40.0,20.7,70000,200.0,TVS,7,0.1035
TVS Apache RTR 180cc ABS 2014,2014,45.0,first owner,pondicherry,45.0,17.2,47100,180.0,TVS,10,0.09555555555555555
TVS Apache RTR 200 4V ABS Race Edition 2018,2018,40.0,first owner,delhi,40.0,20.23,85000,200.0,TVS,6,0.10115
Royal Enfield Classic 350cc 2016,2016,21000.0,first owner,delhi,35.0,19.8,113300,350.0,Royal Enfield,8,0.05657142857142857
Yamaha Fazer 150cc 2015,2015,45.0,first owner,delhi,45.0,13.0,31250,150.0,Yamaha,9,0.08666666666666667
Royal Enfield Classic 350cc 2017,2017,20000.0,first owner,mumbai,35.0,19.8,133400,350.0,Royal Enfield,7,0.05657142857142857
Honda CB Hornet 160R  ABS DLX 2019,2019,52.0,first owner,panvel,52.0,15.44,88900,160.0,Honda,5,0.0965
TVS Apache RTR 160cc Rear Disc 2019,2019,60.0,first owner,delhi,60.0,15.0,73000,160.0,TVS,5,0.09375
Royal Enfield Classic 350cc 2017,2017,27000.0,first owner,bangalore,35.0,19.8,130000,350.0,Royal Enfield,7,0.05657142857142857
Harley-Davidson Street 750 2016,2016,2230.0,first owner,delhi,20.0,47.0,379999,750.0,Harley-Davidson,8,0.06266666666666666
Royal Enfield Classic 350cc 2013,2013,41000.0,first owner,hyderabad,35.0,19.8,103200,350.0,Royal Enfield,11,0.05657142857142857
Royal Enfield Thunderbird 350cc 2014,2014,26000.0,first owner,delhi,40.0,19.8,97500,350.0,Royal Enfield,10,0.05657142857142857
Royal Enfield Classic 350cc 2017,2017,5000.0,first owner,mumbai,35.0,19.8,141000,350.0,Royal Enfield,7,0.05657142857142857
Royal Enfield Thunderbird 350cc 2013,2013,31547.0,first owner,chandigarh,40.0,19.8,93500,350.0,Royal Enfield,11,0.05657142857142857
Royal Enfield Continental GT 535cc 2017,2017,2500.0,first owner,jaipur,26.0,29.1,150000,535.0,Royal Enfield,7,0.05439252336448598
Yamaha YZF-R15 150cc 2009,2009,35779.0,first owner,kolkata,42.0,16.0,47000,150.0,Yamaha,15,0.10666666666666667
Bajaj Pulsar 220cc 2016,2016,24000.0,second owner,jalgaon,38.0,21.0,48750,220.0,Bajaj,8,0.09545454545454546
Honda CB Shine 125cc Drum BS6 2020,2020,11037.0,first owner,jaipur,60.0,10.59,50000,125.0,Honda,4,0.08472
Hero Splendor Plus Kick Alloy 100cc 2018,2018,13500.0,first owner,faridabad,81.0,8.2,45000,100.0,Hero,6,0.08199999999999999
Bajaj Pulsar 180cc 2016,2016,48000.0,first owner,delhi,65.0,17.0,42000,180.0,Bajaj,8,0.09444444444444444
Bajaj Pulsar 150cc 2014,2014,65.0,first owner,mumbai,65.0,14.85,35000,150.0,Bajaj,10,0.09899999999999999
TVS Apache RTR 160cc 2017,2017,60.0,first owner,chandigarh,60.0,15.2,56800,160.0,TVS,7,0.095
Royal Enfield Classic 350cc 2011,2011,37000.0,first owner,thane,35.0,19.8,97100,350.0,Royal Enfield,13,0.05657142857142857
Bajaj Dominar 400 2017,2017,28.0,first owner,patna,28.0,34.5,95000,400.0,Bajaj,7,0.08625
Hero Passion Pro 100cc 2013,2013,44000.0,first owner,pune,5.0,8.2,37000,100.0,Hero,11,0.08199999999999999
Harley-Davidson Street Rod 2018,2018,2000.0,first owner,noida,25.0,70.0,534000,749.0,Harley-Davidson,6,0.09345794392523364
Royal Enfield Classic Stealth Black 500cc 2018,2018,7000.0,first owner,bangalore,32.0,27.2,150000,500.0,Royal Enfield,6,0.0544
TVS Apache RTR 200 4V Carburetor Race Edition 2.0 2018,2018,40.0,first owner,jalandhar,40.0,20.7,84000,200.0,TVS,6,0.1035
Hero Splendor Plus i3s 2020,2020,3000.0,first owner,delhi,81.0,8.2,72000,97.0,Hero,4,0.0845360824742268
Triumph Street Triple 765 2017,2017,30000.0,first owner,pune,20.0,111.0,750000,765.0,Triumph,7,0.1450980392156863
UM Renegade Sport S 2019,2019,500.0,first owner,mumbai,35.0,24.8,149000,279.0,UM,5,0.08888888888888889
Harley-Davidson Street Bob 2014,2014,45000.0,first owner,delhi,18.0,65.0,545752,1868.0,Harley-Davidson,10,0.034796573875803
Honda CD 110 Dream CBS DLX CARRIER 2019,2019,84.0,first owner,jaipur,84.0,8.31,45000,110.0,Honda,5,0.07554545454545455
Kawasaki Ninja 250cc 2012,2012,28000.0,first owner,delhi,25.0,29.9,121771,250.0,Kawasaki,12,0.1196
Hero Passion Pro 100cc Disc Alloy 2019,2019,100000.0,first owner,bhubaneshwar,5.0,8.2,28500,100.0,Hero,5,0.08199999999999999
Bajaj Discover 110cc 2018,2018,20104.0,first owner,dakshina kannada,40.0,8.6,43000,110.0,Bajaj,6,0.07818181818181817
Bajaj Pulsar 150cc 2015,2015,65.0,first owner,delhi,65.0,14.85,41300,150.0,Bajaj,9,0.09899999999999999
Bajaj Pulsar 150cc Rear Disc ABS FI BS6 2020,2020,65.0,third owner,delhi,65.0,13.8,62300,150.0,Bajaj,4,0.092
Bajaj Pulsar AS150 2016,2016,32000.0,first owner,delhi,53.0,16.8,31694,150.0,Bajaj,8,0.112
Royal Enfield Classic 500cc 2014,2014,10100.0,second owner,gurgaon,32.0,27.2,93500,500.0,Royal Enfield,10,0.0544
Honda CBR 250R Repsol 2017,2017,38.0,first owner,gurgaon,38.0,26.15,90600,250.0,Honda,7,0.1046
Harley-Davidson Street 750 ABS 2018,2018,5000.0,first owner,berhampur,20.0,47.0,475000,750.0,Harley-Davidson,6,0.06266666666666666
Yamaha FZS FI 150cc 2019,2019,14500.0,first owner,coimbatore,52.0,12.9,82000,150.0,Yamaha,5,0.08600000000000001
Jawa Forty Two 295CC 2019,2019,3800.0,first owner,panvel,40.0,27.0,138750,295.0,Jawa,5,0.09152542372881356
TVS Apache RTR 160 4V FI 2018,2018,95000.0,second owner,pali,40.0,16.1,60700,160.0,TVS,6,0.100625
TVS Apache RTR 160 4V DISC ABS 2019,2019,10000.0,first owner,halisahar,40.0,16.1,67500,160.0,TVS,5,0.100625
Royal Enfield Classic 350 S ABS 2019,2019,16587.0,first owner,jaipur,35.0,19.8,140000,350.0,Royal Enfield,5,0.05657142857142857
Bajaj Pulsar 180cc 2013,2013,15000.0,first owner,delhi,65.0,15.0,30200,180.0,Bajaj,11,0.08333333333333333
Hero Splendor iSmart 100cc 2016,2016,3000.0,first owner,anantapur,55.0,8.2,28000,100.0,Hero,8,0.08199999999999999
Hero Splendor Plus Black and Accent Edition 2020,2020,3270.0,first owner,delhi,55.0,7.91,60000,200.0,Hero,4,0.03955
Royal Enfield Thunderbird 350cc 2015,2015,37000.0,first owner,bangalore,40.0,19.8,115000,350.0,Royal Enfield,9,0.05657142857142857
Royal Enfield Thunderbird 350cc 2013,2013,25000.0,first owner,alappuzha,40.0,19.8,90000,350.0,Royal Enfield,11,0.05657142857142857
Bajaj Pulsar NS200 2013,2013,35.0,second owner,panvel,35.0,23.19,40000,200.0,Bajaj,11,0.11595000000000001
KTM RC 200cc ABS 2019,2019,20000.0,first owner,delhi,35.0,25.1,165900,200.0,KTM,5,0.1255
Yamaha Fazer 150cc 2012,2012,45.0,first owner,bagalkot,45.0,13.0,21000,150.0,Yamaha,12,0.08666666666666667
Bajaj Dominar 400 ABS 2018,2018,28.0,first owner,ambala,28.0,34.5,135000,400.0,Bajaj,6,0.08625
Royal Enfield Thunderbird 350cc 2005,2005,45000.0,second owner,chennai,30.0,19.8,40000,350.0,Royal Enfield,19,0.05657142857142857
Bajaj Discover 125ST 2013,2013,5000.0,first owner,jaipur,65.0,12.5,21700,125.0,Bajaj,11,0.1
Royal Enfield Thunderbird X 350cc 2018,2018,28500.0,first owner,kodikulam,40.0,19.8,135000,350.0,Royal Enfield,6,0.05657142857142857
Royal Enfield Classic 350cc 2017,2017,16000.0,first owner,faridabad,35.0,19.8,118000,350.0,Royal Enfield,7,0.05657142857142857
Hero Passion Pro i3S Disc 100cc 2018,2018,22000.0,first owner,delhi,84.0,8.2,47000,100.0,Hero,6,0.08199999999999999
Bajaj Avenger Street 150 2016,2016,13000.0,first owner,ahmedabad,50.0,14.3,42000,150.0,Bajaj,8,0.09533333333333334
Royal Enfield Bullet Electra 350cc 2007,2007,48000.0,first owner,gurgaon,30.0,19.8,40000,350.0,Royal Enfield,17,0.05657142857142857
Royal Enfield Classic 350cc ABS Stealth Black BS6 2020,2020,7200.0,first owner,delhi,35.0,19.1,190000,350.0,Royal Enfield,4,0.054571428571428576
TVS Apache RTR 160cc 2016,2016,60.0,first owner,bangalore,60.0,15.2,57000,160.0,TVS,8,0.095
KTM Duke 200cc 2018,2018,30000.0,first owner,kangra,35.0,24.6,125000,200.0,KTM,6,0.12300000000000001
Yamaha YZF-R15 2.0 150cc 2013,2013,20000.0,first owner,bangalore,42.0,16.7,72000,150.0,Yamaha,11,0.11133333333333333
Bajaj Pulsar 220cc 2019,2019,95000.0,second owner,jodhpur,38.0,21.0,58700,220.0,Bajaj,5,0.09545454545454546
Hero Passion Xpro IBS 110cc 2019,2019,4414.0,first owner,bangalore,55.0,8.0,55000,110.0,Hero,5,0.07272727272727272
Royal Enfield Thunderbird 350cc 2014,2014,30000.0,first owner,ghaziabad,40.0,19.8,97300,350.0,Royal Enfield,10,0.05657142857142857
Royal Enfield Thunderbird 350cc 2011,2011,40000.0,first owner,hyderabad,35.0,19.8,80000,350.0,Royal Enfield,13,0.05657142857142857
Bajaj Pulsar 180cc 2017,2017,36000.0,first owner,delhi,65.0,17.0,57300,180.0,Bajaj,7,0.09444444444444444
Royal Enfield Thunderbird 350cc 2016,2016,5000.0,second owner,kolkata,40.0,19.8,100000,350.0,Royal Enfield,8,0.05657142857142857
Royal Enfield Bullet 350cc 1991,1991,68000.0,first owner,kolkata,37.0,19.8,95000,350.0,Royal Enfield,33,0.05657142857142857
Yamaha YZF-R15 150cc 2012,2012,37000.0,first owner,mumbai,42.0,16.0,39352,150.0,Yamaha,12,0.10666666666666667
Bajaj V15 150cc 2017,2017,28000.0,second owner,delhi,57.0,11.8,32000,150.0,Bajaj,7,0.07866666666666668
KTM RC 390cc 2015,2015,37000.0,first owner,kota,26.0,43.0,98000,390.0,KTM,9,0.11025641025641025
Harley-Davidson Iron 883 2017,2017,27000.0,first owner,mumbai,20.0,50.0,540000,883.0,Harley-Davidson,7,0.056625141562853906
Bajaj Pulsar 150cc 2007,2007,65.0,first owner,hyderabad,65.0,14.85,16000,150.0,Bajaj,17,0.09899999999999999
Honda CB ShineSP 125cc 2018,2018,65.0,first owner,madhubani,65.0,10.0,42248,125.0,Honda,6,0.08
Bajaj Pulsar 220cc 2017,2017,5900.0,first owner,kalyan,38.0,21.0,69000,220.0,Bajaj,7,0.09545454545454546
Hero Passion Pro 100cc Drum Alloy 2018,2018,18000.0,first owner,ahmedabad,5.0,8.2,47000,100.0,Hero,6,0.08199999999999999
Bajaj Avenger 220cc 2018,2018,1700.0,first owner,bangalore,40.0,19.0,84000,220.0,Bajaj,6,0.08636363636363636
Bajaj Avenger Cruise 220 2017,2017,10150.0,first owner,mumbai,35.0,19.0,69000,220.0,Bajaj,7,0.08636363636363636
UM Renegade Commando 2017,2017,5800.0,first owner,bangalore,35.0,24.8,95250,279.0,UM,7,0.08888888888888889
Benelli 302R 300CC 2018,2018,15025.0,second owner,mumbai,40.0,38.26,240000,300.0,Benelli,6,0.12753333333333333
Royal Enfield Classic 350cc 2013,2013,20000.0,first owner,madurai,35.0,19.8,97000,350.0,Royal Enfield,11,0.05657142857142857
KTM RC 200cc 2017,2017,12500.0,first owner,mumbai,35.0,25.1,129687,200.0,KTM,7,0.1255
KTM RC 200cc ABS 2019,2019,12000.0,first owner,mumbai,35.0,25.1,181562,200.0,KTM,5,0.1255
Bajaj V15 150cc 2017,2017,26000.0,second owner,delhi,57.0,11.8,32000,150.0,Bajaj,7,0.07866666666666668
Royal Enfield Classic 350cc ABS BS6 2021,2021,4500.0,first owner,mumbai,35.0,19.1,228250,350.0,Royal Enfield,3,0.054571428571428576
Bajaj V15 150cc 2017,2017,24853.0,second owner,delhi,57.0,11.8,30144,150.0,Bajaj,7,0.07866666666666668
TVS Sport 100cc 2016,2016,18986.0,first owner,delhi,95.0,7.4,27000,100.0,TVS,8,0.07400000000000001
Hero Splendor iSmart 110cc 2017,2017,35000.0,first owner,delhi,55.0,9.3,35000,110.0,Hero,7,0.08454545454545455
Royal Enfield Bullet 350cc ES EFI BS6 2020,2020,37.0,first owner,delhi,37.0,19.8,150000,350.0,Royal Enfield,4,0.05657142857142857
Honda CB Unicorn 150cc 2010,2010,60.0,first owner,mumbai,60.0,14.0,40000,150.0,Honda,14,0.09333333333333334
Yamaha YZF-R15 2.0 150cc 2014,2014,30000.0,second owner,ahmedabad,42.0,16.7,68000,150.0,Yamaha,10,0.11133333333333333
Yamaha Fazer 150cc 2014,2014,45.0,first owner,delhi,45.0,13.0,35000,150.0,Yamaha,10,0.08666666666666667
Benelli Leoncino 500cc 2019,2019,3300.0,first owner,delhi,40.0,46.8,435262,500.0,Benelli,5,0.09359999999999999
Ducati Monster 821 2018,2018,13.0,first owner,bangalore,13.0,110.4,816300,821.0,Ducati,6,0.13447015834348355
Bajaj Pulsar 150cc 2016,2016,65.0,first owner,bangalore,65.0,15.0,44000,150.0,Bajaj,8,0.1
TVS Apache RTR 180cc 2017,2017,45.0,first owner,pune,45.0,17.2,62100,180.0,TVS,7,0.09555555555555555
Bajaj Pulsar 150cc 2016,2016,65.0,first owner,mumbai,65.0,15.0,53000,150.0,Bajaj,8,0.1
Bajaj Pulsar 180cc 2010,2010,53000.0,first owner,mumbai,65.0,15.0,19000,180.0,Bajaj,14,0.08333333333333333
Bajaj Pulsar 125cc Disc CBS 2019,2019,65000.0,first owner,jaipur,40.0,11.8,54800,125.0,Bajaj,5,0.09440000000000001
Bajaj Pulsar NS200 ABS 2020,2020,42.0,fourth owner or more,jaipur,42.0,23.2,51000,200.0,Bajaj,4,0.11599999999999999
Bajaj Pulsar 125cc Disc CBS 2019,2019,56000.0,first owner,jaipur,40.0,11.8,56000,125.0,Bajaj,5,0.09440000000000001
TVS Apache RTR 200 4V Fi 2016,2016,40.0,first owner,delhi,40.0,20.23,50000,200.0,TVS,8,0.10115
TVS Apache RTR 160 4V DISC ABS BS6 2020,2020,95000.0,second owner,delhi,40.0,15.6,65000,160.0,TVS,4,0.0975
Bajaj Pulsar NS200 2018,2018,42.0,third owner,delhi,42.0,23.2,55400,200.0,Bajaj,6,0.11599999999999999
Bajaj Pulsar 180cc 2011,2011,5000.0,first owner,delhi,65.0,15.0,22100,180.0,Bajaj,13,0.08333333333333333
Hero Passion Xpro 110cc 2015,2015,17500.0,first owner,delhi,55.0,6.72,31000,110.0,Hero,9,0.06109090909090909
Bajaj Pulsar 220F 2012,2012,18500.0,first owner,delhi,38.0,21.0,25000,220.0,Bajaj,12,0.09545454545454546
Hero Splendor iSmart 110cc 2016,2016,18500.0,first owner,delhi,55.0,9.3,33000,110.0,Hero,8,0.08454545454545455
TVS Apache RTR 160 4V Disc 2019,2019,95000.0,first owner,delhi,40.0,16.1,56000,160.0,TVS,5,0.100625
Yamaha FZs 150cc 2015,2015,15000.0,first owner,delhi,45.0,13.0,48500,150.0,Yamaha,9,0.08666666666666667
KTM Duke 250cc 2019,2019,13000.0,first owner,delhi,40.0,29.6,172000,250.0,KTM,5,0.1184
Yamaha FZs 150cc 2014,2014,25000.0,first owner,delhi,45.0,13.0,38000,150.0,Yamaha,10,0.08666666666666667
Bajaj Pulsar RS200 2015,2015,35.0,third owner,delhi,35.0,24.16,57700,200.0,Bajaj,9,0.1208
Bajaj V15 150cc 2017,2017,38456.0,first owner,jaipur,57.0,11.8,32250,150.0,Bajaj,7,0.07866666666666668
Bajaj Pulsar 125cc Disc BS6 2020,2020,85000.0,first owner,jaipur,62.0,11.64,61000,125.0,Bajaj,4,0.09312000000000001
Bajaj Pulsar NS200 2015,2015,26500.0,first owner,delhi,40.0,24.2,57612,200.0,Bajaj,9,0.121
Bajaj Pulsar RS200 2017,2017,35.0,first owner,delhi,35.0,24.5,92665,200.0,Bajaj,7,0.1225
Bajaj Pulsar 150cc 2015,2015,65.0,first owner,delhi,65.0,14.85,43000,150.0,Bajaj,9,0.09899999999999999
Bajaj Pulsar 150cc 2019,2019,65.0,first owner,jaipur,65.0,15.0,55000,150.0,Bajaj,5,0.1
Hero Xpulse 200cc BS6 2020,2020,9200.0,first owner,bangalore,46.4,17.8,102000,200.0,Hero,4,0.08900000000000001
Royal Enfield Classic 350cc-Redditch Edition 2017,2017,42000.0,first owner,sadabad,35.0,19.8,135000,350.0,Royal Enfield,7,0.05657142857142857
Suzuki Gixxer 150cc SP ABS 2019,2019,1100.0,first owner,bangalore,63.0,14.0,125000,150.0,Suzuki,5,0.09333333333333334
KTM Duke 390cc 2018,2018,24000.0,first owner,unnao,25.0,42.9,205000,390.0,KTM,6,0.11
TVS Apache RTR 160cc 2018,2018,60.0,first owner,jaipur,60.0,15.2,56000,160.0,TVS,6,0.095
TVS Apache RTR 160cc 2019,2019,60.0,first owner,jaipur,60.0,15.2,56000,160.0,TVS,5,0.095
KTM RC 125CC 2020,2020,97000.0,fourth owner or more,bangalore,40.0,14.5,68000,125.0,KTM,4,0.116
Bajaj Pulsar 150cc 2019,2019,65.0,first owner,jaipur,65.0,15.0,58700,150.0,Bajaj,5,0.1
Suzuki Inazuma 250cc 2014,2014,17500.0,first owner,pune,30.0,24.0,140000,250.0,Suzuki,10,0.096
Bajaj Pulsar NS200 2019,2019,42.0,first owner,mumbai,42.0,23.2,120000,200.0,Bajaj,5,0.11599999999999999
KTM Duke 200cc 2017,2017,7500.0,first owner,pune,35.0,24.6,127500,200.0,KTM,7,0.12300000000000001
Bajaj Dominar 400 ABS 2017,2017,28.0,second owner,pune,28.0,34.5,115000,400.0,Bajaj,7,0.08625
Bajaj Pulsar 220cc 2011,2011,34000.0,first owner,mumbai,38.0,21.0,30000,220.0,Bajaj,13,0.09545454545454546
Bajaj Pulsar 180cc 2011,2011,7000.0,first owner,mumbai,65.0,15.0,24200,180.0,Bajaj,13,0.08333333333333333
UM Renegade Commando 2018,2018,15000.0,first owner,gurgaon,35.0,24.8,97950,279.0,UM,6,0.08888888888888889
Royal Enfield Thunderbird 350cc 2018,2018,9404.0,first owner,delhi,40.0,19.8,136000,350.0,Royal Enfield,6,0.05657142857142857
Yamaha FZS-FI V 3.0 150cc 2020,2020,13000.0,first owner,delhi,40.0,13.0,111000,150.0,Yamaha,4,0.08666666666666667
Bajaj Platina Alloy ES 100cc 2018,2018,9423.0,first owner,bangalore,90.0,8.1,52000,100.0,Bajaj,6,0.081
Royal Enfield Classic 350cc 2018,2018,14000.0,first owner,delhi,35.0,19.8,156000,350.0,Royal Enfield,6,0.05657142857142857
TVS Apache RTR 160cc 2019,2019,60.0,first owner,delhi,60.0,15.2,82000,160.0,TVS,5,0.095
Bajaj Dominar 400 ABS 2018,2018,28.0,first owner,kolkata,28.0,34.5,142400,400.0,Bajaj,6,0.08625
KTM Duke 390cc BS6 2020,2020,1900.0,first owner,delhi,25.0,42.9,277466,390.0,KTM,4,0.11
Yamaha YZF-R15 V3 150cc 2020,2020,3200.0,first owner,delhi,40.0,18.7,129940,150.0,Yamaha,4,0.12466666666666666
TVS Radeon 110cc Drum SBT 2019,2019,5300.0,first owner,delhi,40.0,8.2,48000,110.0,TVS,5,0.07454545454545454
TVS Apache RTR 200 4V Race Edition 2.0 2018,2018,40.0,first owner,bangalore,40.0,20.7,93500,200.0,TVS,6,0.1035
KTM RC 200cc 2018,2018,95000.0,fourth owner or more,bangalore,35.0,25.1,79000,200.0,KTM,6,0.1255
Royal Enfield Classic Stealth Black 500cc 2018,2018,20100.0,first owner,kolkata,32.0,27.2,145000,500.0,Royal Enfield,6,0.0544
Bajaj Pulsar RS200 2016,2016,35.0,first owner,bangalore,35.0,24.5,80000,200.0,Bajaj,8,0.1225
Bajaj Pulsar RS200 2015,2015,35.0,first owner,bangalore,35.0,24.16,82000,200.0,Bajaj,9,0.1208
Royal Enfield Classic 350cc 2014,2014,44000.0,first owner,delhi,35.0,19.8,100000,350.0,Royal Enfield,10,0.05657142857142857
Bajaj Pulsar 200 NS 200cc 2014,2014,50000.0,first owner,mumbai,40.0,24.2,50000,200.0,Bajaj,10,0.121
Yamaha FZ25 250cc 2018,2018,13000.0,first owner,mumbai,43.0,20.3,128600,250.0,Yamaha,6,0.08120000000000001
Hero Passion Pro 110cc Drum BS6 2021,2021,1700.0,first owner,mumbai,40.0,9.02,72400,110.0,Hero,3,0.08199999999999999
Mahindra Mojo Black Pearl 2020,2020,1600.0,first owner,kolkata,25.0,25.35,185000,300.0,Mahindra,4,0.0845
Bajaj Pulsar 150cc 2011,2011,65.0,first owner,pune,65.0,14.85,21000,150.0,Bajaj,13,0.09899999999999999
KTM Duke 200cc 2016,2016,65000.0,fourth owner or more,sirsa,35.0,24.6,54000,200.0,KTM,8,0.12300000000000001
Bajaj Pulsar NS160 Rear Disc ABS 2020,2020,60000.0,first owner,mumbai,40.0,15.5,84000,160.0,Bajaj,4,0.096875
Bajaj CT 100 100cc 2006,2006,11900.0,second owner,chennai,89.0,8.1,20000,100.0,Bajaj,18,0.081
Bajaj Dominar 400 ABS 2017,2017,28.0,first owner,mumbai,28.0,34.5,86219,400.0,Bajaj,7,0.08625
Hero Super Splendor 125cc 2019,2019,19000.0,first owner,saharanpur,75.0,9.0,56000,125.0,Hero,5,0.072
Royal Enfield Classic Stealth Black 500cc 2018,2018,24212.0,first owner,faridabad,32.0,27.2,112546,500.0,Royal Enfield,6,0.0544
Bajaj Pulsar RS200 2015,2015,35.0,first owner,bangalore,35.0,24.16,60966,200.0,Bajaj,9,0.1208
Bajaj Pulsar RS200 2017,2017,35.0,second owner,bangalore,35.0,24.5,97800,200.0,Bajaj,7,0.1225
Honda CBR 150R 150cc 2013,2013,28200.0,second owner,pune,38.0,18.28,49000,150.0,Honda,11,0.12186666666666668
Bajaj Pulsar 150cc 2006,2006,65.0,first owner,delhi,65.0,14.85,10400,150.0,Bajaj,18,0.09899999999999999
Bajaj Pulsar 220cc 2016,2016,27000.0,first owner,delhi,38.0,21.0,57100,220.0,Bajaj,8,0.09545454545454546
Bajaj Pulsar NS200 2019,2019,42.0,fourth owner or more,mumbai,42.0,23.2,47000,200.0,Bajaj,5,0.11599999999999999
Honda CB Shine 125cc 2019,2019,65.0,second owner,mumbai,65.0,10.0,60000,125.0,Honda,5,0.08
Royal Enfield Classic Desert Storm 500cc 2013,2013,19060.0,first owner,thane,32.0,27.2,85000,500.0,Royal Enfield,11,0.0544
Honda CB Hornet 160R Special Edition-CBS 2017,2017,52.0,first owner,thane,52.0,15.44,70000,160.0,Honda,7,0.0965
Honda CB Hornet 160R CBS 2017,2017,52.0,first owner,navi mumbai,52.0,15.44,65000,160.0,Honda,7,0.0965
TVS Apache RTR 160cc 2016,2016,60.0,first owner,hyderabad,60.0,15.2,60000,160.0,TVS,8,0.095
Royal Enfield Classic Gunmetal Grey 350cc ABS Alloy BS6 2020,2020,1387.0,first owner,kolkata,35.0,19.1,175000,350.0,Royal Enfield,4,0.054571428571428576
Royal Enfield Meteor 350 Stellar 2020,2020,1400.0,first owner,delhi,40.0,20.2,210000,350.0,Royal Enfield,4,0.05771428571428571
Bajaj Avenger Street 160 ABS 2019,2019,19600.0,first owner,lucknow,40.0,15.3,85000,160.0,Bajaj,5,0.095625
Jawa Standard 295CC 2019,2019,2400.0,first owner,delhi,40.0,27.0,150000,295.0,Jawa,5,0.09152542372881356
Bajaj Pulsar NS200 2012,2012,35.0,first owner,bangalore,35.0,23.19,45000,200.0,Bajaj,12,0.11595000000000001
BMW G 310 R 2018,2018,8500.0,first owner,mumbai,40.0,33.0,260000,310.0,BMW,6,0.1064516129032258
Yamaha YZF-R15 V3 150CC ABS 2019,2019,7000.0,first owner,sikar,40.0,18.7,123100,150.0,Yamaha,5,0.12466666666666666
Bajaj Avenger Cruise 220 2017,2017,17000.0,first owner,chandigarh,35.0,19.0,65000,220.0,Bajaj,7,0.08636363636363636
Yamaha YZF-R15 2.0 150cc 2012,2012,42000.0,first owner,bangalore,42.0,16.7,56600,150.0,Yamaha,12,0.11133333333333333
Yamaha Fazer 150cc 2012,2012,45.0,first owner,pune,45.0,13.0,51000,150.0,Yamaha,12,0.08666666666666667
Royal Enfield Classic Gunmetal Grey 350cc 2018,2018,25000.0,first owner,faridabad,35.0,19.8,136300,350.0,Royal Enfield,6,0.05657142857142857
Husqvarna Svartpilen 250 2020,2020,3000.0,first owner,delhi,31.85,29.63,205000,250.0,Husqvarna,4,0.11852
TVS Apache RTR 160 4V Disc 2018,2018,9400.0,first owner,jaipur,40.0,16.1,85000,160.0,TVS,6,0.100625
TVS Apache RTR 160 4V DRUM ABS BS6 2020,2020,5500.0,first owner,dehradun,40.0,15.6,100000,160.0,TVS,4,0.0975
Yamaha YZF-R15 2.0 150cc 2016,2016,21000.0,first owner,delhi,42.0,16.7,85000,150.0,Yamaha,8,0.11133333333333333
TVS Apache RTR 200 4V Carburetor 2018,2018,40.0,first owner,delhi,40.0,20.7,76000,200.0,TVS,6,0.1035
Royal Enfield Classic 350cc 2016,2016,13000.0,first owner,delhi,35.0,19.8,105000,350.0,Royal Enfield,8,0.05657142857142857
Bajaj Dominar 400 ABS 2019,2019,28.0,first owner,mumbai,28.0,34.5,145250,400.0,Bajaj,5,0.08625
Bajaj Avenger Street 220 2017,2017,10800.0,first owner,delhi,53.0,19.0,50000,220.0,Bajaj,7,0.08636363636363636
Royal Enfield Himalayan 410cc Sleet and Gravel Grey ABS BS6 2020,2020,10150.0,first owner,jabalpur,32.0,24.3,201000,410.0,Royal Enfield,4,0.05926829268292683
Hero Splendor Pro 100cc 2015,2015,33000.0,first owner,bangalore,81.0,8.2,33000,100.0,Hero,9,0.08199999999999999
TVS Apache RTR 200 4V Race Edition 2.0 2018,2018,40.0,first owner,lucknow,40.0,20.7,72000,200.0,TVS,6,0.1035
Yamaha YZF-R3 320cc ABS 2020,2020,216.0,first owner,chennai,22.0,41.4,300000,320.0,Yamaha,4,0.129375
TVS Apache RTR 160 4V FI 2018,2018,95000.0,first owner,jaipur,40.0,16.1,63000,160.0,TVS,6,0.100625
Bajaj Pulsar 220cc 2019,2019,78000.0,fourth owner or more,jaipur,38.0,21.0,41000,220.0,Bajaj,5,0.09545454545454546
TVS Apache RTR 160cc 2008,2008,60.0,first owner,jaipur,60.0,15.2,19000,160.0,TVS,16,0.095
TVS Apache RTR 160 4V Disc 2019,2019,88000.0,third owner,jaipur,40.0,16.1,53000,160.0,TVS,5,0.100625
TVS Apache RTR 160 4V FI 2018,2018,88000.0,third owner,jaipur,40.0,16.1,53000,160.0,TVS,6,0.100625
TVS Apache RTR 160cc 2018,2018,60.0,fourth owner or more,delhi,60.0,15.2,39000,160.0,TVS,6,0.095
TVS Apache RTR 160 4V Disc 2018,2018,2000.0,fourth owner or more,bangalore,40.0,16.1,50000,160.0,TVS,6,0.100625
Bajaj Pulsar 150cc 2018,2018,65.0,first owner,bangalore,65.0,15.0,60000,150.0,Bajaj,6,0.1
Bajaj Pulsar RS200 2017,2017,35.0,fourth owner or more,bangalore,35.0,24.5,54000,200.0,Bajaj,7,0.1225
Triumph Street Triple ABS 675cc 2016,2016,32300.0,second owner,ghaziabad,20.0,77.0,490000,675.0,Triumph,8,0.11407407407407408
Yamaha YZF-R15 V3 150cc ABS Racing Blue BS6 2020,2020,1300.0,first owner,faridabad,40.0,18.7,155000,150.0,Yamaha,4,0.12466666666666666
Royal Enfield Classic 350cc 2015,2015,16200.0,first owner,kanpur nagar,35.0,19.8,115000,350.0,Royal Enfield,9,0.05657142857142857
Yamaha FZS FI 150cc 2014,2014,58.0,first owner,delhi,58.0,13.0,42800,150.0,Yamaha,10,0.08666666666666667
Bajaj Pulsar NS160 Rear Disc ABS FI BS6 2020,2020,3900.0,first owner,tiruvannamalai,40.0,17.03,105000,160.0,Bajaj,4,0.1064375
Bajaj Pulsar 220F ABS FI BS6 2021,2021,1700.0,first owner,hyderabad,38.5,20.11,150000,220.0,Bajaj,3,0.09140909090909091
Honda CB Unicorn 150cc 2005,2005,60.0,first owner,bangalore,60.0,14.0,28000,150.0,Honda,19,0.09333333333333334
Hero Passion Plus 100cc 2007,2007,80000.0,first owner,sehore,55.0,7.5,20000,100.0,Hero,17,0.075
TVS Apache RTR 180cc 2019,2019,45.0,first owner,agra,45.0,17.3,40000,180.0,TVS,5,0.09611111111111112
Kawasaki Ninja 650 KRT Edition 2018,2018,12000.0,first owner,hyderabad,21.0,67.2,526300,650.0,Kawasaki,6,0.1033846153846154
Royal Enfield Classic 350cc 2017,2017,11000.0,first owner,faridabad,35.0,19.8,110000,350.0,Royal Enfield,7,0.05657142857142857
Hyosung GT650R 2013,2013,19563.0,first owner,bangalore,20.0,72.68,190000,650.0,Hyosung,11,0.11181538461538462
Hyosung GT250R 2016,2016,4000.0,first owner,delhi,30.0,28.0,230000,250.0,Hyosung,8,0.112
Hyosung GT250R 2016,2016,16500.0,first owner,ranchi,30.0,28.0,210900,250.0,Hyosung,8,0.112
Bajaj V15 150cc 2019,2019,6909.0,first owner,faridabad,57.0,11.8,46350,150.0,Bajaj,5,0.07866666666666668
Hero CBZ Xtreme 150cc 2014,2014,50000.0,second owner,hyderabad,65.0,14.4,17958,150.0,Hero,10,0.096
Harley-Davidson Street 750 2014,2014,45141.0,second owner,ranchi,20.0,47.0,335000,750.0,Harley-Davidson,10,0.06266666666666666
Hero Passion Pro 100cc 2015,2015,38000.0,first owner,pune,84.0,8.2,47000,100.0,Hero,9,0.08199999999999999
TVS Apache RTR 180cc 2018,2018,45.0,first owner,samastipur,45.0,17.3,64800,180.0,TVS,6,0.09611111111111112
Hero HF Deluxe 100cc 2014,2014,31281.0,first owner,jaipur,83.0,7.7,30600,100.0,Hero,10,0.077
Honda SP125 Disc BS6 2019,2019,18500.0,first owner,udaipur,40.0,10.6,60000,125.0,Honda,5,0.0848
Honda Livo 110cc 2019,2019,62000.0,first owner,delhi,40.0,8.25,32000,110.0,Honda,5,0.075
Royal Enfield Classic 350cc 2017,2017,20000.0,first owner,noida,35.0,19.8,119100,350.0,Royal Enfield,7,0.05657142857142857
TVS Apache RR310 2019,2019,5000.0,first owner,nalbari,22.0,33.0,210000,310.0,TVS,5,0.1064516129032258
Honda CBR 150R 150cc 2013,2013,17000.0,first owner,mumbai,38.0,18.28,45000,150.0,Honda,11,0.12186666666666668
KTM RC 200cc ABS BS6 2020,2020,98000.0,fourth owner or more,bangalore,35.0,24.6,93000,200.0,KTM,4,0.12300000000000001
Ducati Monster 797 2017,2017,3000.0,first owner,delhi,18.86,75.0,625000,797.0,Ducati,7,0.09410288582183186
Honda CB ShineSP 125cc 2016,2016,65.0,first owner,ahmedabad,65.0,10.0,38600,125.0,Honda,8,0.08
Honda CB Hornet 160R  ABS DLX 2018,2018,52.0,first owner,coimbatore,52.0,15.44,76600,160.0,Honda,6,0.0965
Suzuki Gixxer SF 150cc SP Rear Disc 2017,2017,8000.0,first owner,ahmedabad,40.0,14.6,67000,150.0,Suzuki,7,0.09733333333333333
Bajaj Pulsar 135LS 2010,2010,80000.0,second owner,hyderabad,64.0,13.0,23000,135.0,Bajaj,14,0.0962962962962963
Royal Enfield Bullet Electra 350cc 2011,2011,46668.0,first owner,hyderabad,40.0,19.8,84000,350.0,Royal Enfield,13,0.05657142857142857
Bajaj Pulsar 180cc 2015,2015,44000.0,first owner,gurgaon,45.0,17.0,32000,180.0,Bajaj,9,0.09444444444444444
Royal Enfield‎ Bullet 350cc 1990,1990,30000.0,third owner,bareilly,37.0,19.8,120000,350.0,Royal Enfield,34,0.05657142857142857
Yamaha RX135 135cc 5-Speed 2000,2000,45000.0,second owner,uthagamandalam,35.0,14.0,125000,135.0,Yamaha,24,0.1037037037037037
Royal Enfield Electra 350cc 2016,2016,11786.0,second owner,delhi,25.0,19.8,85000,350.0,Royal Enfield,8,0.05657142857142857
Bajaj Discover 100cc 2010,2010,80.0,first owner,gurgaon,80.0,7.7,21000,100.0,Bajaj,14,0.077
Suzuki Intruder 150cc 2018,2018,25000.0,first owner,sachin,40.0,14.6,71200,150.0,Suzuki,6,0.09733333333333333
Yamaha FZ 150cc 2014,2014,58.0,second owner,bangalore,58.0,13.0,45000,150.0,Yamaha,10,0.08666666666666667
Bajaj Pulsar RS200 ABS 2016,2016,35.0,first owner,bangalore,35.0,24.5,101200,200.0,Bajaj,8,0.1225
Hero Splendor Plus 100cc 2016,2016,12962.0,first owner,bhopal,81.0,8.2,45000,100.0,Hero,8,0.08199999999999999
KTM RC 390cc 2017,2017,25000.0,first owner,vadodara,26.0,42.3,189100,390.0,KTM,7,0.10846153846153846
TVS Apache RTR 200 4V Carburetor 2017,2017,40.0,first owner,pune,40.0,20.7,80000,200.0,TVS,7,0.1035
Yamaha YZF-R15 2.0 150cc 2013,2013,48000.0,first owner,mumbai,42.0,16.7,50000,150.0,Yamaha,11,0.11133333333333333
KTM RC 390cc 2017,2017,89000.0,fourth owner or more,jaipur,26.0,42.3,94000,390.0,KTM,7,0.10846153846153846
Suzuki Intruder 150cc 2018,2018,12000.0,second owner,delhi,40.0,14.6,60000,150.0,Suzuki,6,0.09733333333333333
Bajaj Avenger 220cc 2013,2013,18000.0,first owner,delhi,40.0,19.0,35000,220.0,Bajaj,11,0.08636363636363636
Royal Enfield Classic 350cc 2017,2017,17000.0,first owner,rajkot,35.0,19.8,138000,350.0,Royal Enfield,7,0.05657142857142857
Bajaj Pulsar RS200 ABS 2015,2015,35.0,first owner,rajkot,35.0,24.16,70000,200.0,Bajaj,9,0.1208
Yamaha YZF-R15 V3 150CC ABS 2019,2019,15000.0,first owner,rajkot,40.0,18.7,120500,150.0,Yamaha,5,0.12466666666666666
Royal Enfield Classic 350cc ABS BS6 2020,2020,12000.0,first owner,pune,35.0,19.1,190000,350.0,Royal Enfield,4,0.054571428571428576
Bajaj Pulsar NS160 2018,2018,17000.0,first owner,delhi,40.0,15.5,83500,160.0,Bajaj,6,0.096875
Husqvarna Svartpilen 250 2020,2020,2800.0,first owner,bangalore,31.85,29.63,230000,250.0,Husqvarna,4,0.11852
Hero Passion Pro 100cc 2017,2017,23000.0,second owner,bangalore,5.0,8.2,44000,100.0,Hero,7,0.08199999999999999
Royal Enfield Classic Stealth Black 500cc ABS 2019,2019,4192.0,first owner,namakkal,32.0,27.2,210800,500.0,Royal Enfield,5,0.0544
Hero Karizma R 223cc 2013,2013,48000.0,second owner,rajkot,40.0,17.0,24800,223.0,Hero,11,0.07623318385650224
Honda CB Shine 125cc 2009,2009,65.0,second owner,ahmedabad,65.0,10.0,15000,125.0,Honda,15,0.08
Bajaj Dominar 400 2017,2017,28.0,first owner,gurgaon,28.0,34.5,115000,400.0,Bajaj,7,0.08625
Yamaha YZF-R15 150cc 2014,2014,45000.0,first owner,gurgaon,42.0,16.0,65000,150.0,Yamaha,10,0.10666666666666667
Bajaj Avenger Street 150 2016,2016,25045.0,second owner,nanauta,50.0,14.3,52200,150.0,Bajaj,8,0.09533333333333334
Bajaj Pulsar 220F 2011,2011,89000.0,third owner,bangalore,38.0,21.0,38000,220.0,Bajaj,13,0.09545454545454546
Bajaj Platina 125cc 2009,2009,82.0,second owner,yemmiganur,82.0,8.5,15500,125.0,Bajaj,15,0.068
Bajaj Pulsar 220cc 2014,2014,89000.0,third owner,jaipur,38.0,21.0,35000,220.0,Bajaj,10,0.09545454545454546
Suzuki Intruder M800 2015,2015,15600.0,third owner,pune,22.0,50.0,475000,800.0,Suzuki,9,0.0625
Suzuki Gixxer 150cc Dual Tone Rear Disc 2017,2017,15600.0,first owner,hyderabad,63.0,14.0,62000,150.0,Suzuki,7,0.09333333333333334
KTM Duke 125cc 2019,2019,21950.0,first owner,pune,40.0,14.3,140000,125.0,KTM,5,0.1144
Royal Enfield Classic 350cc 2018,2018,7600.0,first owner,ludhiana,35.0,19.8,130000,350.0,Royal Enfield,6,0.05657142857142857
Yamaha YZF-R3 320cc ABS 2018,2018,17800.0,first owner,delhi,22.0,41.4,290000,320.0,Yamaha,6,0.129375
Royal Enfield Classic Chrome 500cc 2014,2014,26100.0,first owner,hyderabad,32.0,27.2,90950,500.0,Royal Enfield,10,0.0544
Yamaha YZF-R3 320cc 2017,2017,42000.0,first owner,cuttack,22.0,41.4,200000,320.0,Yamaha,7,0.129375
Honda CB Unicorn 150cc 2014,2014,60.0,first owner,mumbai,60.0,14.0,45000,150.0,Honda,10,0.09333333333333334
Kawasaki Ninja 650cc 2018,2018,22500.0,first owner,delhi,21.0,67.2,433000,650.0,Kawasaki,6,0.1033846153846154
Royal Enfield Classic 350cc 2017,2017,26877.0,first owner,delhi,35.0,19.8,110000,350.0,Royal Enfield,7,0.05657142857142857
Honda CB Shine 125cc CBS 2016,2016,65.0,first owner,fatehpur,65.0,10.0,38000,125.0,Honda,8,0.08
Royal Enfield Classic 350cc 2017,2017,7800.0,first owner,coimbatore,35.0,19.8,138500,350.0,Royal Enfield,7,0.05657142857142857
Bajaj Pulsar 220F 2018,2018,49000.0,first owner,patna,38.0,21.0,67000,220.0,Bajaj,6,0.09545454545454546
Bajaj Avenger 220cc 2013,2013,17200.0,first owner,chennai,40.0,19.0,34000,220.0,Bajaj,11,0.08636363636363636
Bajaj Discover 100cc  2012,2012,80.0,first owner,bangalore,80.0,7.7,33000,100.0,Bajaj,12,0.077
Yamaha FZs 150cc 2018,2018,36867.0,first owner,bangalore,45.0,13.0,85000,150.0,Yamaha,6,0.08666666666666667
TVS Apache RTR 180cc 2017,2017,45.0,first owner,delhi,45.0,17.2,45000,180.0,TVS,7,0.09555555555555555
Hero Splendor Plus Self Alloy 100cc 2017,2017,31000.0,first owner,ahmedabad,55.0,8.2,46000,100.0,Hero,7,0.08199999999999999
Royal Enfield Classic 350cc 2019,2019,7000.0,first owner,gurgaon,35.0,19.8,141300,350.0,Royal Enfield,5,0.05657142857142857
Royal Enfield Thunderbird 350cc 2015,2015,18000.0,first owner,noida,40.0,19.8,85000,350.0,Royal Enfield,9,0.05657142857142857
Honda CB300R 2021,2021,500.0,first owner,bangalore,40.0,30.0,3000000,300.0,Honda,3,0.1
KTM Duke 125cc 2020,2020,97000.0,fourth owner or more,bangalore,40.0,14.3,61000,125.0,KTM,4,0.1144
KTM Duke 250cc ABS 2019,2019,9000.0,first owner,roorkee,40.0,29.6,178000,250.0,KTM,5,0.1184
Bajaj Pulsar NS160 2018,2018,17500.0,first owner,delhi,40.0,15.5,80000,160.0,Bajaj,6,0.096875
Yamaha YZF-R15 150cc 2011,2011,12000.0,first owner,sonipat,42.0,16.0,48000,150.0,Yamaha,13,0.10666666666666667
Royal Enfield Thunderbird 350cc 2017,2017,10000.0,first owner,chennai,40.0,19.8,120000,350.0,Royal Enfield,7,0.05657142857142857
Royal Enfield Standard 350cc 2020,2020,30.0,first owner,delhi,30.0,18.0,129000,350.0,Royal Enfield,4,0.05142857142857143
Benelli TNT 300 ABS 2020,2020,4500.0,first owner,delhi,25.0,37.73,295000,300.0,Benelli,4,0.12576666666666667
Suzuki Intruder M1800R 2014,2014,22000.0,first owner,delhi,13.0,127.0,925000,180.0,Suzuki,10,0.7055555555555556
Royal Enfield Interceptor 650cc 2019,2019,5200.0,second owner,delhi,40.0,47.0,265000,650.0,Royal Enfield,5,0.07230769230769231
Royal Enfield Interceptor 650cc BS6 2020,2020,25.0,first owner,delhi,25.0,47.0,265000,650.0,Royal Enfield,4,0.07230769230769231
KTM RC 200cc 2017,2017,16000.0,second owner,rajkot,35.0,25.1,125000,200.0,KTM,7,0.1255
Honda CB Unicorn 150cc 2016,2016,60.0,first owner,rajkot,60.0,14.0,55000,150.0,Honda,8,0.09333333333333334
Royal Enfield Classic 350cc 2016,2016,17000.0,first owner,rajkot,35.0,19.8,125000,350.0,Royal Enfield,8,0.05657142857142857
Royal Enfield Classic 350cc 2017,2017,17000.0,first owner,rajkot,35.0,19.8,139500,350.0,Royal Enfield,7,0.05657142857142857
KTM RC 390cc 2014,2014,13000.0,first owner,delhi,26.0,43.0,115000,390.0,KTM,10,0.11025641025641025
Yamaha YZF-R15 2.0 150cc 2013,2013,26000.0,second owner,jodhpur,42.0,16.7,65000,150.0,Yamaha,11,0.11133333333333333
KTM Duke 200cc 2017,2017,17000.0,first owner,mumbai,35.0,24.6,125000,200.0,KTM,7,0.12300000000000001
Bajaj Discover 125ST 2012,2012,43000.0,first owner,moradabad,65.0,12.5,28000,125.0,Bajaj,12,0.1
Honda CB Shine 125cc CBS 2017,2017,65.0,first owner,navi mumbai,65.0,10.0,43000,125.0,Honda,7,0.08
Bajaj Pulsar RS200 ABS 2018,2018,35.0,first owner,gurgaon,35.0,24.5,100000,200.0,Bajaj,6,0.1225
Bajaj Pulsar 220F 2017,2017,16200.0,first owner,gurgaon,38.0,21.0,60000,220.0,Bajaj,7,0.09545454545454546
Bajaj Pulsar AS150 2016,2016,40000.0,first owner,kolkata,53.0,16.8,42600,150.0,Bajaj,8,0.112
Royal Enfield Classic 350cc Dual Disc 2018,2018,5000.0,first owner,delhi,35.0,19.8,138200,350.0,Royal Enfield,6,0.05657142857142857
Royal Enfield Thunderbird 350cc 2018,2018,17225.0,first owner,delhi,40.0,19.8,126500,350.0,Royal Enfield,6,0.05657142857142857
Hero Super Splendor 125cc 2005,2005,123.0,first owner,pune,75.0,9.0,11250,125.0,Hero,19,0.072
Royal Enfield Bullet 350cc 2013,2013,21200.0,first owner,surat,37.0,19.8,115000,350.0,Royal Enfield,11,0.05657142857142857
Harley-Davidson Street Rod 2019,2019,600.0,first owner,bangalore,40.0,70.0,700700,749.0,Harley-Davidson,5,0.09345794392523364
Yamaha FZs 150cc 2016,2016,18000.0,second owner,delhi,45.0,13.0,48500,150.0,Yamaha,8,0.08666666666666667
Yamaha FZ16 150cc 2015,2015,58.0,third owner,bangalore,58.0,13.0,45000,150.0,Yamaha,9,0.08666666666666667
Royal Enfield Thunderbird 350cc 2015,2015,8000.0,first owner,pune,40.0,19.8,160000,350.0,Royal Enfield,9,0.05657142857142857
TVS Apache RR310 BS6 2020,2020,2900.0,first owner,sambalpur,22.0,33.0,220000,310.0,TVS,4,0.1064516129032258
Yamaha FZs 150cc 2009,2009,8000.0,first owner,bangalore,45.0,13.0,35000,150.0,Yamaha,15,0.08666666666666667
Bajaj Avenger 220cc 2016,2016,41615.0,first owner,pune,40.0,19.0,65000,220.0,Bajaj,8,0.08636363636363636
KTM RC 200cc 2018,2018,8000.0,first owner,mumbai,35.0,25.1,140000,200.0,KTM,6,0.1255
Royal Enfield Thunderbird 500cc 2015,2015,31500.0,first owner,jaipur,25.0,27.2,99000,500.0,Royal Enfield,9,0.0544
Royal Enfield Thunderbird 350cc 2016,2016,31811.0,first owner,surat,40.0,19.8,110000,350.0,Royal Enfield,8,0.05657142857142857
KTM RC 200cc 2015,2015,104000.0,first owner,rupnagar,35.0,25.0,90000,200.0,KTM,9,0.125
Royal Enfield Thunderbird 350cc 2015,2015,5000.0,first owner,ghaziabad,40.0,19.8,103800,350.0,Royal Enfield,9,0.05657142857142857
Bajaj Avenger Cruise 220 ABS FI BS6 2020,2020,2850.0,first owner,bangalore,35.0,18.76,135000,220.0,Bajaj,4,0.08527272727272728
Hero Passion Plus 100cc 2006,2006,93000.0,first owner,bangalore,55.0,7.5,17000,100.0,Hero,18,0.075
Bajaj Pulsar NS160 2018,2018,31000.0,first owner,delhi,40.0,15.5,62800,160.0,Bajaj,6,0.096875
Honda CB Hornet 160R CBS 2017,2017,52.0,first owner,pune,52.0,15.44,73000,160.0,Honda,7,0.0965
Royal Enfield Standard 350cc 2018,2018,37.0,second owner,indore,37.0,19.8,125000,350.0,Royal Enfield,6,0.05657142857142857
Hero Splendor NXG 100cc 2016,2016,23915.0,first owner,pune,65.0,7.0,50000,100.0,Hero,8,0.07
Honda CB ShineSP 125cc Disc 2018,2018,65.0,first owner,mumbai,65.0,10.0,56025,125.0,Honda,6,0.08
Honda CB Shine 125cc 2018,2018,65.0,first owner,mumbai,65.0,10.0,53950,125.0,Honda,6,0.08
Honda CB Unicorn 150cc 2010,2010,60.0,first owner,mumbai,60.0,14.0,30087,150.0,Honda,14,0.09333333333333334
Honda CB Unicorn 150cc 2012,2012,60.0,first owner,mumbai,60.0,14.0,30606,150.0,Honda,12,0.09333333333333334
Bajaj Discover 125cc 2012,2012,34000.0,first owner,mumbai,65.0,12.5,22825,125.0,Bajaj,12,0.1
Royal Enfield Classic Gunmetal Grey 350cc 2019,2019,5966.0,first owner,mumbai,35.0,19.8,181563,350.0,Royal Enfield,5,0.05657142857142857
Royal Enfield Classic 350cc 2016,2016,13000.0,first owner,mumbai,35.0,19.8,181563,350.0,Royal Enfield,8,0.05657142857142857
Hero Karizma R 223cc 2014,2014,37000.0,first owner,mumbai,40.0,17.0,35999,223.0,Hero,10,0.07623318385650224
KTM Duke 200cc 2016,2016,19000.0,second owner,delhi,35.0,24.6,115000,200.0,KTM,8,0.12300000000000001
TVS Apache RTR 160 4V FI 2018,2018,86000.0,second owner,mumbai,40.0,16.1,62000,160.0,TVS,6,0.100625
TVS Apache RTR 200 4V ABS 2018,2018,40.0,first owner,mumbai,40.0,20.23,76000,200.0,TVS,6,0.10115
Hero Glamour i3s 125cc BS6 2020,2020,9500.0,first owner,kolkata,55.0,10.72,67500,125.0,Hero,4,0.08576
Royal Enfield Classic 350cc 2018,2018,18000.0,first owner,darbhanga,35.0,19.8,125000,350.0,Royal Enfield,6,0.05657142857142857
Bajaj Pulsar NS200 2017,2017,42.0,first owner,bangalore,42.0,23.2,87000,200.0,Bajaj,7,0.11599999999999999
Royal Enfield Thunderbird 350cc 2015,2015,26250.0,first owner,mysore,40.0,19.8,125000,350.0,Royal Enfield,9,0.05657142857142857
Honda CB Unicorn 150cc 2018,2018,60.0,first owner,bangalore,60.0,14.0,78000,150.0,Honda,6,0.09333333333333334
TVS Apache RTR 180cc 2017,2017,45.0,first owner,delhi,45.0,17.2,53000,180.0,TVS,7,0.09555555555555555
Harley-Davidson Street 750 2019,2019,3000.0,first owner,mumbai,20.0,47.0,440000,750.0,Harley-Davidson,5,0.06266666666666666
Hero Passion Pro 100cc 2010,2010,17900.0,first owner,ajmer,5.0,8.2,21000,100.0,Hero,14,0.08199999999999999
Bajaj Platina 100cc 2015,2015,104.0,first owner,hyderabad,104.0,8.2,26000,100.0,Bajaj,9,0.08199999999999999
Royal Enfield Bullet Electra 350cc 2008,2008,44000.0,first owner,ludhiana,30.0,19.8,65000,350.0,Royal Enfield,16,0.05657142857142857
Yamaha YZF-R15 2.0 150cc 2011,2011,18550.0,first owner,delhi,42.0,16.7,44800,150.0,Yamaha,13,0.11133333333333333
Hero Honda Splendor 100cc 2011,2011,30000.0,first owner,ranchi,45.0,6.15,30000,100.0,Hero,13,0.061500000000000006
Royal Enfield Classic 350cc Signals Edition 2019,2019,27000.0,first owner,medak,35.0,19.8,175000,350.0,Royal Enfield,5,0.05657142857142857
Royal Enfield Classic 500cc 2015,2015,26060.0,first owner,chennai,32.0,27.2,100000,500.0,Royal Enfield,9,0.0544
Bajaj CT 100 KS Alloy CBS 2019,2019,7000.0,first owner,saharanpur,67.0,8.1,39000,100.0,Bajaj,5,0.081
Royal Enfield Classic Stealth Black 500cc ABS 2019,2019,18800.0,first owner,udaipur,32.0,27.2,190000,500.0,Royal Enfield,5,0.0544
Bajaj Avenger 220cc 2015,2015,34500.0,first owner,lucknow,40.0,19.0,70000,220.0,Bajaj,9,0.08636363636363636
Royal Enfield Classic 500cc 2019,2019,3000.0,first owner,delhi,35.0,27.2,193193,500.0,Royal Enfield,5,0.0544
Royal Enfield Thunderbird 350cc 2014,2014,60000.0,first owner,ahmedabad,40.0,19.8,90000,350.0,Royal Enfield,10,0.05657142857142857
Bajaj Discover 125ST 2012,2012,55000.0,first owner,pune,65.0,12.5,25000,125.0,Bajaj,12,0.1
Honda CB Shine 125cc 2010,2010,65.0,second owner,kherli,65.0,10.0,25000,125.0,Honda,14,0.08
Yamaha FZs 150cc 2013,2013,32200.0,first owner,mumbai,45.0,13.0,33200,150.0,Yamaha,11,0.08666666666666667
Bajaj Pulsar NS 200cc 2013,1950,35.0,first owner,noida,35.0,23.19,55000,200.0,Bajaj,74,0.11595000000000001
Yamaha YZF-R15 2.0 150cc 2014,2014,18000.0,fourth owner or more,bangalore,42.0,16.7,57541,150.0,Yamaha,10,0.11133333333333333
Bajaj Pulsar 150cc 2009,2009,65.0,first owner,bangalore,65.0,14.85,17100,150.0,Bajaj,15,0.09899999999999999
Royal Enfield Classic 350cc 2015,2015,65000.0,first owner,jaipur,35.0,19.8,110000,350.0,Royal Enfield,9,0.05657142857142857
Bajaj Avenger Street 160 ABS FI BS6 2020,2020,6300.0,first owner,vaijapur,53.72,14.79,100000,160.0,Bajaj,4,0.09243749999999999
Bajaj Dominar 400 2017,2017,28.0,first owner,thane,28.0,34.5,120000,400.0,Bajaj,7,0.08625
Royal Enfield Classic 350cc 2015,2015,24000.0,first owner,thiruvananthapuram,35.0,19.8,120500,350.0,Royal Enfield,9,0.05657142857142857
TVS Apache RTR 200 4V Dual Channel ABS BS6 2019,2019,40.0,first owner,chandigarh,40.0,20.2,104999,200.0,TVS,5,0.10099999999999999
Royal Enfield Classic 350cc ABS BS6 2020,2020,9200.0,first owner,vijayawada,35.0,19.1,179000,350.0,Royal Enfield,4,0.054571428571428576
Hero CD Deluxe 100cc 2010,2010,80000.0,first owner,ludhiana,65.0,7.7,24999,100.0,Hero,14,0.077
Royal Enfield Thunderbird 350cc 2015,2015,15000.0,second owner,bangalore,40.0,19.8,100000,350.0,Royal Enfield,9,0.05657142857142857
KTM Duke 200cc 2017,2017,30000.0,first owner,mumbai,35.0,24.6,105000,200.0,KTM,7,0.12300000000000001
Royal Enfield Classic 350cc Signals Edition 2019,2019,20000.0,first owner,indore,35.0,19.8,165000,350.0,Royal Enfield,5,0.05657142857142857
Harley-Davidson Street Rod 2019,2019,14000.0,second owner,chennai,25.0,70.0,575000,749.0,Harley-Davidson,5,0.09345794392523364
Bajaj Pulsar 150cc 2012,2012,65.0,first owner,pune,65.0,14.85,35000,150.0,Bajaj,12,0.09899999999999999
Royal Enfield Classic 350cc 2015,2015,31000.0,second owner,pune,35.0,19.8,140000,350.0,Royal Enfield,9,0.05657142857142857
TVS Sport 100cc 2014,2014,43808.0,first owner,jaipur,95.0,7.4,18000,100.0,TVS,10,0.07400000000000001
Bajaj Pulsar RS200 2016,2016,35.0,second owner,delhi,35.0,24.5,65000,200.0,Bajaj,8,0.1225
Bajaj Pulsar RS200 2016,2016,35.0,first owner,delhi,35.0,24.5,81500,200.0,Bajaj,8,0.1225
Bajaj Pulsar RS200 ABS 2016,2016,35.0,first owner,delhi,35.0,24.5,85500,200.0,Bajaj,8,0.1225
Royal Enfield Continental GT 535cc 2015,2015,10000.0,second owner,jaipur,26.0,29.1,88057,535.0,Royal Enfield,9,0.05439252336448598
KTM Duke 390cc 2014,2014,33000.0,first owner,delhi,25.0,44.0,60000,390.0,KTM,10,0.11282051282051282
Bajaj Discover 100cc 2012,2012,80.0,first owner,delhi,80.0,7.7,14400,100.0,Bajaj,12,0.077
Harley-Davidson Street Bob 2014,2014,42500.0,first owner,hyderabad,18.0,65.0,550000,1868.0,Harley-Davidson,10,0.034796573875803
Hero Passion Pro 110cc Disc BS6 2020,2020,440.0,first owner,delhi,40.0,9.02,65000,110.0,Hero,4,0.08199999999999999
Hero Super Splendor 125cc 2015,2015,37000.0,first owner,delhi,75.0,9.0,33200,125.0,Hero,9,0.072
Hero Super Splendor 125cc 2006,2006,70884.0,first owner,lucknow,75.0,9.0,20000,125.0,Hero,18,0.072
Jawa Perak 330cc 2021,2021,1900.0,first owner,delhi,40.0,30.0,195000,330.0,Jawa,3,0.09090909090909091
Bajaj Pulsar 150cc 2012,2012,65.0,second owner,bangalore,65.0,14.85,22000,150.0,Bajaj,12,0.09899999999999999
Bajaj Avenger Street 220 2016,2016,21200.0,second owner,bangalore,53.0,19.0,58000,220.0,Bajaj,8,0.08636363636363636
KTM RC 200cc 2018,2018,9500.0,first owner,patna,35.0,25.1,120000,200.0,KTM,6,0.1255
Royal Enfield Classic Desert Storm 500cc 2017,2017,12177.0,first owner,bangalore,32.0,27.2,127500,500.0,Royal Enfield,7,0.0544
Royal Enfield Thunderbird 350cc 2015,2015,14000.0,first owner,bangalore,40.0,19.8,90000,350.0,Royal Enfield,9,0.05657142857142857
Royal Enfield Himalayan 410cc 2016,2016,21900.0,first owner,gurgaon,32.0,24.5,110000,410.0,Royal Enfield,8,0.05975609756097561
Kawasaki Z800 2017,2017,25225.0,first owner,bangalore,16.0,111.0,675000,800.0,Kawasaki,7,0.13875
Harley-Davidson Street 750 2016,2016,1700.0,first owner,ahmedabad,20.0,47.0,265000,750.0,Harley-Davidson,8,0.06266666666666666
Bajaj Pulsar RS200 ABS 2016,2016,35.0,first owner,faridabad,35.0,24.5,82100,200.0,Bajaj,8,0.1225
Bajaj Pulsar RS200 2016,2016,35.0,fourth owner or more,pune,35.0,24.5,48000,200.0,Bajaj,8,0.1225
Honda CB Unicorn 150cc 2014,2014,60.0,first owner,delhi,60.0,14.0,25407,150.0,Honda,10,0.09333333333333334
Honda CB Unicorn 160 CBS 2016,2016,52.0,first owner,patiala,52.0,13.82,60000,160.0,Honda,8,0.08637500000000001
Honda CBR 150R 150cc 2013,2013,18950.0,first owner,kakinada,38.0,18.28,55000,150.0,Honda,11,0.12186666666666668
Royal Enfield Thunderbird 350cc 2006,2006,26000.0,first owner,mysore,30.0,19.8,70000,350.0,Royal Enfield,18,0.05657142857142857
TVS Apache RTR 180cc 2014,2014,45.0,first owner,bareilly,45.0,17.2,50000,180.0,TVS,10,0.09555555555555555
Harley-Davidson Street Bob 2017,2017,43000.0,first owner,gurgaon,18.0,65.0,850000,1868.0,Harley-Davidson,7,0.034796573875803
Bajaj Pulsar NS200 ABS BS6 2020,2020,39.0,first owner,delhi,39.1,24.13,105000,200.0,Bajaj,4,0.12065
Yamaha SZR 150cc 2012,2012,30000.0,first owner,thane,40.0,12.0,17200,150.0,Yamaha,12,0.08
Honda CBR1000RR Fireblade SP 2019,2019,1590.0,first owner,delhi,16.0,186.3,1490000,1000.0,Honda,5,0.18630000000000002
Bajaj Avenger Cruise 220 2016,2016,19400.0,first owner,gharghoda,35.0,19.0,76000,220.0,Bajaj,8,0.08636363636363636
Hero Splendor Plus 100cc 2018,2018,7400.0,first owner,udaipur,81.0,8.2,41900,100.0,Hero,6,0.08199999999999999
Bajaj CT 100 100cc 2017,2017,36000.0,fourth owner or more,delhi,89.0,8.1,25000,100.0,Bajaj,7,0.081
Royal Enfield Thunderbird 350cc 2015,2015,28395.0,first owner,burla,40.0,19.8,102000,350.0,Royal Enfield,9,0.05657142857142857
Suzuki Gixxer SF 150cc ABS BS6 2021,2021,900.0,first owner,delhi,40.0,14.6,123100,150.0,Suzuki,3,0.09733333333333333
Kawasaki Z650 2020,2020,2500.0,first owner,delhi,30.0,66.4,528425,650.0,Kawasaki,4,0.10215384615384616
Bajaj Pulsar NS160 2019,2019,25000.0,first owner,bhopal,40.0,15.5,90000,160.0,Bajaj,5,0.096875
Honda CB ShineSP 125cc CBS 2019,2019,65.0,first owner,ahmedabad,65.0,10.0,65000,125.0,Honda,5,0.08
Honda CB Shine 125cc 2015,2015,65.0,first owner,delhi,65.0,10.0,33000,125.0,Honda,9,0.08
Yamaha MT-15 150cc BS6 2021,2021,3000.0,first owner,bangalore,40.0,18.23,180000,150.0,Yamaha,3,0.12153333333333334
Honda CB Shine 125cc 2012,2012,65.0,first owner,vadodara,65.0,10.0,32500,125.0,Honda,12,0.08
Bajaj Pulsar NS200 2013,2013,35.0,first owner,kolkata,35.0,23.19,45800,200.0,Bajaj,11,0.11595000000000001
TVS Apache RTR 160 4V FI 2018,2018,95000.0,second owner,mumbai,40.0,16.1,60000,160.0,TVS,6,0.100625
Bajaj Pulsar 150cc 2016,2016,65.0,first owner,jaipur,65.0,15.0,51800,150.0,Bajaj,8,0.1
Bajaj Pulsar RS200 ABS 2016,2016,35.0,second owner,ahmedabad,35.0,24.5,84400,200.0,Bajaj,8,0.1225
Royal Enfield Classic 350cc Signals Edition 2018,2018,46000.0,first owner,chitradurga,35.0,19.8,160000,350.0,Royal Enfield,6,0.05657142857142857
TVS Apache RTR 180cc 2018,2018,45.0,first owner,jaipur,45.0,17.3,57000,180.0,TVS,6,0.09611111111111112
Hero Splendor Plus 100cc 2013,2013,30000.0,first owner,pune,81.0,8.2,34874,100.0,Hero,11,0.08199999999999999
Royal Enfield Classic 500cc 2015,2015,33000.0,first owner,bangalore,32.0,27.2,132100,500.0,Royal Enfield,9,0.0544
KTM Duke 200cc 2012,2012,30000.0,first owner,bangalore,40.0,25.0,85000,200.0,KTM,12,0.125
Bajaj Avenger Street 150 2016,2016,30000.0,first owner,mumbai,50.0,14.3,37500,150.0,Bajaj,8,0.09533333333333334
Bajaj Pulsar RS200 2016,2016,35.0,first owner,ahmedabad,35.0,24.5,65000,200.0,Bajaj,8,0.1225
Bajaj Pulsar 150cc 2010,2010,65.0,first owner,jaipur,65.0,14.85,19300,150.0,Bajaj,14,0.09899999999999999
Triumph Street Twin 900cc 2018,2018,22000.0,first owner,coimbatore,20.0,54.2,580000,900.0,Triumph,6,0.060222222222222226
TVS Star Sport 100cc 2016,2016,20000.0,second owner,padrauna,95.0,7.4,20100,100.0,TVS,8,0.07400000000000001
Royal Enfield Classic 350cc 2015,2015,25350.0,first owner,bangalore,35.0,19.8,103900,350.0,Royal Enfield,9,0.05657142857142857
Bajaj Pulsar 220cc 2014,2014,38000.0,third owner,mumbai,38.0,21.0,38000,220.0,Bajaj,10,0.09545454545454546
Yamaha FZ S V 2.0 150cc Rear Disc 2019,2019,58.0,first owner,cuttack,58.0,13.0,60000,150.0,Yamaha,5,0.08666666666666667
Yamaha YZF-R15 V3 150cc 2018,2018,11000.0,first owner,junagadh,40.0,18.7,110000,150.0,Yamaha,6,0.12466666666666666
Royal Enfield Thunderbird 350cc 2012,2012,22000.0,second owner,mumbai,40.0,19.8,80000,350.0,Royal Enfield,12,0.05657142857142857
Royal Enfield Classic 350cc 2017,2017,12000.0,first owner,rajkot,35.0,19.8,141290,350.0,Royal Enfield,7,0.05657142857142857
Royal Enfield Classic 350cc 2015,2015,15000.0,third owner,rajkot,35.0,19.8,122883,350.0,Royal Enfield,9,0.05657142857142857
TVS Apache RTR 200 4V FI 2017,2017,40.0,first owner,mumbai,40.0,20.7,68000,200.0,TVS,7,0.1035
Royal Enfield Interceptor 650cc 2019,2019,4800.0,first owner,hyderabad,40.0,47.0,260000,650.0,Royal Enfield,5,0.07230769230769231
Hero HF Deluxe IBS Self Alloy 100cc BS6 2020,2020,1000.0,first owner,delhi,55.0,7.91,63500,100.0,Hero,4,0.0791
Kawasaki Z650 2019,2019,3100.0,first owner,bangalore,30.0,67.2,600000,650.0,Kawasaki,5,0.1033846153846154
Royal Enfield Interceptor 650cc 2019,2019,17000.0,first owner,tirupati,40.0,47.0,245600,650.0,Royal Enfield,5,0.07230769230769231
Yamaha Fazer 150cc 2013,2013,45.0,first owner,bangalore,45.0,13.0,40000,150.0,Yamaha,11,0.08666666666666667
Royal Enfield Himalayan 410cc 2016,2016,15000.0,first owner,mumbai,32.0,24.5,120000,410.0,Royal Enfield,8,0.05975609756097561
TVS Apache RR310 BS6 2020,2020,5200.0,first owner,madhubani,22.0,33.0,227000,310.0,TVS,4,0.1064516129032258
Hero Passion Pro 100cc 2015,2015,27800.0,second owner,hyderabad,84.0,8.2,47000,100.0,Hero,9,0.08199999999999999
Honda CB Shine 125cc CBS 2019,2019,65.0,first owner,mumbai,65.0,10.0,51400,125.0,Honda,5,0.08
Royal Enfield Classic 350cc 2016,2016,27600.0,first owner,gurgaon,35.0,19.8,112600,350.0,Royal Enfield,8,0.05657142857142857
Hero CBZ Xtreme 150cc 2010,2010,90000.0,first owner,durg,65.0,14.4,24999,150.0,Hero,14,0.096
TVS Apache RTR 200 4V ABS Race Edition 2018,2018,40.0,first owner,mumbai,40.0,20.23,90500,200.0,TVS,6,0.10115
Royal Enfield Bullet Electra 350cc 2011,2011,35000.0,first owner,mumbai,40.0,19.8,50000,350.0,Royal Enfield,13,0.05657142857142857
Honda Dream Yuga 110cc 2015,2015,31000.0,first owner,chennai,84.0,8.0,33000,110.0,Honda,9,0.07272727272727272
Suzuki Gixxer SF Fi 150cc 2017,2017,19979.0,first owner,bangalore,40.0,14.6,75000,150.0,Suzuki,7,0.09733333333333333
Bajaj Pulsar 150cc 2019,2019,65.0,first owner,jaipur,65.0,15.0,59200,150.0,Bajaj,5,0.1
Benelli TNT 300 2017,2017,10000.0,first owner,mumbai,25.0,37.73,259375,300.0,Benelli,7,0.12576666666666667
Suzuki Gixxer SF 150cc ABS 2019,2019,10000.0,first owner,bangalore,40.0,14.6,98000,150.0,Suzuki,5,0.09733333333333333
Hero Splendor Plus 100cc 2015,2015,26000.0,second owner,gurgaon,81.0,8.2,30500,100.0,Hero,9,0.08199999999999999
Royal Enfield Standard 350cc 2005,2005,30.0,second owner,chandigarh,30.0,18.0,120000,350.0,Royal Enfield,19,0.05142857142857143
Royal Enfield Classic 350cc 2018,2018,10115.0,first owner,chandigarh,35.0,19.8,167000,350.0,Royal Enfield,6,0.05657142857142857
Bajaj V15 150cc 2017,2017,19400.0,first owner,delhi,57.0,11.8,38000,150.0,Bajaj,7,0.07866666666666668
Honda Dream Yuga 110cc 2019,2019,84.0,first owner,ahmedabad,84.0,8.25,56160,110.0,Honda,5,0.075
Hero Splendor Plus Kick Alloy 100cc 2014,2014,27000.0,second owner,ahmedabad,81.0,8.2,35880,100.0,Hero,10,0.08199999999999999
Royal Enfield Standard 350cc 2020,2020,30.0,first owner,chandigarh,30.0,18.0,159000,350.0,Royal Enfield,4,0.05142857142857143
Hero Splendor Plus 100cc 2017,2017,27000.0,first owner,delhi,81.0,8.2,45000,100.0,Hero,7,0.08199999999999999
Hero Hunk 150cc 2009,2009,20000.0,second owner,delhi,53.0,14.0,28000,150.0,Hero,15,0.09333333333333334
Bajaj Discover 150F 2014,2014,70.0,first owner,delhi,70.0,13.0,35000,150.0,Bajaj,10,0.08666666666666667
Royal Enfield Standard 350cc 2010,2010,37.0,first owner,chandigarh,37.0,19.8,170000,350.0,Royal Enfield,14,0.05657142857142857
Bajaj Pulsar 220cc 2015,2015,17000.0,first owner,delhi,38.0,21.0,50000,220.0,Bajaj,9,0.09545454545454546
KTM RC 125CC 2019,2019,8800.0,first owner,mumbai,40.0,14.5,150500,125.0,KTM,5,0.116
Yamaha YZF-R15 V3 150cc 2019,2019,12000.0,first owner,mumbai,40.0,18.7,140000,150.0,Yamaha,5,0.12466666666666666
Hero Passion Plus 100cc 2009,2009,22500.0,first owner,ludhiana,55.0,7.5,20000,100.0,Hero,15,0.075
Royal Enfield Classic 500cc 2014,2014,19500.0,first owner,chennai,32.0,27.2,120000,500.0,Royal Enfield,10,0.0544
Hero Passion Pro 100cc 2009,2009,49660.0,first owner,delhi,5.0,8.2,18600,100.0,Hero,15,0.08199999999999999
Royal Enfield Classic 350cc 2015,2015,25000.0,first owner,bangalore,35.0,19.8,112000,350.0,Royal Enfield,9,0.05657142857142857
KTM RC 200cc 2018,2018,10000.0,first owner,hyderabad,35.0,25.1,160700,200.0,KTM,6,0.1255
UM Renegade Commando Classic 2018,2018,9513.0,first owner,delhi,35.0,25.0,124950,279.0,UM,6,0.08960573476702509
Honda CB Hornet 160R CBS 2018,2018,52.0,second owner,banka,52.0,15.44,61200,160.0,Honda,6,0.0965
Hero Glamour Fi 125cc 2017,2017,17200.0,second owner,jaipur,55.0,9.0,33000,125.0,Hero,7,0.072
UM Renegade Sport S 2017,2017,30000.0,first owner,bhubaneshwar,35.0,24.8,100000,279.0,UM,7,0.08888888888888889
UM Renegade Commando 2017,2017,17141.0,first owner,gurgaon,35.0,24.8,96050,279.0,UM,7,0.08888888888888889
Hero Passion Plus 100cc 2006,2006,49000.0,first owner,raigarh(mh),55.0,7.5,10669,100.0,Hero,18,0.075
Hero Xpulse 200T 2019,2019,10500.0,first owner,jaipur,40.0,18.1,95000,200.0,Hero,5,0.09050000000000001
Royal Enfield Bullet Electra 350cc 2013,2013,14250.0,first owner,ghaziabad,40.0,19.8,81200,350.0,Royal Enfield,11,0.05657142857142857
Bajaj Pulsar 150cc 2015,2015,65.0,first owner,delhi,65.0,14.85,41900,150.0,Bajaj,9,0.09899999999999999
Bajaj Pulsar 200 NS 200cc 2014,2014,12700.0,first owner,valsad,40.0,24.2,45900,200.0,Bajaj,10,0.121
Bajaj Pulsar RS200 ABS 2016,2016,35.0,first owner,mumbai,35.0,24.5,93100,200.0,Bajaj,8,0.1225
Royal Enfield Thunderbird 350cc 2013,2013,45000.0,first owner,nadiad,40.0,19.8,70000,350.0,Royal Enfield,11,0.05657142857142857
Royal Enfield Electra 350cc 2014,2014,30000.0,first owner,delhi,37.0,19.0,78000,350.0,Royal Enfield,10,0.054285714285714284
TVS Apache RTR 160 4V Carburetor With Rear Disc 2018,2018,10500.0,first owner,guwahati,40.0,16.1,85000,160.0,TVS,6,0.100625
TVS Apache RR310 2019,2019,3600.0,first owner,mumbai,22.0,33.0,210000,310.0,TVS,5,0.1064516129032258
Suzuki Intruder SP 150cc 2020,2020,62000.0,first owner,ghaziabad,40.0,14.6,74300,150.0,Suzuki,4,0.09733333333333333
TVS Apache RTR 160 4V DRUM ABS 2019,2019,7500.0,second owner,patna,40.0,16.1,78000,160.0,TVS,5,0.100625
UM Renegade Commando 2017,2017,9000.0,first owner,madurai,35.0,24.8,127200,279.0,UM,7,0.08888888888888889
Bajaj Avenger Street 220 2016,2016,34000.0,first owner,ahmedabad,53.0,19.0,57900,220.0,Bajaj,8,0.08636363636363636
Honda CBF Stunner 125cc 2016,2016,65.0,first owner,chennai,65.0,11.0,27400,125.0,Honda,8,0.088
UM Renegade Sport S 2018,2018,5450.0,first owner,delhi,35.0,24.8,122600,279.0,UM,6,0.08888888888888889
KTM Duke 250cc ABS 2019,2019,1855.0,first owner,thane,40.0,29.6,185000,250.0,KTM,5,0.1184
Royal Enfield Bullet Electra 350cc 2010,2010,50000.0,first owner,sonipat,40.0,19.8,65900,350.0,Royal Enfield,14,0.05657142857142857
TVS Apache RTR 160cc 2013,2013,60.0,third owner,agra,60.0,15.2,20800,160.0,TVS,11,0.095
Royal Enfield Bullet Electra 350cc 2009,2009,36324.0,first owner,ghaziabad,30.0,19.8,49834,350.0,Royal Enfield,15,0.05657142857142857
Suzuki Gixxer 150cc ABS 2017,2019,14100.0,first owner,kolkata,63.0,14.0,74700,150.0,Suzuki,5,0.09333333333333334
Royal Enfield Classic Stealth Black 500cc 2018,2018,25050.0,first owner,delhi,32.0,27.2,135000,500.0,Royal Enfield,6,0.0544
Hero Glamour Programed FI 125cc 2019,2019,2000.0,first owner,khariar,45.0,6.72,75000,125.0,Hero,5,0.053759999999999995
Hero Passion Pro 110cc Drum 2018,2018,9200.0,first owner,howrah,40.0,9.3,47000,110.0,Hero,6,0.08454545454545455
Bajaj Pulsar 220cc 2009,2009,65000.0,second owner,delhi,38.0,21.0,18400,220.0,Bajaj,15,0.09545454545454546
Bajaj Pulsar RS200 2018,2018,35.0,first owner,navsari,35.0,24.5,105000,200.0,Bajaj,6,0.1225
Bajaj Avenger Street 150 2016,2016,20452.0,first owner,coimbatore,50.0,14.3,45000,150.0,Bajaj,8,0.09533333333333334
Bajaj Avenger 220cc 2013,2013,10000.0,second owner,mumbai,40.0,19.0,33600,220.0,Bajaj,11,0.08636363636363636
Royal Enfield Classic 350cc 2017,2017,9800.0,first owner,mohali,35.0,19.8,110000,350.0,Royal Enfield,7,0.05657142857142857
Royal Enfield Classic 350cc 2017,2017,11000.0,first owner,delhi,35.0,19.8,119900,350.0,Royal Enfield,7,0.05657142857142857
Honda X-Blade 160CC ABS 2020,2020,1500.0,first owner,howrah,40.0,13.93,85100,160.0,Honda,4,0.0870625
Royal Enfield Classic Stealth Black 500cc 2018,2018,14000.0,first owner,chennai,32.0,27.2,160000,500.0,Royal Enfield,6,0.0544
Triumph Thunderbird LT 2015,2015,16000.0,first owner,faridabad,12.0,93.0,1025000,1699.0,Triumph,9,0.05473808122424956
Hero Xtreme 200R ABS 2019,2019,43500.0,first owner,faridabad,39.4,18.1,75000,200.0,Hero,5,0.09050000000000001
Royal Enfield Classic 350cc 2018,2018,7500.0,first owner,delhi,35.0,19.8,125000,350.0,Royal Enfield,6,0.05657142857142857
Yamaha YZF-R15 2.0 150cc 2014,2014,63000.0,first owner,ahmedabad,42.0,16.7,62600,150.0,Yamaha,10,0.11133333333333333
Yamaha FZ25 250cc 2019,2019,2200.0,first owner,delhi,43.0,20.3,145000,250.0,Yamaha,5,0.08120000000000001
Yamaha FZs 150cc 2015,2015,35000.0,first owner,panvel,45.0,13.0,52000,150.0,Yamaha,9,0.08666666666666667
Royal Enfield Bullet Electra 350cc 2007,2007,57877.0,second owner,faridabad,30.0,19.8,53600,350.0,Royal Enfield,17,0.05657142857142857
Royal Enfield Thunderbird 500cc 2014,2014,17500.0,first owner,surat,25.0,27.2,119500,500.0,Royal Enfield,10,0.0544
Royal Enfield Classic 350cc 2015,2015,9000.0,first owner,delhi,35.0,19.8,104000,350.0,Royal Enfield,9,0.05657142857142857
Honda Livo 110cc 2018,2018,14000.0,first owner,mumbai,40.0,8.25,53000,110.0,Honda,6,0.075
Mahindra Centuro 110cc 2015,2015,24000.0,first owner,delhi,60.0,8.5,28000,110.0,Mahindra,9,0.07727272727272727
Royal Enfield Classic 500cc 2012,2012,19000.0,first owner,delhi,32.0,27.2,106667,500.0,Royal Enfield,12,0.0544
Royal Enfield Bullet Electra 350cc 2007,2007,35000.0,first owner,delhi,30.0,19.8,62500,350.0,Royal Enfield,17,0.05657142857142857
Bajaj Avenger Street 150 2017,2017,36000.0,first owner,bangalore,45.0,14.3,58800,150.0,Bajaj,7,0.09533333333333334
Bajaj Pulsar NS200 ABS 2018,2018,42.0,first owner,pune,42.0,23.2,90000,200.0,Bajaj,6,0.11599999999999999
Royal Enfield Thunderbird 350cc 2017,2017,15000.0,first owner,kanpur,40.0,19.8,122000,350.0,Royal Enfield,7,0.05657142857142857
Bajaj Avenger 220cc 2018,2018,8500.0,first owner,thane,40.0,19.0,77900,220.0,Bajaj,6,0.08636363636363636
Bajaj Avenger Street 150 2016,2016,14785.0,first owner,bangalore,50.0,14.3,58150,150.0,Bajaj,8,0.09533333333333334
Royal Enfield Classic 350cc 2016,2016,18000.0,first owner,delhi,35.0,19.8,114200,350.0,Royal Enfield,8,0.05657142857142857
Bajaj Pulsar 150cc 2016,2016,65.0,first owner,bangalore,65.0,15.0,56526,150.0,Bajaj,8,0.1
Bajaj Pulsar 180cc 2011,2011,26000.0,first owner,bhiwani,65.0,15.0,23455,180.0,Bajaj,13,0.08333333333333333
Bajaj Pulsar 180cc 2009,2009,12000.0,first owner,bhiwani,65.0,15.0,16444,180.0,Bajaj,15,0.08333333333333333
Bajaj Platina 110 H Gear Disc 2019,2019,8000.0,first owner,delhi,40.0,8.6,60000,110.0,Bajaj,5,0.07818181818181817
Yamaha YZF-R15 V3 150cc 2019,2019,2800.0,first owner,delhi,40.0,18.7,138000,150.0,Yamaha,5,0.12466666666666666
Bajaj Pulsar NS160 Rear Disc 2019,2019,7000.0,first owner,delhi,40.0,15.5,85000,160.0,Bajaj,5,0.096875
Royal Enfield Classic 350cc 2016,2016,18800.0,first owner,delhi,35.0,19.8,115600,350.0,Royal Enfield,8,0.05657142857142857
Royal Enfield Thunderbird X 500cc 2019,2019,9022.0,first owner,pune,40.0,27.2,185000,500.0,Royal Enfield,5,0.0544
Ducati Diavel Carbon 2017,2017,6000.0,first owner,maradu,12.0,159.7,1200000,1198.0,Ducati,7,0.13330550918196993
Royal Enfield Classic 350cc 2017,2017,14000.0,first owner,mumbai,35.0,19.8,123000,350.0,Royal Enfield,7,0.05657142857142857
UM Renegade Commando Classic 2017,2017,6500.0,second owner,pune,35.0,25.0,132700,279.0,UM,7,0.08960573476702509
Bajaj Platina 110 H Gear Disc BS6 2020,2020,7200.0,first owner,delhi,84.0,8.44,65000,110.0,Bajaj,4,0.07672727272727273
Royal Enfield Thunderbird 350cc 2017,2017,25770.0,first owner,agra,40.0,19.8,117200,350.0,Royal Enfield,7,0.05657142857142857
Bajaj Pulsar NS200 2017,2017,42.0,second owner,nashik,42.0,23.2,85999,200.0,Bajaj,7,0.11599999999999999
Bajaj Avenger Cruise 220 ABS 2019,2019,12915.0,first owner,delhi,35.0,19.0,78800,220.0,Bajaj,5,0.08636363636363636
Hero Karizma ZMR 223cc 2019,2019,9000.0,first owner,kolkata,48.0,20.0,84400,223.0,Hero,5,0.08968609865470852
Yamaha FZS-FI V 3.0 150cc ABS BS6 2020,2020,7550.0,first owner,washim,58.0,12.2,92500,150.0,Yamaha,4,0.08133333333333333
Bajaj Discover 135cc 2008,2008,62000.0,first owner,delhi,65.0,9.64,15000,135.0,Bajaj,16,0.0714074074074074
Yamaha FZ25 250cc 2018,2018,12541.0,first owner,bangalore,43.0,20.3,110000,250.0,Yamaha,6,0.08120000000000001
Bajaj Pulsar 180cc 2016,2016,35000.0,first owner,ahmedabad,65.0,17.0,50200,180.0,Bajaj,8,0.09444444444444444
UM Renegade Commando 2018,2018,5000.0,first owner,delhi,35.0,24.8,120000,279.0,UM,6,0.08888888888888889
Yamaha FZ S V 2.0 150cc 2018,2018,58.0,first owner,delhi,58.0,13.0,89500,150.0,Yamaha,6,0.08666666666666667
Hero Passion XPRO 110 cc 2014,2014,42000.0,first owner,jaipur,45.0,6.72,30000,200.0,Hero,10,0.0336
Bajaj Pulsar AS150 2015,2015,16834.0,first owner,bangalore,53.0,16.8,58000,150.0,Bajaj,9,0.112
TVS Apache RTR 160 4V Carburetor With Rear Disc 2019,2019,6424.0,first owner,delhi,40.0,16.1,94000,160.0,TVS,5,0.100625
KTM RC 200cc 2015,2015,13933.0,first owner,delhi,35.0,25.0,160000,200.0,KTM,9,0.125
Hero Splendor Plus Self Alloy 100cc 2019,2019,7945.0,first owner,delhi,55.0,8.2,62000,100.0,Hero,5,0.08199999999999999
Yamaha YZF-R15 2.0 150cc 2014,2014,68500.0,second owner,delhi,42.0,16.7,68500,150.0,Yamaha,10,0.11133333333333333
Bajaj Pulsar 150cc 2019,2019,65.0,first owner,delhi,65.0,15.0,78000,150.0,Bajaj,5,0.1
Yamaha SZR 150cc 2015,2015,16935.0,first owner,delhi,40.0,12.0,36000,150.0,Yamaha,9,0.08
Hero Passion Pro 100cc 2011,2011,20000.0,first owner,mumbai,5.0,8.2,28838,100.0,Hero,13,0.08199999999999999
Suzuki Gixxer SF 150cc ABS 2017,2017,15000.0,first owner,delhi,40.0,14.6,60000,150.0,Suzuki,7,0.09733333333333333
Royal Enfield Classic 350cc Dual Disc 2018,2018,10000.0,first owner,delhi,35.0,19.8,134600,350.0,Royal Enfield,6,0.05657142857142857
Hero Passion Plus 100cc 2008,2008,50183.0,second owner,hyderabad,55.0,7.5,29500,100.0,Hero,16,0.075
Royal Enfield Continental GT 535cc 2017,2017,5520.0,first owner,delhi,26.0,29.1,138000,535.0,Royal Enfield,7,0.05439252336448598
Royal Enfield Bullet 350cc 2016,2016,39000.0,first owner,baran,37.0,19.8,92200,350.0,Royal Enfield,8,0.05657142857142857
Benelli TNT 300 ABS 2020,2020,13000.0,first owner,belgaum,25.0,37.73,315000,300.0,Benelli,4,0.12576666666666667
Suzuki Intruder 150cc 2018,2018,21796.0,second owner,kolkata,40.0,14.6,74000,150.0,Suzuki,6,0.09733333333333333
Royal Enfield Classic 350cc 2015,2015,16000.0,first owner,delhi,35.0,19.8,108000,350.0,Royal Enfield,9,0.05657142857142857
Royal Enfield Classic 350cc 2017,2017,2200.0,first owner,delhi,35.0,19.8,135000,350.0,Royal Enfield,7,0.05657142857142857
TVS Apache RTR 160 4V Carburetor 2018,2018,22296.0,first owner,bangalore,40.0,16.1,85000,160.0,TVS,6,0.100625
Bajaj Dominar 400 ABS 2017,2017,28.0,first owner,chennai,28.0,34.5,105000,400.0,Bajaj,7,0.08625
Royal Enfield Thunderbird 500cc 2015,2015,22000.0,first owner,pune,25.0,27.2,133100,500.0,Royal Enfield,9,0.0544
Royal Enfield Classic Squadron Blue 500cc 2017,2017,24857.0,first owner,mumbai,25.0,27.2,159700,500.0,Royal Enfield,7,0.0544
Bajaj V12 125cc 2018,2018,17000.0,first owner,chhindwara,57.0,12.0,60000,125.0,Bajaj,6,0.096
Bajaj Avenger 220cc 2011,2011,19000.0,first owner,ghaziabad,40.0,19.0,28300,220.0,Bajaj,13,0.08636363636363636
Royal Enfield Thunderbird 350cc 2014,2014,27746.0,first owner,bangalore,40.0,19.8,112000,350.0,Royal Enfield,10,0.05657142857142857
Royal Enfield Thunderbird 350cc 2014,2014,30300.0,first owner,delhi,40.0,19.8,97900,350.0,Royal Enfield,10,0.05657142857142857
KTM Duke 390cc 2019,2019,8265.0,first owner,bangalore,25.0,42.9,280000,390.0,KTM,5,0.11
Bajaj Pulsar 150cc 2010,2010,65.0,first owner,bangalore,65.0,14.85,31000,150.0,Bajaj,14,0.09899999999999999
Yamaha YZF-R15 2.0 150cc 2016,2016,24528.0,first owner,delhi,42.0,16.7,72000,150.0,Yamaha,8,0.11133333333333333
Benelli TNT 899 2015,2015,3174.0,first owner,jajpur,17.0,119.37,569400,899.0,Benelli,9,0.1327808676307008
Suzuki Gixxer 150cc 2017,2017,16000.0,first owner,gurgaon,63.0,14.0,47000,150.0,Suzuki,7,0.09333333333333334
Yamaha FZs 150cc 2013,2013,48000.0,first owner,delhi,45.0,13.0,38700,150.0,Yamaha,11,0.08666666666666667
Honda CB Trigger 150cc 2014,2014,33700.0,first owner,hyderabad,60.0,14.0,42000,150.0,Honda,10,0.09333333333333334
Bajaj Pulsar RS200 2015,2015,35.0,first owner,patna,35.0,24.16,75300,200.0,Bajaj,9,0.1208
Yamaha YZF-R15 2.0 150cc 2012,2012,46000.0,first owner,mumbai,42.0,16.7,48300,150.0,Yamaha,12,0.11133333333333333
Royal Enfield Continental GT 650cc 2019,2019,11000.0,first owner,navi mumbai,40.0,47.0,294000,650.0,Royal Enfield,5,0.07230769230769231
Harley-Davidson Low Rider 1750cc 2019,2019,4600.0,first owner,chennai,40.0,19.0,1300000,1750.0,Harley-Davidson,5,0.010857142857142857
Harley-Davidson Street 750 2016,2016,5838.0,first owner,coimbatore,20.0,47.0,390000,750.0,Harley-Davidson,8,0.06266666666666666
Bajaj Avenger 220cc 2015,2015,15495.0,first owner,gurgaon,40.0,19.0,35000,220.0,Bajaj,9,0.08636363636363636
Bajaj CT 100 KS Alloy 2019,2019,4000.0,first owner,delhi,67.0,8.1,45000,100.0,Bajaj,5,0.081
Yamaha FZ 150cc 2011,2011,58.0,second owner,pune,58.0,13.0,35000,150.0,Yamaha,13,0.08666666666666667
TVS Apache RTR 200 4V FI 2018,2018,40.0,first owner,hyderabad,40.0,20.7,90000,200.0,TVS,6,0.1035
Yamaha YZF-R15 V3 150cc 2018,2018,24500.0,first owner,chennai,40.0,18.7,95000,150.0,Yamaha,6,0.12466666666666666
Royal Enfield Classic Desert Storm 500cc Dual Disc 2018,2018,11277.0,first owner,hyderabad,32.0,27.2,175000,500.0,Royal Enfield,6,0.0544
Kawasaki Ninja 300 ABS 2019,2019,1750.0,first owner,kanpur,25.0,39.0,290000,300.0,Kawasaki,5,0.13
Yamaha YZF-R15 2.0 150cc 2013,2013,25000.0,first owner,delhi,42.0,16.7,52300,150.0,Yamaha,11,0.11133333333333333
Bajaj Avenger Street 220 2018,2018,16757.0,first owner,bangalore,53.0,19.0,78000,220.0,Bajaj,6,0.08636363636363636
Royal Enfield Classic 350cc 2013,2013,46031.0,first owner,jind,35.0,19.8,74600,350.0,Royal Enfield,11,0.05657142857142857
Harley-Davidson Street 750 2016,2016,5400.0,second owner,pune,20.0,47.0,360200,750.0,Harley-Davidson,8,0.06266666666666666
Hero Super Splendor 125cc 2017,2017,33000.0,first owner,ghaziabad,75.0,9.0,40000,125.0,Hero,7,0.072
KTM Duke 200cc 2015,2015,25000.0,second owner,mumbai,35.0,25.0,73600,200.0,KTM,9,0.125
Bajaj Pulsar 220cc 2015,2015,67000.0,first owner,mumbai,38.0,21.0,41400,220.0,Bajaj,9,0.09545454545454546
Bajaj V15 150cc 2017,2017,5000.0,first owner,ajmer,57.0,11.8,50000,150.0,Bajaj,7,0.07866666666666668
Suzuki Gixxer SF 150cc 2015,2015,15000.0,first owner,bangalore,40.0,14.6,60000,150.0,Suzuki,9,0.09733333333333333
Hero Glamour 125cc 2012,2012,28000.0,second owner,sultanpur,55.0,8.9,24500,125.0,Hero,12,0.0712
Bajaj Avenger 220cc 2016,2016,22500.0,second owner,bangalore,40.0,19.0,85000,220.0,Bajaj,8,0.08636363636363636
Royal Enfield Classic Chrome 500cc 2012,2012,24800.0,first owner,malappuram,32.0,27.2,125000,500.0,Royal Enfield,12,0.0544
Hero Passion Pro 100cc 2017,2017,12771.0,first owner,ernakulam,5.0,8.2,29339,100.0,Hero,7,0.08199999999999999
Kawasaki Z650 2020,2020,2000.0,first owner,kalyan,30.0,67.2,540000,650.0,Kawasaki,4,0.1033846153846154
Royal Enfield Classic 350cc 2014,2014,60000.0,first owner,ludhiana,35.0,19.8,107000,350.0,Royal Enfield,10,0.05657142857142857
Bajaj Avenger Street 160 ABS 2019,2019,5700.0,first owner,srikakulam,40.0,15.3,82400,160.0,Bajaj,5,0.095625
Royal Enfield Classic 350cc 2016,2016,17340.0,first owner,gurgaon,35.0,19.8,120000,350.0,Royal Enfield,8,0.05657142857142857
Bajaj Pulsar NS160 2017,2017,22850.0,first owner,pune,40.0,15.5,67500,160.0,Bajaj,7,0.096875
Bajaj Pulsar RS200 ABS 2018,2018,35.0,first owner,meerut,35.0,24.5,115000,200.0,Bajaj,6,0.1225
Yamaha YZF-R15 S 150cc 2016,2016,30000.0,first owner,pune,42.0,16.0,59250,150.0,Yamaha,8,0.10666666666666667
Bajaj Dominar 400 ABS 2017,2017,28.0,first owner,ghaziabad,28.0,34.5,125000,400.0,Bajaj,7,0.08625
Hyosung Aquila GV250 2016,2016,13500.0,first owner,nagpur,27.0,26.21,155000,250.0,Hyosung,8,0.10484
TVS Apache RTR 180cc ABS 2015,2015,45.0,first owner,bangalore,45.0,17.2,70000,180.0,TVS,9,0.09555555555555555
Bajaj V15 150cc 2018,2018,16000.0,first owner,gwalior,57.0,11.8,45000,150.0,Bajaj,6,0.07866666666666668
Bajaj Avenger 220cc 2011,2011,21045.0,second owner,bangalore,40.0,19.0,35000,220.0,Bajaj,13,0.08636363636363636
Royal Enfield Classic Chrome 500cc 2012,2012,24800.0,first owner,malappuram,32.0,27.2,125500,500.0,Royal Enfield,12,0.0544
Bajaj Avenger 220cc 2013,2013,15628.0,first owner,gurgaon,40.0,19.0,40000,220.0,Bajaj,11,0.08636363636363636
Bajaj Avenger Street 220 2017,2017,29500.0,first owner,hyderabad,53.0,19.0,68000,220.0,Bajaj,7,0.08636363636363636
UM Renegade Commando 2017,2017,7000.0,first owner,bangalore,35.0,24.8,115000,279.0,UM,7,0.08888888888888889
Yamaha YZF-R15 V3 150CC Dual Channel ABS VI 2019,2019,4048.0,first owner,bangalore,40.0,18.3,150000,150.0,Yamaha,5,0.12200000000000001
Royal Enfield Bullet Electra 350cc 2008,2008,50000.0,first owner,delhi,30.0,19.8,125000,350.0,Royal Enfield,16,0.05657142857142857
Bajaj Pulsar RS200 ABS 2016,2016,35.0,second owner,bangalore,35.0,24.5,105000,200.0,Bajaj,8,0.1225
Royal Enfield Classic 350cc 2017,2017,23700.0,first owner,delhi,35.0,19.8,121000,350.0,Royal Enfield,7,0.05657142857142857
Royal Enfield Thunderbird 350cc ABS 2019,2019,16000.0,first owner,delhi,40.0,19.8,163600,350.0,Royal Enfield,5,0.05657142857142857
Bajaj Avenger 220cc 2017,2017,14000.0,first owner,hyderabad,40.0,19.0,80000,220.0,Bajaj,7,0.08636363636363636
Royal Enfield Classic 350cc 2018,2018,4700.0,first owner,kolkata,35.0,19.8,145100,350.0,Royal Enfield,6,0.05657142857142857
Royal Enfield Bullet 350 cc 1982,1982,3000.0,second owner,lalitpur,40.0,19.0,130000,200.0,Royal Enfield,42,0.095
Bajaj Pulsar 180cc 2012,2012,14000.0,second owner,bangalore,45.0,17.0,39000,180.0,Bajaj,12,0.09444444444444444
Bajaj Avenger 220cc 2013,2013,30000.0,first owner,mumbai,40.0,19.0,44000,220.0,Bajaj,11,0.08636363636363636
Royal Enfield Classic Desert Storm 500cc 2012,2012,7630.0,first owner,chandigarh,32.0,27.2,97700,500.0,Royal Enfield,12,0.0544
Bajaj Pulsar 220F ABS FI BS6 2020,2020,9000.0,first owner,vadodara,38.5,20.11,125100,220.0,Bajaj,4,0.09140909090909091
TVS Apache RTR 180cc 2016,2016,45.0,first owner,bangalore,45.0,17.3,58800,180.0,TVS,8,0.09611111111111112
KTM Duke 390cc 2019,2019,16000.0,first owner,mangalore,25.0,42.9,290000,390.0,KTM,5,0.11
KTM RC 200cc 2015,2015,5500.0,first owner,thane,35.0,25.0,120000,200.0,KTM,9,0.125
Royal Enfield Thunderbird 500cc 2018,2018,4700.0,second owner,gurgaon,25.0,27.2,155000,500.0,Royal Enfield,6,0.0544
Yamaha FZs 150cc 2016,2016,13887.0,first owner,bangalore,45.0,13.0,58727,150.0,Yamaha,8,0.08666666666666667
Hero Passion 100cc  2005,2005,98000.0,first owner,barasat,55.0,7.5,38000,100.0,Hero,19,0.075
Hero Xtreme 150cc 2014,2014,54000.0,first owner,gandhinagar,50.0,14.2,22300,150.0,Hero,10,0.09466666666666666
Royal Enfield Thunderbird 500cc 2013,2013,33300.0,first owner,bangalore,25.0,27.2,140000,500.0,Royal Enfield,11,0.0544
Hero Splendor iSmart 100cc 2015,2015,21699.0,first owner,jaipur,55.0,8.2,38000,100.0,Hero,9,0.08199999999999999
TVS Apache RTR 200 4V Carburetor 2017,2017,40.0,first owner,harij,40.0,20.7,70900,200.0,TVS,7,0.1035
Bajaj Pulsar 220cc 2011,2011,25000.0,first owner,ichalkaranji,38.0,21.0,80000,220.0,Bajaj,13,0.09545454545454546
Bajaj Avenger Street 150 2017,2017,28000.0,first owner,hyderabad,45.0,14.3,58200,150.0,Bajaj,7,0.09533333333333334
Bajaj Pulsar 220cc 2016,2016,10446.0,second owner,delhi,38.0,21.0,80999,220.0,Bajaj,8,0.09545454545454546
Suzuki Gixxer 150cc 2015,2015,41000.0,first owner,ghaziabad,63.0,14.0,41300,150.0,Suzuki,9,0.09333333333333334
Bajaj Dominar 400 2017,2017,28.0,first owner,delhi,28.0,34.5,115000,400.0,Bajaj,7,0.08625
Harley-Davidson Street 750 2016,2016,5900.0,first owner,dehradun,20.0,47.0,350000,750.0,Harley-Davidson,8,0.06266666666666666
TVS Apache RTR 160 4V DISC ABS BS6 2020,2020,4000.0,first owner,delhi,40.0,15.6,110000,160.0,TVS,4,0.0975
Suzuki Intruder 150cc 2018,2018,17000.0,first owner,chennai,40.0,14.6,73500,150.0,Suzuki,6,0.09733333333333333
Royal Enfield Himalayan 410cc Fi ABS 2019,2019,8000.0,first owner,chandigarh,32.0,24.5,170000,410.0,Royal Enfield,5,0.05975609756097561
Yamaha FZS-FI V 3.0 150cc ABS BS6 2019,2019,14000.0,first owner,bangalore,40.0,12.2,105000,150.0,Yamaha,5,0.08133333333333333
KTM Duke 200cc 2020,2020,4000.0,first owner,delhi,35.0,24.6,180000,200.0,KTM,4,0.12300000000000001
TVS Apache RTR 180cc ABS 2019,2019,45.0,first owner,delhi,45.0,17.3,100000,180.0,TVS,5,0.09611111111111112
Hero Karizma R 223cc 2011,2011,23300.0,first owner,kolkata,40.0,17.0,30000,223.0,Hero,13,0.07623318385650224
KTM Duke 390cc 2018,2018,5610.0,first owner,delhi,25.0,42.9,195000,390.0,KTM,6,0.11
Bajaj Pulsar 180cc 2013,2013,34000.0,first owner,phagwara,65.0,15.0,31000,180.0,Bajaj,11,0.08333333333333333
KTM Duke 125cc 2019,2019,5000.0,second owner,delhi,40.0,14.3,105000,125.0,KTM,5,0.1144
Royal Enfield Classic 350cc 2017,2017,6000.0,first owner,delhi,35.0,19.8,130000,350.0,Royal Enfield,7,0.05657142857142857
Honda CB Unicorn ABS 150cc 2019,2019,60.0,first owner,delhi,60.0,14.0,90000,150.0,Honda,5,0.09333333333333334
KTM RC 390cc 2016,2016,10000.0,first owner,pune,26.0,42.3,160000,390.0,KTM,8,0.10846153846153846
Royal Enfield Classic 500cc 2012,2012,10635.0,third owner,bangalore,32.0,27.2,90000,500.0,Royal Enfield,12,0.0544
Bajaj Avenger 220cc 2016,2016,25000.0,second owner,visakhapatnam,40.0,19.0,65000,220.0,Bajaj,8,0.08636363636363636
Royal Enfield Classic 350cc 2015,2015,16500.0,first owner,pune,35.0,19.8,115000,350.0,Royal Enfield,9,0.05657142857142857
Bajaj Pulsar 150cc Rear Disc 2019,2019,65.0,first owner,patna,65.0,15.0,74600,150.0,Bajaj,5,0.1
Triumph Street Triple ABS 675cc 2016,2016,7800.0,third owner,mumbai,20.0,77.0,599999,675.0,Triumph,8,0.11407407407407408
Bajaj Avenger 220cc 2014,2014,30000.0,first owner,pune,40.0,19.0,59000,220.0,Bajaj,10,0.08636363636363636
Yamaha FZ25 250cc 2018,2018,40.0,first owner,delhi,43.0,20.3,125000,250.0,Yamaha,6,0.08120000000000001
Bajaj Dominar 400 ABS 2017,2017,28.0,first owner,bangalore,28.0,34.5,150000,400.0,Bajaj,7,0.08625
KTM Duke 390cc 2014,2014,11500.0,first owner,tirupati,25.0,44.0,145000,390.0,KTM,10,0.11282051282051282
Bajaj Avenger Street 150 2016,2016,39500.0,first owner,ghaziabad,50.0,14.3,37000,150.0,Bajaj,8,0.09533333333333334
Royal Enfield Classic 350cc 2018,2018,15000.0,first owner,delhi,35.0,19.8,133000,350.0,Royal Enfield,6,0.05657142857142857
Bajaj Pulsar 150cc 2008,2008,65.0,first owner,pune,65.0,14.85,30000,150.0,Bajaj,16,0.09899999999999999
Kawasaki ER-6n 650cc 2015,2015,6500.0,second owner,pune,17.0,71.0,275000,650.0,Kawasaki,9,0.10923076923076923
Royal Enfield Thunderbird X 350cc 2018,2018,26000.0,first owner,bangalore,40.0,19.8,141800,350.0,Royal Enfield,6,0.05657142857142857
Bajaj Pulsar RS200 2017,2017,35.0,first owner,surat,35.0,24.5,92100,200.0,Bajaj,7,0.1225
Bajaj Pulsar NS160 2017,2017,51000.0,first owner,jatani,40.0,15.5,48000,160.0,Bajaj,7,0.096875
TVS Apache RR310 Slipper Clutch 2019,2019,4444.0,first owner,mumbai,22.0,33.0,195000,310.0,TVS,5,0.1064516129032258
Bajaj Avenger Street 160 ABS FI BS6 2020,2020,3000.0,first owner,agra,53.72,14.79,110000,160.0,Bajaj,4,0.09243749999999999
Royal Enfield Bullet 350 cc 2001,2001,22000.0,first owner,margao,37.0,19.8,130000,200.0,Royal Enfield,23,0.099
Bajaj Pulsar NS200 2013,2013,35.0,first owner,delhi,35.0,23.19,42855,200.0,Bajaj,11,0.11595000000000001
Bajaj Pulsar 150cc 2013,2013,65.0,first owner,bijnor,65.0,14.85,30000,150.0,Bajaj,11,0.09899999999999999
Yamaha FZ16 150cc 2015,2015,58.0,first owner,tezpur,58.0,13.0,95000,150.0,Yamaha,9,0.08666666666666667
Royal Enfield Bullet Electra 350cc 2014,2014,72000.0,first owner,ghaziabad,40.0,19.8,91600,350.0,Royal Enfield,10,0.05657142857142857
Royal Enfield Classic 350cc 2018,2018,6093.0,first owner,faridabad,35.0,19.8,135000,350.0,Royal Enfield,6,0.05657142857142857
Royal Enfield Bullet Electra 350cc 2010,2010,27000.0,first owner,saharanpur,40.0,19.8,78000,350.0,Royal Enfield,14,0.05657142857142857
Royal Enfield Classic 350cc ABS 2019,2019,6000.0,first owner,bangalore,35.0,19.8,184100,350.0,Royal Enfield,5,0.05657142857142857
Bajaj Pulsar AS200 2016,2016,42.0,first owner,mumbai,42.0,23.2,55000,200.0,Bajaj,8,0.11599999999999999
TVS Apache RTR 160 4V DISC ABS BS6 2020,2020,1400.0,first owner,delhi,40.0,15.6,112000,160.0,TVS,4,0.0975
Yamaha YZF-R15 2.0 150cc 2016,2016,9800.0,first owner,pune,42.0,16.7,90000,150.0,Yamaha,8,0.11133333333333333
Royal Enfield Thunderbird 350cc 2016,2016,27500.0,first owner,pune,40.0,19.8,155000,350.0,Royal Enfield,8,0.05657142857142857
KTM RC 200cc 2017,2017,20000.0,first owner,chennai,35.0,25.1,155000,200.0,KTM,7,0.1255
Royal Enfield Himalayan 410cc 2016,2016,15600.0,second owner,delhi,32.0,24.5,99750,410.0,Royal Enfield,8,0.05975609756097561
Bajaj Dominar 400 ABS 2018,2018,28.0,first owner,hyderabad,28.0,34.5,118000,400.0,Bajaj,6,0.08625
Benelli 302R 300CC 2019,2019,12000.0,first owner,ranchi,40.0,38.26,269000,300.0,Benelli,5,0.12753333333333333
KTM Duke 390cc 2015,2015,35000.0,first owner,erode,25.0,44.0,150000,390.0,KTM,9,0.11282051282051282
Yamaha FZ V 2.0 150cc 2018,2018,58.0,first owner,silchar,58.0,13.0,75000,150.0,Yamaha,6,0.08666666666666667
Royal Enfield Classic 350cc 2018,2018,25000.0,first owner,baraut,35.0,19.8,155000,350.0,Royal Enfield,6,0.05657142857142857
Bajaj Pulsar RS200 ABS 2015,2015,35.0,first owner,manvi,35.0,24.16,100000,200.0,Bajaj,9,0.1208
Suzuki Gixxer SF 150cc 2015,2015,38000.0,first owner,guwahati,40.0,14.6,44000,150.0,Suzuki,9,0.09733333333333333
KTM Duke 390cc 2014,2014,32000.0,second owner,mangalore,25.0,44.0,130000,390.0,KTM,10,0.11282051282051282
KTM Duke 250cc 2017,2017,12337.0,first owner,delhi,40.0,29.6,148000,250.0,KTM,7,0.1184
Bajaj Pulsar RS200 2017,2017,35.0,second owner,indore,35.0,24.5,125000,200.0,Bajaj,7,0.1225
Royal Enfield Classic Gunmetal Grey 350cc ABS 2019,2019,2500.0,first owner,delhi,35.0,19.8,180000,350.0,Royal Enfield,5,0.05657142857142857
KTM Duke 200cc 2018,2018,38738.0,first owner,hyderabad,35.0,24.6,145250,200.0,KTM,6,0.12300000000000001
Jawa Forty Two 295CC 2019,2019,47000.0,second owner,hyderabad,40.0,27.0,160000,295.0,Jawa,5,0.09152542372881356
Yamaha FZ 150cc 2015,2015,58.0,first owner,bangalore,58.0,13.0,55000,150.0,Yamaha,9,0.08666666666666667
Jawa Forty Two 295CC 2019,2019,4600.0,first owner,hyderabad,40.0,27.0,155000,295.0,Jawa,5,0.09152542372881356
Hero Xtreme Sports Rear Disc 150cc 2018,2018,13000.0,first owner,hyderabad,45.0,11.64,63000,150.0,Hero,6,0.0776
Honda CBF Stunner 125cc 2009,2009,65.0,first owner,chennai,65.0,11.0,25000,125.0,Honda,15,0.088
Hero Karizma R 223cc 2015,2015,42000.0,first owner,bangalore,40.0,17.0,40000,223.0,Hero,9,0.07623318385650224
TVS Apache RTR 180cc ABS 2017,2017,45.0,third owner,ghaziabad,45.0,17.3,48900,180.0,TVS,7,0.09611111111111112
Royal Enfield Bullet 350cc 2019,2019,15000.0,first owner,delhi,40.0,19.8,115000,350.0,Royal Enfield,5,0.05657142857142857
Bajaj Pulsar NS200 2015,2015,26000.0,first owner,bhopal,40.0,24.2,62000,200.0,Bajaj,9,0.121
Hero HF Deluxe 100cc 2013,2013,16615.0,first owner,jaipur,83.0,7.7,25000,100.0,Hero,11,0.077
Suzuki Gixxer SF 150cc SP Rear Disc 2017,2017,19000.0,first owner,bangalore,40.0,14.6,72500,150.0,Suzuki,7,0.09733333333333333
Yamaha FZS-FI V 3.0 150cc ABS BS6 2020,2020,9600.0,first owner,noida,58.0,12.2,96800,150.0,Yamaha,4,0.08133333333333333
Royal Enfield Classic 350cc 2015,2015,14500.0,first owner,vadodara,35.0,19.8,115300,350.0,Royal Enfield,9,0.05657142857142857
Royal Enfield Classic 350cc 2014,2014,14000.0,first owner,kolkata,35.0,19.8,112900,350.0,Royal Enfield,10,0.05657142857142857
Royal Enfield Classic 350cc ABS 2019,2019,17520.0,first owner,ghaziabad,35.0,19.8,149300,350.0,Royal Enfield,5,0.05657142857142857
Suzuki Intruder 150cc FI 2018,2018,34000.0,first owner,surat,40.0,14.6,76500,150.0,Suzuki,6,0.09733333333333333
Suzuki Gixxer 150cc 2016,2016,46530.0,first owner,ahmedabad,63.0,14.0,43000,150.0,Suzuki,8,0.09333333333333334
Bajaj Pulsar NS200 2017,2017,42.0,first owner,ghaziabad,42.0,23.2,70000,200.0,Bajaj,7,0.11599999999999999
Honda CB Shine 125cc 2016,2016,65.0,first owner,jhansi,65.0,10.0,57000,125.0,Honda,8,0.08
Bajaj Pulsar 150cc Classic 2019,2019,65.0,second owner,junagadh,65.0,13.8,60000,150.0,Bajaj,5,0.092
Bajaj Avenger Street 150 2017,2017,30000.0,first owner,indore,45.0,14.3,48750,150.0,Bajaj,7,0.09533333333333334
Yamaha YZF-R15 V3 150cc 2019,2019,10000.0,first owner,chennai,40.0,18.7,135000,150.0,Yamaha,5,0.12466666666666666
Bajaj Pulsar NS200 2013,2013,35.0,second owner,bangalore,35.0,23.19,48400,200.0,Bajaj,11,0.11595000000000001
Royal Enfield Classic 350cc 2014,2014,19000.0,first owner,bangalore,35.0,19.8,119500,350.0,Royal Enfield,10,0.05657142857142857
Hero Splendor ISmart Self Drum Alloy 2016,2016,30671.0,first owner,panipat,45.0,7.0,34000,97.0,Hero,8,0.07216494845360824
KTM Duke 390cc 2017,2017,17300.0,second owner,gurgaon,25.0,42.9,165000,390.0,KTM,7,0.11
KTM Duke 250cc 2018,2018,22000.0,first owner,hyderabad,40.0,29.6,153100,250.0,KTM,6,0.1184
Royal Enfield Classic Desert Storm 500cc 2014,2014,26000.0,first owner,hyderabad,32.0,27.2,120000,500.0,Royal Enfield,10,0.0544
Yamaha FZs 150cc 2019,2019,11186.0,first owner,delhi,45.0,13.0,85000,150.0,Yamaha,5,0.08666666666666667
TVS Apache RTR 160 4V DISC ABS 2019,2019,43000.0,first owner,bangalore,40.0,16.1,85000,160.0,TVS,5,0.100625
Royal Enfield Bullet Twinspark 350cc 2017,2017,37.0,first owner,jalandhar,37.0,19.8,110000,350.0,Royal Enfield,7,0.05657142857142857
Bajaj Avenger Cruise 220 2018,2018,1800.0,first owner,bangalore,35.0,19.0,75400,220.0,Bajaj,6,0.08636363636363636
Royal Enfield Bullet Electra Twinspark 350cc 2018,2018,15000.0,first owner,pune,35.0,19.8,126600,350.0,Royal Enfield,6,0.05657142857142857
Bajaj Dominar 400 ABS 2019,2019,28.0,first owner,hazaribagh,28.0,34.5,170000,400.0,Bajaj,5,0.08625
Bajaj Avenger Street 150 2016,2016,25000.0,first owner,bangalore,50.0,14.3,55000,150.0,Bajaj,8,0.09533333333333334
Honda CBR 150R 150cc 2012,2012,39809.0,first owner,delhi,38.0,18.28,75000,150.0,Honda,12,0.12186666666666668
Honda CBR 150R 150cc 2012,2012,5500.0,first owner,pune,38.0,18.28,69000,150.0,Honda,12,0.12186666666666668
Royal Enfield Classic 350cc 2017,2017,30000.0,first owner,delhi,35.0,19.8,150000,350.0,Royal Enfield,7,0.05657142857142857
TVS Apache RTR 200 4V FI 2017,2017,40.0,first owner,chennai,40.0,20.7,78100,200.0,TVS,7,0.1035
Royal Enfield Thunderbird 500cc 2014,2014,70000.0,second owner,pune,25.0,27.2,120000,500.0,Royal Enfield,10,0.0544
Hero Super Splendor 125cc 2018,2018,7329.0,first owner,ludhiana,75.0,9.0,44000,125.0,Hero,6,0.072
Royal Enfield Bullet 500cc 2016,2016,7000.0,second owner,silvasa,25.0,26.37,171000,500.0,Royal Enfield,8,0.05274
Yamaha FZ V 2.0 150cc 2018,2018,58.0,first owner,hyderabad,58.0,13.0,70000,150.0,Yamaha,6,0.08666666666666667
Yamaha YZF-R15 2.0 150cc 2015,2015,34786.0,second owner,pilibhit,42.0,16.7,70700,150.0,Yamaha,9,0.11133333333333333
Bajaj Dominar 400 ABS 2018,2018,28.0,first owner,vellore,28.0,34.5,135000,400.0,Bajaj,6,0.08625
Hero Passion Xpro Disc 2018,2018,31000.0,first owner,cuddalore,55.0,8.0,37500,109.0,Hero,6,0.07339449541284404
Yamaha FZ25 250cc 2017,2017,26000.0,first owner,chennai,43.0,20.3,95000,250.0,Yamaha,7,0.08120000000000001
Royal Enfield Continental GT Twin 650cc 2017,2017,8000.0,first owner,chennai,40.0,47.0,290000,650.0,Royal Enfield,7,0.07230769230769231
Royal Enfield Classic 350cc 2016,2016,7500.0,first owner,mumbai,35.0,19.8,124500,350.0,Royal Enfield,8,0.05657142857142857
TVS Apache RTR 200 4V Carburetor 2019,2019,40.0,first owner,mumbai,40.0,20.7,92337,200.0,TVS,5,0.1035
KTM Duke 200cc ABS BS6 2020,2020,3500.0,first owner,mumbai,35.0,24.6,165000,200.0,KTM,4,0.12300000000000001
Royal Enfield Thunderbird 350cc 2015,2015,12000.0,first owner,bangalore,40.0,19.8,110000,350.0,Royal Enfield,9,0.05657142857142857
Suzuki Intruder 150cc 2018,2018,3100.0,first owner,kolkata,40.0,14.6,79999,150.0,Suzuki,6,0.09733333333333333
Yamaha FZ S V 2.0 150cc 2019,2019,58.0,first owner,thane,58.0,13.0,75000,150.0,Yamaha,5,0.08666666666666667
Royal Enfield Classic 350cc Dual Disc 2019,2019,26000.0,first owner,hyderabad,35.0,19.8,160000,350.0,Royal Enfield,5,0.05657142857142857
Royal Enfield Classic 350cc 2017,2017,16000.0,first owner,delhi,35.0,19.8,114900,350.0,Royal Enfield,7,0.05657142857142857
Bajaj Pulsar RS200 2016,2016,35.0,second owner,ahmedabad,35.0,24.5,77100,200.0,Bajaj,8,0.1225
Bajaj Dominar 400 ABS 2019,2019,28.0,first owner,kangra,28.0,34.5,185000,400.0,Bajaj,5,0.08625
Bajaj V15 150cc 2016,2016,11500.0,first owner,gurgaon,57.0,11.8,30000,150.0,Bajaj,8,0.07866666666666668
Bajaj V12 125cc 2017,2017,12500.0,first owner,gurgaon,57.0,12.0,34000,125.0,Bajaj,7,0.096
Bajaj Pulsar 150cc 2018,2018,65.0,first owner,gurgaon,65.0,15.0,60000,150.0,Bajaj,6,0.1
Yamaha YZF-R15 S 150cc 2018,2018,21000.0,first owner,hyderabad,42.0,16.0,95000,150.0,Yamaha,6,0.10666666666666667
Hero Glamour i3s 125cc BS6 2020,2020,17000.0,first owner,delhi,55.0,10.72,62000,125.0,Hero,4,0.08576
UM Renegade Sport S 2018,2018,20000.0,first owner,delhi,35.0,24.8,70000,279.0,UM,6,0.08888888888888889
TVS Apache RTR 180cc ABS BS6 2021,2021,45.0,first owner,haridwar,45.0,16.3,116300,180.0,TVS,3,0.09055555555555556
Royal Enfield Thunderbird 350cc 2014,2014,40000.0,first owner,hyderabad,40.0,19.8,71300,350.0,Royal Enfield,10,0.05657142857142857
Bajaj Avenger Cruise 220 ABS FI BS6 2020,2020,14999.0,first owner,gurgaon,35.0,18.76,112999,220.0,Bajaj,4,0.08527272727272728
Royal Enfield Classic 350cc 2016,2016,17900.0,first owner,jalandhar,35.0,19.8,135000,350.0,Royal Enfield,8,0.05657142857142857
Yamaha Fazer FI V 2.0 150cc 2016,2016,45.0,first owner,mumbai,45.0,13.0,53950,150.0,Yamaha,8,0.08666666666666667
Bajaj Pulsar 220cc 2008,2008,48000.0,second owner,roorkee,38.0,21.0,18000,220.0,Bajaj,16,0.09545454545454546
Bajaj Pulsar 220cc 2008,2008,24000.0,first owner,bhiwani,38.0,21.0,19655,220.0,Bajaj,16,0.09545454545454546
Royal Enfield Classic 350cc ABS Airborne BS6 2020,2020,7000.0,first owner,noida,35.0,19.1,185000,350.0,Royal Enfield,4,0.054571428571428576
Bajaj Pulsar 150cc 2006,2006,65.0,first owner,noida,65.0,14.85,9600,150.0,Bajaj,18,0.09899999999999999
Ideal Jawa Yezdi Delux 250 cc 1978,1978,85000.0,first owner,chikamaglur,40.0,19.0,100000,200.0,Jawa,46,0.095
Hero Splendor Plus Self Alloy 100cc 2018,2018,17700.0,first owner,ahmedabad,55.0,8.2,49000,100.0,Hero,6,0.08199999999999999
Yamaha YZF-R15 2.0 150cc 2012,2012,27400.0,first owner,pune,42.0,16.7,75000,150.0,Yamaha,12,0.11133333333333333
Bajaj Avenger Cruise 220 2016,2016,25198.0,first owner,chennai,35.0,19.0,60000,220.0,Bajaj,8,0.08636363636363636
Hero Xtreme Sports 150cc 2016,2016,80000.0,first owner,kanchrapara,55.0,15.6,47000,150.0,Hero,8,0.104
Royal Enfield Classic Gunmetal Grey 350cc ABS 2019,2019,7800.0,first owner,coimbatore,35.0,19.8,180000,350.0,Royal Enfield,5,0.05657142857142857
KTM RC 200cc ABS 2020,2020,2200.0,first owner,pune,35.0,25.1,190000,200.0,KTM,4,0.1255
Bajaj Platina 125cc 2009,2009,82.0,first owner,delhi,82.0,8.5,19000,125.0,Bajaj,15,0.068
Hero Passion Xpro Drum 2018,2018,64000.0,first owner,dehradun,55.0,8.0,36000,109.0,Hero,6,0.07339449541284404
Royal Enfield Classic Stealth Black 500cc 2018,2018,20500.0,first owner,mumbai,32.0,27.2,166000,500.0,Royal Enfield,6,0.0544
Royal Enfield Classic 350cc-Redditch Edition 2017,2017,10000.0,first owner,rohtak,35.0,19.8,121000,350.0,Royal Enfield,7,0.05657142857142857
Royal Enfield Thunderbird 350cc 2015,2015,17800.0,second owner,ahmedabad,40.0,19.8,100000,350.0,Royal Enfield,9,0.05657142857142857
Royal Enfield Classic 350 S ABS 2019,2019,5500.0,first owner,allahabad,35.0,19.8,180000,350.0,Royal Enfield,5,0.05657142857142857
Bajaj Avenger Street 150 2016,2016,35000.0,second owner,indore,50.0,14.3,65000,150.0,Bajaj,8,0.09533333333333334
Benelli TNT 600 GT 2016,2016,11000.0,first owner,chandigarh,19.0,82.7,497000,600.0,Benelli,8,0.13783333333333334
Royal Enfield Thunderbird 350cc 2016,2016,20450.0,first owner,faridabad,40.0,19.8,110000,350.0,Royal Enfield,8,0.05657142857142857
Hyosung Aquila GV250 2016,2016,26400.0,second owner,ghaziabad,27.0,26.21,141100,250.0,Hyosung,8,0.10484
Royal Enfield Classic 350cc 2015,2015,25600.0,first owner,chandigarh,35.0,19.8,115000,350.0,Royal Enfield,9,0.05657142857142857
Royal Enfield Classic Desert Storm 500cc 2014,2014,15000.0,first owner,bangalore,32.0,27.2,135000,500.0,Royal Enfield,10,0.0544
Royal Enfield Thunderbird 350cc 2017,2017,18000.0,first owner,sangli,40.0,19.8,135000,350.0,Royal Enfield,7,0.05657142857142857
Yamaha YZF-R15 V3 150cc Darknight edition BS6 2020,2020,4000.0,second owner,delhi,40.0,18.3,52500,150.0,Yamaha,4,0.12200000000000001
Harley-Davidson Street Bob 2012,2012,44000.0,first owner,pune,40.0,19.0,480000,1868.0,Harley-Davidson,12,0.010171306209850108
Royal Enfield Interceptor 650cc 2019,2019,5000.0,first owner,hyderabad,40.0,47.0,265000,650.0,Royal Enfield,5,0.07230769230769231
Honda CBR 250R 2016,2016,38.0,first owner,pune,38.0,26.15,85000,250.0,Honda,8,0.1046
Yamaha FZ-FI V 3.0 150cc ABS BS6 2020,2020,800.0,first owner,koraput,40.0,12.2,119000,150.0,Yamaha,4,0.08133333333333333
Bajaj Pulsar 220cc 2011,2011,57000.0,first owner,surat,38.0,21.0,18500,220.0,Bajaj,13,0.09545454545454546
Yamaha Fazer 150cc 2013,2013,45.0,first owner,mumbai,45.0,13.0,51000,150.0,Yamaha,11,0.08666666666666667
Royal Enfield Thunderbird 350cc 2017,2017,22900.0,first owner,ranchi,40.0,19.8,115000,350.0,Royal Enfield,7,0.05657142857142857
KTM Duke 200cc 2015,2015,3500.0,first owner,hyderabad,35.0,25.0,110000,200.0,KTM,9,0.125
Hero Passion Pro 100cc 2016,2016,30000.0,first owner,hyderabad,5.0,8.2,46000,100.0,Hero,8,0.08199999999999999
UM Renegade Commando Classic 2018,2018,3000.0,first owner,surat,35.0,25.0,133500,279.0,UM,6,0.08960573476702509
Bajaj Pulsar RS200 2017,2017,35.0,first owner,yamuna nagar,35.0,24.5,110000,200.0,Bajaj,7,0.1225
TVS Apache RTR 160cc 2016,2016,60.0,second owner,delhi,60.0,15.2,39500,160.0,TVS,8,0.095
Bajaj Discover 125cc 2013,2013,36000.0,first owner,pune,65.0,12.5,38000,125.0,Bajaj,11,0.1
Royal Enfield Thunderbird 350cc 2014,2014,28000.0,first owner,ahmedabad,40.0,19.8,100000,350.0,Royal Enfield,10,0.05657142857142857
UM Renegade Commando Classic 2018,2018,10300.0,first owner,kanpur,35.0,25.0,125000,279.0,UM,6,0.08960573476702509
Hero Passion Xpro 110cc 2019,2019,14000.0,first owner,delhi,55.0,8.0,48000,110.0,Hero,5,0.07272727272727272
TVS Apache RTR 160 4V Disc 2018,2018,2400.0,first owner,mumbai,40.0,16.1,85000,160.0,TVS,6,0.100625
Hero Karizma R 223cc 2009,2009,36826.0,first owner,dewas,40.0,17.0,30000,223.0,Hero,15,0.07623318385650224
Hero Splendor iSmart 100cc 2016,2016,24344.0,first owner,gurgaon,55.0,8.2,30000,100.0,Hero,8,0.08199999999999999
TVS Apache RTR 200 4V FI 2017,2017,40.0,first owner,ahmedabad,40.0,20.7,90000,200.0,TVS,7,0.1035
Royal Enfield Classic 350cc 2018,2018,10500.0,second owner,jaipur,35.0,19.8,165000,350.0,Royal Enfield,6,0.05657142857142857
Triumph Tiger Explorer 2015,2015,24000.0,first owner,bangalore,19.0,135.0,1299000,1215.0,Triumph,9,0.1111111111111111
Royal Enfield Himalayan 410cc Fi ABS 2020,2020,5500.0,first owner,chennai,32.0,24.5,188000,410.0,Royal Enfield,4,0.05975609756097561
Yamaha YZF-R15 2.0 150cc 2014,2014,25000.0,second owner,ludhiana,42.0,16.7,65000,150.0,Yamaha,10,0.11133333333333333
Bajaj Dominar 400 ABS BS6 2021,2021,28.0,first owner,ghaziabad,28.0,39.42,235000,400.0,Bajaj,3,0.09855
Royal Enfield Classic 500cc 2017,2017,17400.0,first owner,pune,35.0,27.2,175000,500.0,Royal Enfield,7,0.0544
Bajaj Pulsar 180cc 2014,2014,9300.0,third owner,pune,45.0,17.0,35000,180.0,Bajaj,10,0.09444444444444444
Honda SP125 Disc BS6 2019,2019,16500.0,first owner,pune,40.0,10.6,75000,125.0,Honda,5,0.0848
Hero CD Deluxe 100cc 2012,2012,38150.0,first owner,jaipur,65.0,7.7,25000,100.0,Hero,12,0.077
Honda CBR 250R 2011,2011,23000.0,first owner,mumbai,29.0,26.15,50000,250.0,Honda,13,0.1046
Hero Super Splendor 125cc 2006,2006,85000.0,first owner,indore,75.0,9.0,20000,125.0,Hero,18,0.072
Hyosung GT250R 2020,2020,208.0,first owner,chennai,30.0,28.0,220000,250.0,Hyosung,4,0.112
TVS Apache 150cc 2011,2011,45.0,first owner,ghaziabad,45.0,13.7,30000,150.0,TVS,13,0.09133333333333332
Honda CB Hornet 160R CBS 2018,2018,52.0,second owner,bhopal,52.0,15.44,68000,160.0,Honda,6,0.0965
Honda Dream Yuga 110cc CBS 2019,2019,84.0,first owner,kanpur,84.0,8.25,54000,110.0,Honda,5,0.075
Bajaj Pulsar NS200 2017,2017,42.0,first owner,bangalore,42.0,23.2,75000,200.0,Bajaj,7,0.11599999999999999
Royal Enfield Standard 350cc 2016,2016,37.0,first owner,faridabad,37.0,19.8,90000,350.0,Royal Enfield,8,0.05657142857142857
Honda CBR 150R 150cc 2017,2017,38.0,first owner,mumbai,38.0,18.28,77000,150.0,Honda,7,0.12186666666666668
Royal Enfield Bullet Twinspark 350cc 2017,2017,37.0,first owner,bhiwani,37.0,19.8,125000,350.0,Royal Enfield,7,0.05657142857142857
Suzuki Gixxer SF 150cc 2015,2015,49000.0,first owner,lucknow,40.0,14.6,43000,150.0,Suzuki,9,0.09733333333333333
Royal Enfield Classic 350cc 2016,2016,42000.0,first owner,delhi,35.0,19.8,125000,350.0,Royal Enfield,8,0.05657142857142857
Bajaj Pulsar AS200 2016,2016,42.0,first owner,gurgaon,42.0,23.2,45600,200.0,Bajaj,8,0.11599999999999999
Bajaj Pulsar 180cc 2012,2012,67000.0,first owner,jaipur,45.0,17.0,26000,180.0,Bajaj,12,0.09444444444444444
Royal Enfield Thunderbird 350cc 2018,2018,3808.0,second owner,ranchi,40.0,19.8,135000,350.0,Royal Enfield,6,0.05657142857142857
Kawasaki Ninja 1000 2020,2020,2600.0,first owner,mumbai,15.0,140.0,1089375,1000.0,Kawasaki,4,0.14
Triumph Bonneville T120 2015,2015,17000.0,second owner,mumbai,18.0,79.0,440937,120.0,Triumph,9,0.6583333333333333
KTM RC 200cc ABS BS6 2021,2021,4000.0,first owner,mumbai,35.0,24.6,207500,200.0,KTM,3,0.12300000000000001
Royal Enfield Interceptor 650cc BS6 2020,2020,25.0,first owner,delhi,25.0,47.0,268000,650.0,Royal Enfield,4,0.07230769230769231
 Bajaj CT100 B 2016                                                ,2016,30000.0,first owner,mumbai,67.0,8.1,32000,100.0,Bajaj,8,0.081
Yamaha FZ25 250cc 2017,2017,30000.0,third owner,bangalore,43.0,20.3,80000,250.0,Yamaha,7,0.08120000000000001
Bajaj Avenger Cruise 220 2018,2018,7781.0,second owner,pune,35.0,19.0,55250,220.0,Bajaj,6,0.08636363636363636
Royal Enfield Classic 350cc Signals Edition 2019,2019,10629.0,first owner,bahadurgarh,35.0,19.8,160000,350.0,Royal Enfield,5,0.05657142857142857
Bajaj CT 100 100cc 2018,2018,15999.0,first owner,gurgaon,89.0,8.1,28000,100.0,Bajaj,6,0.081
Hero Passion Pro i3S Alloy 100cc IBS 2019,2019,19600.0,first owner,jaipur,84.0,8.2,67000,100.0,Hero,5,0.08199999999999999
UM Renegade Commando 2017,2017,27000.0,first owner,hyderabad,35.0,24.8,89000,279.0,UM,7,0.08888888888888889
Royal Enfield Bullet 350 cc 1982,1982,21000.0,first owner,nashik,40.0,19.0,170000,200.0,Royal Enfield,42,0.095
Bajaj Discover 125cc Disc 2019,2019,11560.0,first owner,gurgaon,65.0,10.9,36000,125.0,Bajaj,5,0.0872
Honda CB Hornet 160R Special Edition STD 2018,2018,52.0,first owner,thane,52.0,15.44,88000,160.0,Honda,6,0.0965
Honda CBR 250R 2016,2016,38.0,first owner,mumbai,38.0,26.15,86000,250.0,Honda,8,0.1046
Honda CBR 250R 2014,2014,38.0,second owner,mumbai,38.0,26.15,62800,250.0,Honda,10,0.1046
Royal Enfield Electra 350cc 2019,2019,5000.0,first owner,ahmedabad,25.0,19.8,105000,350.0,Royal Enfield,5,0.05657142857142857
Royal Enfield Classic Gunmetal Grey 350cc 2019,2019,30000.0,first owner,thane,35.0,19.8,160000,350.0,Royal Enfield,5,0.05657142857142857
Bajaj Avenger Street 150 2016,2016,50000.0,first owner,bagalkot,50.0,14.3,44600,150.0,Bajaj,8,0.09533333333333334
Bajaj V15 150cc 2016,2016,35600.0,first owner,kolkata,57.0,11.8,36000,150.0,Bajaj,8,0.07866666666666668
Bajaj V15 150cc 2017,2017,23431.0,first owner,gurgaon,57.0,11.8,32000,150.0,Bajaj,7,0.07866666666666668
TVS Apache RTR 200 4V ABS 2018,2018,40.0,first owner,delhi,40.0,20.23,80000,200.0,TVS,6,0.10115
Suzuki Gixxer Fi 150cc ABS 2019,2019,25000.0,first owner,rajahmundry,40.0,14.6,91300,150.0,Suzuki,5,0.09733333333333333
Kawasaki Ninja 300cc 2019,2019,11500.0,first owner,bangalore,25.0,39.0,280000,300.0,Kawasaki,5,0.13
UM Renegade Commando 2017,2017,19500.0,first owner,hyderabad,35.0,24.8,85000,279.0,UM,7,0.08888888888888889
Hero Splendor Plus i3s 2018,2018,16000.0,first owner,delhi,81.0,8.2,48000,97.0,Hero,6,0.0845360824742268
Bajaj Avenger Street 150 2017,2017,89000.0,second owner,jaipur,45.0,14.3,47000,150.0,Bajaj,7,0.09533333333333334
Bajaj V15 150cc 2017,2017,37000.0,second owner,ahmedabad,57.0,11.8,40000,150.0,Bajaj,7,0.07866666666666668
KTM Duke 200cc 2014,2014,20000.0,first owner,gautam buddha nagar,35.0,25.0,85000,200.0,KTM,10,0.125
Royal Enfield Classic Squadron Blue 500cc 2016,2016,24000.0,first owner,mumbai,25.0,27.2,140000,500.0,Royal Enfield,8,0.0544
Royal Enfield Classic 350cc 2016,2016,39000.0,first owner,kochi,35.0,19.8,98800,350.0,Royal Enfield,8,0.05657142857142857
Hero CBZ Xtreme 150cc 2008,2008,50000.0,first owner,meerut,65.0,14.4,16000,150.0,Hero,16,0.096
Yamaha FZ 150cc 2013,2013,58.0,first owner,bangalore,58.0,13.0,46000,150.0,Yamaha,11,0.08666666666666667
KTM RC 125CC 2020,2020,10429.0,first owner,ahmedabad,40.0,14.5,150000,125.0,KTM,4,0.116
Bajaj Pulsar 150cc 2018,2018,65.0,first owner,ahmedabad,65.0,15.0,72000,150.0,Bajaj,6,0.1
Hero Xtreme 200S BS6 2021,2021,670.0,first owner,delhi,40.0,17.8,105000,200.0,Hero,3,0.08900000000000001
Hero Splendor Plus 100cc 2017,2017,10000.0,first owner,pune,81.0,8.2,60000,100.0,Hero,7,0.08199999999999999
Royal Enfield Classic 350cc 2019,2019,14188.0,first owner,pune,35.0,19.8,185000,350.0,Royal Enfield,5,0.05657142857142857
Hero Passion Pro 110cc Drum BS6 2021,2021,236.0,first owner,pune,40.0,9.02,80000,110.0,Hero,3,0.08199999999999999
Bajaj Boxer AR100 2001,2001,33500.0,first owner,nashik,72.0,12.0,20000,100.0,Bajaj,23,0.12
Bajaj Pulsar NS160 Rear Disc 2018,2018,23254.0,first owner,hyderabad,40.0,15.5,72500,160.0,Bajaj,6,0.096875
Yamaha FZ-FI V 3.0 150cc ABS BS6 2020,2020,5800.0,first owner,sivakasi,40.0,12.2,115000,150.0,Yamaha,4,0.08133333333333333
Royal Enfield Thunderbird 350cc 2010,2010,30300.0,second owner,delhi,35.0,19.8,51000,350.0,Royal Enfield,14,0.05657142857142857
Hero Hunk 150cc 2013,2013,51000.0,first owner,jaipur,53.0,14.0,35000,150.0,Hero,11,0.09333333333333334
Royal Enfield Classic 350cc 2018,2018,9000.0,first owner,delhi,35.0,19.8,135000,350.0,Royal Enfield,6,0.05657142857142857
Royal Enfield Thunderbird 350cc ABS 2019,2019,6700.0,first owner,bangalore,40.0,19.8,170000,350.0,Royal Enfield,5,0.05657142857142857
Yamaha YZF-R15 150cc 2013,2013,12241.0,first owner,pune,42.0,16.0,51700,150.0,Yamaha,11,0.10666666666666667
Honda CBR 250R 2016,2016,38.0,second owner,agartala,38.0,26.15,112000,250.0,Honda,8,0.1046
Honda CBR 150R 150cc 2017,2017,38.0,first owner,delhi,38.0,18.28,110000,150.0,Honda,7,0.12186666666666668
Bajaj Pulsar RS200 ABS 2017,2017,35.0,first owner,hyderabad,35.0,24.5,139900,200.0,Bajaj,7,0.1225
Hero Passion Plus 100cc 2004,2004,57000.0,first owner,aligarh,55.0,7.5,18000,100.0,Hero,20,0.075
Royal Enfield Meteor 350 Fireball 2020,2020,12500.0,first owner,delhi,40.0,20.2,190000,350.0,Royal Enfield,4,0.05771428571428571
Royal Enfield Bullet 350cc 2006,2006,26000.0,third owner,kochi,37.0,19.8,90000,350.0,Royal Enfield,18,0.05657142857142857
Hero Splendor Pro 100cc 2016,2016,57000.0,first owner,alanganallur,81.0,8.2,40000,100.0,Hero,8,0.08199999999999999
Bajaj Avenger Street 220 2016,2016,17000.0,second owner,thane,53.0,19.0,60000,220.0,Bajaj,8,0.08636363636363636
Yamaha FZ V 2.0 150cc 2014,2014,58.0,first owner,surat,58.0,13.0,44000,150.0,Yamaha,10,0.08666666666666667
Honda CB Unicorn 160 CBS 2016,2016,52.0,second owner,kamareddy,52.0,13.82,35100,160.0,Honda,8,0.08637500000000001
Royal Enfield Classic 350cc 2014,2014,17000.0,first owner,delhi,35.0,19.8,110000,350.0,Royal Enfield,10,0.05657142857142857
Royal Enfield Classic 350cc 2017,2017,25000.0,first owner,kanchipuram,35.0,19.8,128000,350.0,Royal Enfield,7,0.05657142857142857
Royal Enfield Classic 350cc-Redditch Edition 2017,2017,6200.0,first owner,noida,35.0,19.8,130000,350.0,Royal Enfield,7,0.05657142857142857
Suzuki Gixxer 150cc 2017,2017,19269.0,first owner,bangalore,63.0,14.0,85000,150.0,Suzuki,7,0.09333333333333334
Bajaj Pulsar 150cc 2017,2017,65.0,second owner,jaipur,65.0,15.0,36000,150.0,Bajaj,7,0.1
Bajaj V15 150cc 2017,2017,4200.0,first owner,kolkata,57.0,11.8,49000,150.0,Bajaj,7,0.07866666666666668
Hero Passion Plus 100cc 2007,2007,50000.0,first owner,indore,55.0,7.5,27000,100.0,Hero,17,0.075
Bajaj Pulsar 180cc 2011,2011,41000.0,first owner,narnaul,65.0,15.0,25000,180.0,Bajaj,13,0.08333333333333333
Hero Splendor 100cc 1994,1994,366600.0,fourth owner or more,jaipur,45.0,7.44,36508,100.0,Hero,30,0.07440000000000001
Bajaj Avenger 220cc 2012,2012,98000.0,first owner,jaipur,40.0,19.0,26000,220.0,Bajaj,12,0.08636363636363636
Hero Xtreme 160R Dual Disc BS6 2020,2020,30000.0,first owner,jaipur,55.47,15.0,66000,160.0,Hero,4,0.09375
Hero Xtreme 160R Dual Disc BS6 2020,2020,34000.0,first owner,jaipur,55.47,15.0,66000,160.0,Hero,4,0.09375
Hero Xtreme 160R Dual Disc BS6 2020,2020,20000.0,first owner,jaipur,55.47,15.0,66000,160.0,Hero,4,0.09375
Honda CB Hornet 160R CBS 2017,2017,52.0,first owner,chennai,52.0,15.44,45000,160.0,Honda,7,0.0965
TVS Apache RTR 200 4V Carburetor Pirelli Tyres Race Edition 2.0 2018,2018,10000.0,first owner,bangalore,40.0,16.1,80000,200.0,TVS,6,0.0805
Jawa Perak 330cc 2020,2020,2300.0,first owner,hyderabad,40.0,30.0,204100,330.0,Jawa,4,0.09090909090909091
Yamaha FZs 150cc 2015,2015,28823.0,first owner,bangalore,45.0,13.0,58000,150.0,Yamaha,9,0.08666666666666667
Yamaha YZF-R15 150cc 2016,2016,42000.0,first owner,chennai,42.0,16.0,69800,150.0,Yamaha,8,0.10666666666666667
Bajaj Pulsar 150cc 2010,2010,65.0,second owner,gorakhpur,65.0,14.85,25000,150.0,Bajaj,14,0.09899999999999999
KTM Duke 200cc 2015,2015,13300.0,first owner,bangalore,35.0,25.0,135000,200.0,KTM,9,0.125
Hero Passion Plus 100cc 2009,2009,60000.0,first owner,bangalore,55.0,7.5,30000,100.0,Hero,15,0.075
Bajaj Pulsar 150cc 2013,2013,65.0,first owner,bangalore,65.0,14.85,35000,150.0,Bajaj,11,0.09899999999999999
TVS Apache RTR 180cc ABS 2019,2019,45.0,first owner,jodhpur,45.0,17.3,85000,180.0,TVS,5,0.09611111111111112
Yamaha FZS FI 150cc 2019,2019,462.0,first owner,bulandshahr,52.0,12.9,85000,150.0,Yamaha,5,0.08600000000000001
Royal Enfield Thunderbird 350cc 2016,2016,5979.0,first owner,patna,40.0,19.8,80000,350.0,Royal Enfield,8,0.05657142857142857
Yamaha YZF-R15 V3 150CC Dual Channel ABS BS6 2020,2020,15600.0,first owner,zirakpur,40.0,18.3,125000,150.0,Yamaha,4,0.12200000000000001
Hero Passion Pro 100cc 2019,2019,19000.0,first owner,bharatpur,5.0,8.2,49400,100.0,Hero,5,0.08199999999999999
Suzuki Intruder 150cc 2018,2018,10000.0,first owner,ghaziabad,40.0,14.6,75000,150.0,Suzuki,6,0.09733333333333333
Royal Enfield Thunderbird 350cc 2018,2018,5600.0,first owner,ahmedabad,40.0,19.8,142800,350.0,Royal Enfield,6,0.05657142857142857
Yamaha RX135 135cc 4-Speed 1998,1998,14000.0,third owner,allahabad,40.0,14.0,50000,135.0,Yamaha,26,0.1037037037037037
Bajaj Pulsar 180cc 2016,2016,65000.0,first owner,pune,65.0,17.0,51000,180.0,Bajaj,8,0.09444444444444444
Bajaj Dominar 400 ABS 2019,2019,28.0,first owner,mumbai,28.0,34.5,186750,400.0,Bajaj,5,0.08625
KTM Duke 390cc 2020,2020,14000.0,first owner,mumbai,25.0,42.9,259375,390.0,KTM,4,0.11
KTM Duke 200cc ABS 2019,2019,15000.0,first owner,mumbai,35.0,24.6,181562,200.0,KTM,5,0.12300000000000001
Royal Enfield Classic 350cc 2019,2019,4500.0,first owner,mumbai,35.0,19.8,181562,350.0,Royal Enfield,5,0.05657142857142857
Royal Enfield Classic 350cc 2018,2018,4500.0,first owner,mumbai,35.0,19.8,166000,350.0,Royal Enfield,6,0.05657142857142857
KTM RC 125CC 2019,2019,10283.0,first owner,mumbai,40.0,14.5,145250,125.0,KTM,5,0.116
Bajaj Dominar 400 ABS 2019,2019,28.0,first owner,mumbai,28.0,34.5,150437,400.0,Bajaj,5,0.08625
KTM RC 390cc 2019,2019,2500.0,first owner,mumbai,26.0,42.3,197125,390.0,KTM,5,0.10846153846153846
Yamaha YZF-R3 320cc 2016,2016,9000.0,first owner,mumbai,22.0,41.4,259375,320.0,Yamaha,8,0.129375
Royal Enfield Classic 350cc 2019,2019,8000.0,first owner,mumbai,35.0,19.8,186750,350.0,Royal Enfield,5,0.05657142857142857
KTM RC 390cc 2020,2020,7000.0,first owner,mumbai,26.0,42.3,269750,390.0,KTM,4,0.10846153846153846
Bajaj Platina 100cc 2018,2018,104.0,first owner,gurgaon,104.0,8.1,36000,100.0,Bajaj,6,0.081
Royal Enfield Classic 350cc ABS BS6 2020,2020,2800.0,first owner,mumbai,35.0,19.1,207500,350.0,Royal Enfield,4,0.054571428571428576
Royal Enfield Classic 500cc 2015,2015,9000.0,first owner,mumbai,32.0,27.2,129687,500.0,Royal Enfield,9,0.0544
TVS Apache RTR 200 4V Carburetor 2018,2018,40.0,first owner,kolhapur,40.0,20.7,90000,200.0,TVS,6,0.1035
Harley-Davidson Street 750 2016,2016,10000.0,first owner,mumbai,20.0,47.0,337187,750.0,Harley-Davidson,8,0.06266666666666666
Harley-Davidson Street 750 2016,2016,9000.0,first owner,mumbai,20.0,47.0,337187,750.0,Harley-Davidson,8,0.06266666666666666
Harley-Davidson Iron 883 2018,2018,10000.0,first owner,mumbai,20.0,50.0,726250,883.0,Harley-Davidson,6,0.056625141562853906
BenelliImperiale 400 BS6 2020,2020,2800.0,first owner,mumbai,35.0,20.7,207500,400.0,Benelli,4,0.05175
Triumph Street Triple 765 2018,2018,17000.0,first owner,mumbai,20.0,111.0,880837,765.0,Triumph,6,0.1450980392156863
Harley-Davidson Iron 883 2015,2015,8900.0,first owner,mumbai,20.0,50.0,570625,883.0,Harley-Davidson,9,0.056625141562853906
Harley-Davidson Street Rod XG750A ABS 2017,2017,6500.0,first owner,mumbai,25.0,70.0,466875,750.0,Harley-Davidson,7,0.09333333333333334
Kawasaki Z900 2019,2019,6000.0,first owner,mumbai,25.0,123.3,881875,900.0,Kawasaki,5,0.137
Harley-Davidson Fat Bob 2016,2016,18.0,first owner,mumbai,18.0,65.0,1141250,1868.0,Harley-Davidson,8,0.034796573875803
Kawasaki Z800 2016,2016,10500.0,first owner,mumbai,16.0,111.0,674375,800.0,Kawasaki,8,0.13875
Harley-Davidson Iron 883 2016,2016,3000.0,first owner,mumbai,20.0,50.0,596562,883.0,Harley-Davidson,8,0.056625141562853906
Kawasaki Ninja 300cc 2019,2019,12000.0,first owner,mumbai,25.0,39.0,311250,300.0,Kawasaki,5,0.13
Royal Enfield Interceptor 650cc 2019,2019,8500.0,first owner,mumbai,40.0,47.0,285312,650.0,Royal Enfield,5,0.07230769230769231
Harley-Davidson Low Rider 1750cc 2018,2018,18000.0,first owner,mumbai,40.0,19.0,1141250,1750.0,Harley-Davidson,6,0.010857142857142857
Honda CB Unicorn 150cc 2005,2005,60.0,first owner,hyderabad,60.0,14.0,27000,150.0,Honda,19,0.09333333333333334
Yamaha FZ16 150cc 2011,2011,58.0,first owner,pune,58.0,13.0,40000,150.0,Yamaha,13,0.08666666666666667
Bajaj Pulsar 200 NS 200cc 2014,2014,23000.0,first owner,mumbai,40.0,24.2,65000,200.0,Bajaj,10,0.121
Royal Enfield Classic 350cc 2015,2015,20000.0,first owner,howrah,35.0,19.8,115300,350.0,Royal Enfield,9,0.05657142857142857
Honda CB Shine 125cc 2014,2014,65.0,first owner,delhi,65.0,10.0,40680,125.0,Honda,10,0.08
Bajaj Avenger 220cc 2014,2014,43130.0,first owner,chennai,40.0,19.0,50000,220.0,Bajaj,10,0.08636363636363636
Royal Enfield Bullet Twinspark 500cc 2016,2016,45000.0,first owner,pathanamthitta,25.0,26.1,125500,500.0,Royal Enfield,8,0.0522
Bajaj Pulsar 135LS 2010,2010,65000.0,second owner,vaikom,64.0,13.0,17000,135.0,Bajaj,14,0.0962962962962963
Bajaj Pulsar 180cc 2015,2015,25000.0,second owner,pune,45.0,17.0,45000,180.0,Bajaj,9,0.09444444444444444
Hero Xtreme 160R Dual Disc BS6 2020,2020,4000.0,first owner,kolkata,55.47,15.0,119000,160.0,Hero,4,0.09375
Royal Enfield Classic 350cc ABS 2019,2019,10433.0,first owner,delhi,35.0,19.8,150000,350.0,Royal Enfield,5,0.05657142857142857
Bajaj Avenger 220cc 2016,2016,22000.0,first owner,bangalore,40.0,19.0,65000,220.0,Bajaj,8,0.08636363636363636
BMW G 310 R 2019,2019,9000.0,first owner,mumbai,40.0,33.0,270000,310.0,BMW,5,0.1064516129032258
Triumph Bonneville T120 2018,2018,3600.0,second owner,dimapur,18.0,78.9,950000,120.0,Triumph,6,0.6575000000000001
TVS Apache RTR 180cc 2014,2014,45.0,first owner,chirawa,45.0,17.2,43400,180.0,TVS,10,0.09555555555555555
Bajaj Avenger 220cc 2017,2017,34500.0,first owner,hyderabad,40.0,19.0,75000,220.0,Bajaj,7,0.08636363636363636
Royal Enfield Classic 500cc 2017,2017,41877.0,first owner,noida,35.0,27.2,140200,500.0,Royal Enfield,7,0.0544
Bajaj Pulsar NS160 2018,2018,25455.0,second owner,bangalore,40.0,15.5,78000,160.0,Bajaj,6,0.096875
Royal Enfield Classic 350cc 2015,2015,48295.0,second owner,bangalore,35.0,19.8,130440,350.0,Royal Enfield,9,0.05657142857142857
Yamaha Fazer 150cc 2013,2013,45.0,second owner,ahmedabad,45.0,13.0,40000,150.0,Yamaha,11,0.08666666666666667
Bajaj Avenger Street 150 2017,2017,8000.0,first owner,vadodara,45.0,14.3,70000,150.0,Bajaj,7,0.09533333333333334
Hero Xtreme Sports 150cc 2017,2017,20000.0,first owner,gurgaon,55.0,15.6,52000,150.0,Hero,7,0.104
Bajaj Pulsar 150cc 2004,2004,80070.0,second owner,bangalore,65.0,15.0,10000,150.0,Bajaj,20,0.1
Hyosung Aquila GV250 2015,2015,8000.0,second owner,ahmednagar,27.0,26.21,150000,250.0,Hyosung,9,0.10484
Bajaj Pulsar 150cc 2011,2011,65.0,first owner,kolkata,65.0,14.85,60000,150.0,Bajaj,13,0.09899999999999999
Bajaj Pulsar 125cc Disc CBS 2019,2019,20000.0,first owner,chandigarh,40.0,11.8,65637,125.0,Bajaj,5,0.09440000000000001
Royal Enfield Classic 350cc 2015,2015,30000.0,first owner,pune,35.0,19.8,93000,350.0,Royal Enfield,9,0.05657142857142857
Royal Enfield Thunderbird 350cc 2017,2017,23700.0,first owner,bangalore,40.0,19.8,115000,350.0,Royal Enfield,7,0.05657142857142857
Bajaj CT 100 100cc 2018,2018,27184.0,first owner,dakshina kannada,89.0,8.1,38000,100.0,Bajaj,6,0.081
Suzuki Gixxer 150cc SP Rear Disc 2017,2017,9840.0,first owner,bangalore,63.0,14.0,70000,150.0,Suzuki,7,0.09333333333333334
TVS Apache RTR 180cc ABS 2015,2015,45.0,first owner,kapurthala,45.0,17.2,57400,180.0,TVS,9,0.09555555555555555
Yamaha FZ S V 2.0 150cc 2018,2018,58.0,first owner,delhi,58.0,13.0,65000,150.0,Yamaha,6,0.08666666666666667
Bajaj CT 100 ES Alloy 2019,2019,17918.0,first owner,mumbai,67.0,8.1,45000,100.0,Bajaj,5,0.081
Yamaha FZ16 150cc 2012,2012,58.0,first owner,vadodara,58.0,13.0,40000,150.0,Yamaha,12,0.08666666666666667
Royal Enfield Classic 350 S ABS 2020,2020,9000.0,first owner,alwar,35.0,19.8,175000,350.0,Royal Enfield,4,0.05657142857142857
Royal Enfield Classic 350cc 2015,2015,16500.0,first owner,delhi,35.0,19.8,109400,350.0,Royal Enfield,9,0.05657142857142857
TVS Apache RTR 200 4V Race Edition 2.0 2019,2019,40.0,first owner,delhi,40.0,20.7,85000,200.0,TVS,5,0.1035
Bajaj Pulsar 150cc 2004,2004,65400.0,first owner,mumbai,65.0,15.0,25000,150.0,Bajaj,20,0.1
TVS Apache RTR 180cc 2018,2018,45.0,first owner,bangalore,45.0,17.3,97200,180.0,TVS,6,0.09611111111111112
Royal Enfield Thunderbird 500cc 2015,2015,5000.0,first owner,vadodara,25.0,27.2,132600,500.0,Royal Enfield,9,0.0544
Bajaj Pulsar 150cc 2010,2010,65.0,first owner,haldwani,65.0,14.85,20000,150.0,Bajaj,14,0.09899999999999999
Hero Splendor Plus Self Alloy 100cc 2019,2019,14288.0,first owner,surat,55.0,8.2,63500,100.0,Hero,5,0.08199999999999999
KTM Duke 200cc 2019,2019,27900.0,first owner,bhubaneshwar,35.0,24.6,125000,200.0,KTM,5,0.12300000000000001
Honda CBR 150R 150cc 2014,2014,45000.0,first owner,agartala,38.0,18.28,60000,150.0,Honda,10,0.12186666666666668
KTM RC 390cc 2018,2018,14000.0,first owner,pune,26.0,42.3,180000,390.0,KTM,6,0.10846153846153846
TVS Apache RR310 Slipper Clutch 2019,2019,3852.0,second owner,pune,22.0,33.0,188500,310.0,TVS,5,0.1064516129032258
TVS Apache RR310 Slipper Clutch 2019,2019,3700.0,first owner,pune,22.0,33.0,210000,310.0,TVS,5,0.1064516129032258
Honda CB300R 2021,2021,13000.0,first owner,thane,40.0,30.0,210000,300.0,Honda,3,0.1
Bajaj Discover 100cc 2006,2006,80.0,first owner,pune,80.0,7.7,18000,100.0,Bajaj,18,0.077
Royal Enfield Standard 350cc 2006,2006,30.0,second owner,noida,30.0,18.0,47000,350.0,Royal Enfield,18,0.05142857142857143
Bajaj Avenger Cruise 220 2018,2018,13210.0,first owner,delhi,35.0,19.0,85000,220.0,Bajaj,6,0.08636363636363636
Suzuki Intruder 150cc 2019,2019,8670.0,first owner,delhi,40.0,14.6,110000,150.0,Suzuki,5,0.09733333333333333
Royal Enfield Classic 350cc 2016,2016,58000.0,first owner,bangalore,35.0,19.8,123100,350.0,Royal Enfield,8,0.05657142857142857
Hero Passion Xpro Disc 2019,2019,4800.0,first owner,delhi,55.0,8.0,55000,109.0,Hero,5,0.07339449541284404
Bajaj V15 150cc 2016,2016,15000.0,first owner,bangalore,57.0,11.8,37000,150.0,Bajaj,8,0.07866666666666668
Hyosung GT250R 2012,2012,16957.0,second owner,delhi,30.0,28.0,200000,250.0,Hyosung,12,0.112
Bajaj Pulsar RS200 ABS 2018,2018,35.0,second owner,datia,35.0,24.5,107900,200.0,Bajaj,6,0.1225
Bajaj Avenger Cruise 220 2017,2017,17000.0,first owner,ambala,35.0,19.0,75000,220.0,Bajaj,7,0.08636363636363636
Bajaj Pulsar 150cc Rear Disc ABS FI BS6 2020,2020,65.0,first owner,delhi,65.0,13.8,91000,150.0,Bajaj,4,0.092
Royal Enfield Electra 350cc 2019,2019,4900.0,first owner,delhi,25.0,19.8,130000,350.0,Royal Enfield,5,0.05657142857142857
Kawasaki ER-6n 650cc 2016,2016,7500.0,first owner,mumbai,17.0,71.0,330000,650.0,Kawasaki,8,0.10923076923076923
Yamaha FZ25 250cc 2017,2017,7200.0,first owner,hyderabad,43.0,20.3,85000,250.0,Yamaha,7,0.08120000000000001
Hero Super Splendor 125cc 2014,2014,10000.0,first owner,vidisha,75.0,9.0,40000,125.0,Hero,10,0.072
KTM Duke 200cc 2017,2017,25000.0,first owner,mumbai,35.0,24.6,95000,200.0,KTM,7,0.12300000000000001
Royal Enfield Thunderbird 500cc 2017,2017,37500.0,first owner,chennai,25.0,27.2,148000,500.0,Royal Enfield,7,0.0544
Honda H’ness CB 350 DLX Pro 2020,2020,8009.0,first owner,gurgaon,45.8,20.78,188000,350.0,Honda,4,0.059371428571428575
Yamaha FZ16 150cc 2012,2012,58.0,second owner,kochi,58.0,13.0,32000,150.0,Yamaha,12,0.08666666666666667
TVS Apache RTR 200 4V ABS Race Edition 2019,2019,40.0,first owner,delhi,40.0,20.23,95000,200.0,TVS,5,0.10115
Hero HF Deluxe 100cc 2013,2013,38000.0,first owner,lucknow,83.0,7.7,40000,100.0,Hero,11,0.077
Bajaj Discover 150F 2015,2015,70.0,first owner,hyderabad,70.0,13.0,31977,150.0,Bajaj,9,0.08666666666666667
Hero Glamour 125cc 2006,2006,35000.0,first owner,ahmedabad,55.0,8.9,15333,125.0,Hero,18,0.0712
Bajaj Avenger Street 160 ABS FI BS6 2020,2020,6400.0,first owner,lucknow,53.72,14.79,95000,160.0,Bajaj,4,0.09243749999999999
KTM Duke 200cc 2016,2016,36410.0,first owner,pune,35.0,24.6,79900,200.0,KTM,8,0.12300000000000001
Hero Splendor Plus 100cc 2008,2008,32075.0,second owner,bangalore,81.0,8.2,30000,100.0,Hero,16,0.08199999999999999
Yamaha YZF-R15 V3 150cc 2018,2018,30000.0,first owner,ahmedabad,40.0,18.7,115000,150.0,Yamaha,6,0.12466666666666666
Hero CBZ Xtreme 150cc 2011,2011,15000.0,second owner,delhi,65.0,14.4,23900,150.0,Hero,13,0.096
Bajaj Avenger 200cc 2009,2009,50000.0,third owner,noida,53.0,19.0,15000,200.0,Bajaj,15,0.095
Yamaha YZF-R15 2.0 150cc 2017,2017,12250.0,first owner,chennai,42.0,16.7,93400,150.0,Yamaha,7,0.11133333333333333
Yamaha YZF-R15 2.0 150cc 2016,2016,32436.0,first owner,jhunjhunu,42.0,16.7,90000,150.0,Yamaha,8,0.11133333333333333
Honda CBF Stunner 125cc 2010,2010,65.0,fourth owner or more,hyderabad,65.0,11.0,33830,125.0,Honda,14,0.088
Hero Passion Pro 100cc 2013,2013,35000.0,first owner,hyderabad,5.0,8.2,34895,100.0,Hero,11,0.08199999999999999
Royal Enfield Classic 350cc 2015,2015,303000.0,first owner,kolkata,35.0,19.8,110000,350.0,Royal Enfield,9,0.05657142857142857
Kawasaki Ninja 300cc 2016,2016,12000.0,first owner,mumbai,25.0,39.0,217875,300.0,Kawasaki,8,0.13
Royal Enfield Classic Stealth Black 500cc 2018,2018,10050.0,first owner,bangalore,32.0,27.2,151800,500.0,Royal Enfield,6,0.0544
Yamaha FZs 150cc 2013,2013,40000.0,first owner,ghaziabad,45.0,13.0,45000,150.0,Yamaha,11,0.08666666666666667
Honda CB Hornet 160R  ABS DLX 2018,2018,52.0,first owner,hyderabad,52.0,15.44,70000,160.0,Honda,6,0.0965
Royal Enfield Classic 350cc 2018,2018,17000.0,first owner,patna,35.0,19.8,125000,350.0,Royal Enfield,6,0.05657142857142857
TVS Apache RTR 160 4V DISC ABS 2019,2019,2623.0,first owner,ahmedabad,40.0,16.1,95000,160.0,TVS,5,0.100625
Honda CB Unicorn 160 ABS BS6 2020,2020,8892.0,first owner,vadodara,55.0,12.5,97000,160.0,Honda,4,0.078125
KTM RC 390cc 2018,2018,12000.0,first owner,sidhi,26.0,42.3,191500,390.0,KTM,6,0.10846153846153846
Royal Enfield Thunderbird 350cc 2016,2016,7200.0,first owner,kalyan,40.0,19.8,130000,350.0,Royal Enfield,8,0.05657142857142857
Bajaj Pulsar AS200 2015,2015,42.0,second owner,bangalore,42.0,23.2,60000,200.0,Bajaj,9,0.11599999999999999
Bajaj Pulsar 200cc 2009,2009,40.0,first owner,jaipur,40.0,16.78,14000,200.0,Bajaj,15,0.0839
Royal Enfield Thunderbird X 350cc 2018,2018,15000.0,first owner,rohtak,40.0,19.8,150000,350.0,Royal Enfield,6,0.05657142857142857
Royal Enfield Thunderbird 350cc 2014,2014,30000.0,first owner,thane,40.0,19.8,95000,350.0,Royal Enfield,10,0.05657142857142857
Bajaj Pulsar 150cc 2007,2007,65.0,first owner,varanasi,65.0,14.85,11900,150.0,Bajaj,17,0.09899999999999999
Royal Enfield Classic 350cc 2014,2014,32000.0,first owner,pathanamthitta,35.0,19.8,110000,350.0,Royal Enfield,10,0.05657142857142857
Hero CBZ Xtreme 150cc 2014,2014,22850.0,second owner,ahmedabad,65.0,14.4,27786,150.0,Hero,10,0.096
Yamaha FZS FI 150cc 2015,2015,58.0,first owner,akola,58.0,13.0,69000,150.0,Yamaha,9,0.08666666666666667
Harley-Davidson Fat Bob 2014,2014,8000.0,first owner,gurgaon,18.0,65.0,750000,1868.0,Harley-Davidson,10,0.034796573875803
Suzuki Gixxer SF 150cc ABS BS6 2021,2021,1000.0,first owner,dehradun,40.0,14.6,125000,150.0,Suzuki,3,0.09733333333333333
Royal Enfield Thunderbird 350cc 2015,2015,37265.0,first owner,bangalore,40.0,19.8,120000,350.0,Royal Enfield,9,0.05657142857142857
Suzuki Hayate 110cc 2012,2012,69600.0,first owner,delhi,69.0,8.3,22000,110.0,Suzuki,12,0.07545454545454545
Hero Passion Pro 100cc 2017,2017,18000.0,first owner,delhi,5.0,8.2,45000,100.0,Hero,7,0.08199999999999999
TVS Victor 110cc 2017,2017,74.0,first owner,delhi,74.0,9.4,40000,110.0,TVS,7,0.08545454545454546
TVS Victor 110cc 2018,2018,74.0,first owner,delhi,74.0,9.4,38000,110.0,TVS,6,0.08545454545454546
TVS Apache RTR 180cc 2017,2017,45.0,second owner,delhi,45.0,17.2,58000,180.0,TVS,7,0.09555555555555555
KTM Duke 125cc 2019,2019,30000.0,first owner,hyderabad,40.0,14.3,110000,125.0,KTM,5,0.1144
Yamaha YZF-R15 2.0 150cc 2016,2016,17661.0,first owner,bangalore,42.0,16.7,95000,150.0,Yamaha,8,0.11133333333333333
Husqvarna Svartpilen 250 2021,2021,2700.0,first owner,mumbai,31.85,29.63,205000,250.0,Husqvarna,3,0.11852
Royal Enfield Himalayan 410cc 2018,2018,10000.0,first owner,mumbai,32.0,24.5,175000,410.0,Royal Enfield,6,0.05975609756097561
KTM RC 125CC 2020,2020,4200.0,first owner,mumbai,40.0,14.5,165000,125.0,KTM,4,0.116
Benelli TNT 300 2017,2017,11000.0,first owner,mumbai,25.0,37.73,240000,300.0,Benelli,7,0.12576666666666667
Kawasaki Ninja 300cc 2018,2018,8900.0,first owner,mumbai,25.0,39.0,280000,300.0,Kawasaki,6,0.13
KTM RC 200cc ABS 2020,2020,2900.0,first owner,mumbai,35.0,25.1,210000,200.0,KTM,4,0.1255
Harley-Davidson Street 750 2017,2017,14700.0,first owner,mumbai,20.0,47.0,370000,750.0,Harley-Davidson,7,0.06266666666666666
TVS Apache RR310 2019,2019,7990.0,first owner,mumbai,22.0,33.0,190000,310.0,TVS,5,0.1064516129032258
KTM RC 125CC 2020,2020,8000.0,first owner,mumbai,40.0,14.5,150000,125.0,KTM,4,0.116
Bajaj Discover 100T 2013,2013,58546.0,first owner,bikaner,56.0,8.51,22000,100.0,Bajaj,11,0.0851
KTM Duke 250cc 2018,2018,13000.0,first owner,mumbai,40.0,29.6,155000,250.0,KTM,6,0.1184
Royal Enfield Classic 350cc 2018,2018,16000.0,second owner,delhi,35.0,19.8,125000,350.0,Royal Enfield,6,0.05657142857142857
Bajaj Pulsar 150cc 2010,2010,65.0,first owner,ghaziabad,65.0,14.85,36900,150.0,Bajaj,14,0.09899999999999999
Royal Enfield Bullet Electra 350cc 2009,2009,35000.0,first owner,mumbai,30.0,19.8,75000,350.0,Royal Enfield,15,0.05657142857142857
TVS Apache RTR 200 4V ABS Race Edition 2019,2019,40.0,first owner,jaipur,40.0,20.23,85000,200.0,TVS,5,0.10115
Yamaha FZs 150cc 2014,2014,18000.0,first owner,bangalore,45.0,13.0,42000,150.0,Yamaha,10,0.08666666666666667
Royal Enfield Thunderbird 500cc 2013,2013,30000.0,first owner,kalyan,25.0,27.2,80000,500.0,Royal Enfield,11,0.0544
Royal Enfield Classic 350cc 2015,2015,60000.0,first owner,kasba,35.0,19.8,111000,350.0,Royal Enfield,9,0.05657142857142857
Bajaj Discover 125ST 2012,2012,21000.0,first owner,jabalpur,65.0,12.5,30000,125.0,Bajaj,12,0.1
KTM RC 200cc 2018,2018,15000.0,first owner,mumbai,35.0,25.1,155625,200.0,KTM,6,0.1255
Royal Enfield Thunderbird 500cc 2015,2015,11000.0,first owner,surat,25.0,27.2,105000,500.0,Royal Enfield,9,0.0544
Yamaha FZ25 250cc 2018,2018,9300.0,first owner,pune,43.0,20.3,110000,250.0,Yamaha,6,0.08120000000000001
Bajaj Pulsar 220cc 2009,2009,11900.0,first owner,chennai,38.0,21.0,33000,220.0,Bajaj,15,0.09545454545454546
Royal Enfield Classic 350 S ABS 2020,2020,5700.0,first owner,mumbai,35.0,19.8,197125,350.0,Royal Enfield,4,0.05657142857142857
Royal Enfield Classic 350cc ABS BS6 2020,2020,5931.0,first owner,mumbai,35.0,19.1,207500,350.0,Royal Enfield,4,0.054571428571428576
Royal Enfield Classic Gunmetal Grey 350cc ABS Alloy BS6 2020,2020,7500.0,first owner,mumbai,35.0,19.1,197125,350.0,Royal Enfield,4,0.054571428571428576
Honda X-Blade 160cc Dual Disc BS6 2021,2021,1800.0,first owner,chas,50.0,13.93,125000,160.0,Honda,3,0.0870625
Bajaj Avenger Street 160 ABS FI BS6 2021,2021,3000.0,first owner,kolkata,53.72,14.79,107000,160.0,Bajaj,3,0.09243749999999999
Royal Enfield Classic 350cc 2017,2017,9000.0,first owner,lucknow,35.0,19.8,160000,350.0,Royal Enfield,7,0.05657142857142857
TVS Apache RTR 180cc ABS 2012,2012,45.0,first owner,thoothukkudi,45.0,17.2,40000,180.0,TVS,12,0.09555555555555555
Hero Splendor iSmart 110cc 2015,2015,39571.0,first owner,delhi,45.0,7.0,24000,110.0,Hero,9,0.06363636363636363
Yamaha YZF-R3 320cc 2019,2019,205.0,first owner,ahmednagar,22.0,41.4,250000,320.0,Yamaha,5,0.129375
Bajaj Avenger Street 150 2016,2016,22000.0,first owner,ahmedabad,50.0,14.3,41500,150.0,Bajaj,8,0.09533333333333334
Honda CB Shine 125cc 2013,2013,65.0,first owner,delhi,65.0,10.0,25062,125.0,Honda,11,0.08
Royal Enfield Classic 350cc 2015,2015,27000.0,first owner,delhi,35.0,19.8,108000,350.0,Royal Enfield,9,0.05657142857142857
Bajaj Pulsar 180cc 2015,2015,30000.0,second owner,siliguri,45.0,17.0,49000,180.0,Bajaj,9,0.09444444444444444
Yamaha FZs 150cc 2012,2012,34000.0,second owner,pune,45.0,13.0,45000,150.0,Yamaha,12,0.08666666666666667
Royal Enfield Thunderbird X 500cc 2018,2018,950.0,first owner,delhi,40.0,27.2,199000,500.0,Royal Enfield,6,0.0544
Yamaha FZ16 150cc 2013,2013,58.0,first owner,delhi,58.0,13.0,35600,150.0,Yamaha,11,0.08666666666666667
TVS Apache RTR 180cc 2014,2014,45.0,first owner,bangalore,45.0,17.2,54000,180.0,TVS,10,0.09555555555555555
Royal Enfield Classic 350cc 2017,2017,25000.0,first owner,bangalore,35.0,19.8,145000,350.0,Royal Enfield,7,0.05657142857142857
Royal Enfield Thunderbird 350cc ABS 2019,2019,7000.0,first owner,vasai,40.0,19.8,165000,350.0,Royal Enfield,5,0.05657142857142857
Bajaj Pulsar 135LS 2010,2010,10000.0,first owner,delhi,64.0,13.0,14700,135.0,Bajaj,14,0.0962962962962963
Yamaha FZ S V 2.0 150cc Rear Disc 2019,2019,58.0,first owner,bangalore,58.0,13.0,82200,150.0,Yamaha,5,0.08666666666666667
TVS Apache RR310 Slipper Clutch 2019,2019,5000.0,first owner,delhi,22.0,33.0,185000,310.0,TVS,5,0.1064516129032258
Royal Enfield Classic 350cc 2019,2019,10000.0,first owner,mumbai,35.0,19.8,191937,350.0,Royal Enfield,5,0.05657142857142857
KTM RC 390cc 2016,2016,11000.0,first owner,mumbai,26.0,42.3,145250,390.0,KTM,8,0.10846153846153846
KTM RC 200cc ABS 2019,2019,6000.0,first owner,mumbai,35.0,25.1,176375,200.0,KTM,5,0.1255
Royal Enfield Classic 350cc 2018,2018,19000.0,first owner,mumbai,35.0,19.8,176375,350.0,Royal Enfield,6,0.05657142857142857
BenelliImperiale 400 2020,2020,1500.0,first owner,mumbai,40.0,20.7,207500,400.0,Benelli,4,0.05175
BenelliImperiale 400 2020,2020,3500.0,first owner,mumbai,40.0,20.7,206462,400.0,Benelli,4,0.05175
Royal Enfield Classic 350cc 2019,2019,6000.0,first owner,mumbai,35.0,19.8,181562,350.0,Royal Enfield,5,0.05657142857142857
Royal Enfield Classic 350cc 2019,2019,4000.0,first owner,mumbai,35.0,19.8,181562,350.0,Royal Enfield,5,0.05657142857142857
Royal Enfield Bullet Electra 350cc 2013,2013,23400.0,first owner,chandigarh,40.0,19.8,80600,350.0,Royal Enfield,11,0.05657142857142857
Husqvarna Vitpilen 250 2020,2020,700.0,first owner,bangalore,31.85,29.63,220000,250.0,Husqvarna,4,0.11852
KTM RC 390cc 2018,2018,5400.0,second owner,bangalore,26.0,42.3,204300,390.0,KTM,6,0.10846153846153846
Ducati Monster 797 2018,2018,15000.0,first owner,mumbai,18.86,75.0,752187,797.0,Ducati,6,0.09410288582183186
Yamaha YZF-R15 S 150cc 2017,2017,3099.0,first owner,baleshwar,42.0,16.0,80000,150.0,Yamaha,7,0.10666666666666667
Royal Enfield Classic 350cc 2014,2014,18000.0,first owner,gurgaon,35.0,19.8,98500,350.0,Royal Enfield,10,0.05657142857142857
Royal Enfield Bullet Twinspark 500cc 2016,2016,16000.0,first owner,kochi,25.0,26.1,140000,500.0,Royal Enfield,8,0.0522
Royal Enfield Thunderbird X 350cc 2018,2018,5740.0,first owner,bangalore,40.0,19.8,170000,350.0,Royal Enfield,6,0.05657142857142857
Triumph Bonneville T120 2017,2017,13000.0,first owner,pune,18.0,78.9,800000,120.0,Triumph,7,0.6575000000000001
Harley-Davidson Street Rod 2017,2017,3000.0,first owner,jalandhar,25.0,70.0,525000,749.0,Harley-Davidson,7,0.09345794392523364
TVS Star City 110cc 2011,2011,24000.0,first owner,ghaziabad,85.0,8.2,20000,110.0,TVS,13,0.07454545454545454
Bajaj Avenger Street 220 ABS 2020,2020,7759.0,first owner,chennai,45.0,14.3,82000,220.0,Bajaj,4,0.065
Hero Karizma ZMR 223cc 2015,2015,37000.0,first owner,delhi,48.0,20.0,36300,223.0,Hero,9,0.08968609865470852
Royal Enfield Himalayan 410cc Sleet ABS 2019,2019,7000.0,first owner,chennai,32.0,24.5,175000,410.0,Royal Enfield,5,0.05975609756097561
TVS Apache RTR 160 4V DISC ABS 2019,2019,6810.0,first owner,chennai,40.0,16.1,79000,160.0,TVS,5,0.100625
Yamaha MT-15 150cc BS6 2020,2020,700.0,first owner,safidon,40.0,18.23,150000,150.0,Yamaha,4,0.12153333333333334
Yamaha FZ S V 2.0 150cc 2016,2016,58.0,second owner,ambejogai,58.0,13.0,80000,150.0,Yamaha,8,0.08666666666666667
Kawasaki Ninja 300 ABS 2019,2019,7400.0,first owner,kolkata,25.0,39.0,274700,300.0,Kawasaki,5,0.13
Bajaj Pulsar NS200 ABS 2019,2019,42.0,second owner,mumbai,42.0,23.2,93500,200.0,Bajaj,5,0.11599999999999999
Bajaj Pulsar NS160 2018,2018,20200.0,first owner,delhi,40.0,15.5,52000,160.0,Bajaj,6,0.096875
Honda CD 110 Dream 2015,2015,84.0,first owner,gurgaon,84.0,8.25,30000,110.0,Honda,9,0.075
Jawa Forty Two 295CC Dual ABS BS6 2020,2020,1100.0,first owner,delhi,40.0,27.0,165000,295.0,Jawa,4,0.09152542372881356
Jawa Forty Two 295CC Dual ABS BS6 2021,2021,700.0,first owner,delhi,40.0,27.0,180000,295.0,Jawa,3,0.09152542372881356
Bajaj Avenger Street 160 ABS 2019,2019,4200.0,first owner,ahmedabad,40.0,15.3,79200,160.0,Bajaj,5,0.095625
Bajaj Pulsar 180F 2019,2019,22000.0,first owner,hyderabad,40.0,17.0,90000,180.0,Bajaj,5,0.09444444444444444
Bajaj Discover 125cc 2016,2016,28000.0,first owner,delhi,65.0,12.5,31000,125.0,Bajaj,8,0.1
KTM Duke 390cc 2019,2019,167.0,first owner,nashik,25.0,42.9,180000,390.0,KTM,5,0.11
Royal Enfield Classic Gunmetal Grey 350cc 2018,2018,35000.0,first owner,guwahati,35.0,19.8,140000,350.0,Royal Enfield,6,0.05657142857142857
TVS Apache RTR 160 4V FI 2019,2019,146178.0,first owner,bangalore,40.0,16.1,80000,160.0,TVS,5,0.100625
Yamaha YZF-R15 2.0 150cc 2018,2018,4300.0,second owner,mumbai,42.0,16.7,82000,150.0,Yamaha,6,0.11133333333333333
TVS Apache RTR 180cc 2015,2015,45.0,first owner,kapurthala,45.0,17.2,65000,180.0,TVS,9,0.09555555555555555
Triumph Street Triple ABS 675cc 2016,2016,38000.0,second owner,bangalore,20.0,77.0,575000,675.0,Triumph,8,0.11407407407407408
Yamaha YZF-R15 150cc 2010,2010,21322.0,first owner,gurgaon,42.0,16.0,30000,150.0,Yamaha,14,0.10666666666666667
Honda Hornet 2.0 2021,2021,1300.0,first owner,thane,40.0,17.03,145000,184.0,Honda,3,0.09255434782608696
Honda CB Hornet 160R  ABS STD 2019,2019,52.0,first owner,thane,52.0,15.44,100000,160.0,Honda,5,0.0965
Yamaha MT-15 150cc 2019,2019,8000.0,first owner,mumbai,40.0,19.0,150437,150.0,Yamaha,5,0.12666666666666668
Suzuki Hayate 110cc 2009,2009,32000.0,first owner,thanjavur,69.0,8.3,10500,110.0,Suzuki,15,0.07545454545454545
Royal Enfield Classic 350cc Dual Disc 2018,2018,12000.0,first owner,delhi,35.0,19.8,135000,350.0,Royal Enfield,6,0.05657142857142857
Benelli TNT 300 2016,2016,6000.0,first owner,delhi,25.0,37.73,255000,300.0,Benelli,8,0.12576666666666667
TVS Apache RTR 200 4V ABS 2018,2018,40.0,first owner,delhi,40.0,20.23,88000,200.0,TVS,6,0.10115
Jawa Standard 295CC 2020,2020,800.0,first owner,delhi,40.0,27.0,190000,295.0,Jawa,4,0.09152542372881356
Royal Enfield Electra 350cc 2017,2017,14000.0,first owner,delhi,25.0,19.8,115000,350.0,Royal Enfield,7,0.05657142857142857
Royal Enfield Classic 350cc-Redditch Edition 2018,2018,16000.0,first owner,delhi,35.0,19.8,135000,350.0,Royal Enfield,6,0.05657142857142857
Bajaj Pulsar 180cc 2011,2011,40000.0,second owner,ghaziabad,65.0,15.0,25000,180.0,Bajaj,13,0.08333333333333333
Royal Enfield Thunderbird 350cc 2003,2003,68000.0,third owner,bangalore,30.0,19.8,60000,350.0,Royal Enfield,21,0.05657142857142857
Yamaha YZF-R15 2.0 150cc 2017,2017,54000.0,first owner,nagaur,42.0,16.7,76000,150.0,Yamaha,7,0.11133333333333333
TVS Apache RTR 160cc 2015,2015,60.0,first owner,meerut,60.0,15.2,50000,160.0,TVS,9,0.095
Bajaj Discover 135cc 2007,2007,30000.0,third owner,murad nagar,65.0,9.64,15000,135.0,Bajaj,17,0.0714074074074074
KTM RC 200cc 2018,2018,24000.0,first owner,hyderabad,35.0,25.1,145000,200.0,KTM,6,0.1255
Bajaj XCD 135 2009,2009,20000.0,first owner,amethi,60.0,9.4,12000,135.0,Bajaj,15,0.06962962962962964
Royal Enfield Classic 350cc 2017,2017,24000.0,first owner,bikaner,35.0,19.8,130000,350.0,Royal Enfield,7,0.05657142857142857
Royal Enfield Bullet Twinspark 500cc 2015,2015,27000.0,second owner,mumbai,25.0,26.1,120000,500.0,Royal Enfield,9,0.0522
TVS Apache RTR 160cc 2016,2016,60.0,first owner,pune,60.0,15.2,53900,160.0,TVS,8,0.095
Suzuki Intruder 150cc 2019,2019,7668.0,first owner,ahmedabad,40.0,14.6,90000,150.0,Suzuki,5,0.09733333333333333
TVS Apache RTR 160cc 2011,2011,60.0,first owner,delhi,60.0,15.2,26000,160.0,TVS,13,0.095
Bajaj Discover 100cc 2011,2011,80.0,first owner,sonipat,80.0,7.7,22000,100.0,Bajaj,13,0.077
Royal Enfield Electra 350cc 2019,2019,2500.0,first owner,delhi,25.0,19.8,139000,350.0,Royal Enfield,5,0.05657142857142857
Yamaha YZF-R15 V3 150cc 2018,2018,8200.0,first owner,ahmedabad,40.0,18.7,94999,150.0,Yamaha,6,0.12466666666666666
Harley-Davidson Street Rod 2019,2019,4000.0,first owner,delhi,25.0,70.0,420000,749.0,Harley-Davidson,5,0.09345794392523364
Harley-Davidson Street 750 2017,2017,17600.0,first owner,delhi,20.0,47.0,399000,750.0,Harley-Davidson,7,0.06266666666666666
Harley-Davidson Street 750 2018,2018,4000.0,first owner,delhi,20.0,47.0,420000,750.0,Harley-Davidson,6,0.06266666666666666
Harley-Davidson Street 750 2017,2017,6400.0,first owner,delhi,20.0,47.0,480000,750.0,Harley-Davidson,7,0.06266666666666666
TVS Apache RTR 180cc ABS 2013,2013,45.0,first owner,bangalore,45.0,17.2,40000,180.0,TVS,11,0.09555555555555555
Bajaj Avenger Street 150 2016,2016,50000.0,second owner,surat,50.0,14.3,50000,150.0,Bajaj,8,0.09533333333333334
Yamaha YZF-R15 S 150cc 2017,2017,41000.0,first owner,chennai,42.0,16.0,68900,150.0,Yamaha,7,0.10666666666666667
Hero Xtreme 160R Dual Disc BS6 2020,2020,33000.0,first owner,jaipur,55.47,15.0,66000,160.0,Hero,4,0.09375
TVS Apache RTR 180cc Matte Red 2018,2018,45.0,second owner,hapur,45.0,17.3,65000,180.0,TVS,6,0.09611111111111112
KTM RC 200cc 2018,2018,33000.0,first owner,bhubaneshwar,35.0,25.1,130000,200.0,KTM,6,0.1255
Royal Enfield Classic 500cc 2017,2017,4700.0,second owner,pinjore,35.0,27.2,150000,500.0,Royal Enfield,7,0.0544
Bajaj Avenger Street 150 2016,2016,14000.0,second owner,ahmedabad,50.0,14.3,48800,150.0,Bajaj,8,0.09533333333333334
Honda SP125 Disc BS6 2020,2020,5000.0,first owner,bhopal,40.0,10.72,80000,125.0,Honda,4,0.08576
Bajaj Pulsar 220cc 2012,2012,25000.0,first owner,gurgaon,38.0,21.0,32000,220.0,Bajaj,12,0.09545454545454546
Bajaj Avenger Street 150 2016,2016,41000.0,first owner,chennai,50.0,14.3,50000,150.0,Bajaj,8,0.09533333333333334
Bajaj Pulsar 150cc 2010,2010,65.0,first owner,ahmedabad,65.0,14.85,24010,150.0,Bajaj,14,0.09899999999999999
Hero Hunk 150cc 2010,2010,70927.0,first owner,ahmedabad,53.0,14.0,21500,150.0,Hero,14,0.09333333333333334
Honda CBF Stunner 125cc 2008,2008,65.0,first owner,ahmedabad,65.0,11.0,16500,125.0,Honda,16,0.088
Bajaj Avenger 220cc 2017,2017,9000.0,first owner,aurangabad,40.0,19.0,65000,220.0,Bajaj,7,0.08636363636363636
Royal Enfield Himalayan 410cc Fi ABS 2019,2019,7900.0,first owner,coimbatore,32.0,24.5,210000,410.0,Royal Enfield,5,0.05975609756097561
Yamaha YZF-R15 2.0 150cc 2016,2016,22000.0,first owner,panchkula,42.0,16.7,85000,150.0,Yamaha,8,0.11133333333333333
Bajaj V15 150cc 2016,2016,19845.0,first owner,bangalore,57.0,11.8,33433,150.0,Bajaj,8,0.07866666666666668
Yamaha FZ-FI V 3.0 150cc ABS BS6 2019,2019,23000.0,first owner,hyderabad,40.0,12.2,100000,150.0,Yamaha,5,0.08133333333333333
Royal Enfield Thunderbird 350cc 2019,2019,5000.0,first owner,mumbai,40.0,19.8,150000,350.0,Royal Enfield,5,0.05657142857142857
KTM Duke 390cc 2015,2015,15000.0,first owner,mumbai,25.0,44.0,125000,390.0,KTM,9,0.11282051282051282
KTM Duke 200cc ABS 2019,2019,17000.0,first owner,mumbai,35.0,24.6,165000,200.0,KTM,5,0.12300000000000001
Kawasaki Z650 2018,2018,12000.0,first owner,mumbai,30.0,67.2,450000,650.0,Kawasaki,6,0.1033846153846154
Yamaha YZF-R15 V3 150CC ABS 2019,2019,8900.0,first owner,mumbai,40.0,18.7,145000,150.0,Yamaha,5,0.12466666666666666
Harley-Davidson Street Rod 2018,2018,6000.0,first owner,mumbai,25.0,70.0,450000,749.0,Harley-Davidson,6,0.09345794392523364
Bajaj Discover 125ST 2016,2016,29148.0,first owner,delhi,65.0,12.5,21075,125.0,Bajaj,8,0.1
Bajaj Dominar 400 ABS 2018,2018,28.0,first owner,chennai,28.0,34.5,120800,400.0,Bajaj,6,0.08625
Bajaj Dominar 400 2018,2018,28.0,first owner,chennai,28.0,34.5,125000,400.0,Bajaj,6,0.08625
Hero Splendor Plus 100cc 2009,2009,47000.0,first owner,rohtak,81.0,8.2,15200,100.0,Hero,15,0.08199999999999999
Yamaha YZF-R3 320cc ABS 2020,2020,285.0,first owner,kakrala,22.0,41.4,300000,320.0,Yamaha,4,0.129375
Yamaha YZF-R15 2.0 150cc 2013,2013,18000.0,first owner,lucknow,42.0,16.7,59600,150.0,Yamaha,11,0.11133333333333333
Bajaj Pulsar 150cc 2014,2014,65.0,first owner,salem,65.0,14.85,45000,150.0,Bajaj,10,0.09899999999999999
Yamaha SZR 150cc 2011,2011,69604.0,first owner,hyderabad,40.0,12.0,25000,150.0,Yamaha,13,0.08
Hero HF Deluxe Kick Alloy 100cc 2018,2018,11000.0,first owner,gurgaon,55.0,6.15,37000,100.0,Hero,6,0.061500000000000006
Honda CBR 250R 2016,2016,38.0,second owner,pune,38.0,26.15,85000,250.0,Honda,8,0.1046
Bajaj Avenger 220cc 2018,2018,28500.0,first owner,chennai,40.0,19.0,74500,220.0,Bajaj,6,0.08636363636363636
Royal Enfield‎ Bullet 350cc 2014,2014,23500.0,first owner,vadodara,37.0,19.8,85000,350.0,Royal Enfield,10,0.05657142857142857
Honda CB Hornet 160R STD 2016,2016,52.0,first owner,pune,52.0,15.44,62000,160.0,Honda,8,0.0965
Yamaha YZF-R15 150cc 2018,2017,16000.0,first owner,mumbai,42.0,16.0,96000,150.0,Yamaha,7,0.10666666666666667
Yamaha FZs 150cc 2019,2019,10500.0,first owner,hooghly,45.0,13.0,57150,150.0,Yamaha,5,0.08666666666666667
Bajaj Pulsar 150cc 2010,2010,65.0,first owner,gurgaon,65.0,14.85,18000,150.0,Bajaj,14,0.09899999999999999
Hero Splendor Plus 100cc 2015,2015,51576.0,first owner,ernakulam,81.0,8.2,19695,100.0,Hero,9,0.08199999999999999
Honda CBF Stunner 125cc 2013,2013,65.0,first owner,gurgaon,65.0,11.0,20000,125.0,Honda,11,0.088
Yamaha FZ V 2.0 150cc 2016,2016,58.0,first owner,faridabad,58.0,13.0,55000,150.0,Yamaha,8,0.08666666666666667
Royal Enfield Bullet 350 cc 1982,1982,10000.0,first owner,mumbai,40.0,19.0,60000,200.0,Royal Enfield,42,0.095
Royal Enfield Classic Chrome 500cc 2015,2015,29500.0,first owner,delhi,32.0,27.2,112300,500.0,Royal Enfield,9,0.0544
Yamaha YZF-R15 2.0 150cc 2017,2017,31750.0,first owner,bangalore,42.0,16.7,90000,150.0,Yamaha,7,0.11133333333333333
Bajaj Pulsar 150cc 2017,2017,65.0,first owner,kushinagar,65.0,15.0,56000,150.0,Bajaj,7,0.1
Royal Enfield Thunderbird 350cc 2017,2017,14500.0,first owner,chennai,40.0,19.8,125000,350.0,Royal Enfield,7,0.05657142857142857
Yamaha FZs 150cc 2013,2013,24028.0,first owner,bangalore,45.0,13.0,38000,150.0,Yamaha,11,0.08666666666666667
Bajaj Pulsar 180cc 2011,2011,29000.0,second owner,bangalore,65.0,15.0,25000,180.0,Bajaj,13,0.08333333333333333
TVS Apache RTR 160cc 2016,2016,60.0,first owner,ahmedabad,60.0,15.2,42500,160.0,TVS,8,0.095
Honda CB Shine 125cc 2014,2014,65.0,first owner,ahmedabad,65.0,10.0,33000,125.0,Honda,10,0.08
Royal Enfield Classic 350cc 2018,2018,20831.0,first owner,indore,35.0,19.8,170000,350.0,Royal Enfield,6,0.05657142857142857
Hero HF Deluxe self Alloy 100cc 2017,2017,15456.0,first owner,gurgaon,55.0,6.15,32000,100.0,Hero,7,0.061500000000000006
Yamaha FZ16 150cc 2016,2016,58.0,first owner,gurgaon,58.0,13.0,71500,150.0,Yamaha,8,0.08666666666666667
Hero Hunk 150cc 2016,2016,34000.0,first owner,bhubaneshwar,53.0,14.0,35000,150.0,Hero,8,0.09333333333333334
Kawasaki ER-6n 650cc 2017,2017,9000.0,first owner,chakan,17.0,71.0,346600,650.0,Kawasaki,7,0.10923076923076923
Hero Karizma R 223cc 2016,2016,30000.0,first owner,bangalore,40.0,17.0,337500,223.0,Hero,8,0.07623318385650224
Yamaha FZs 150cc 2013,2013,49500.0,first owner,guwahati,45.0,13.0,40000,150.0,Yamaha,11,0.08666666666666667
Bajaj Dominar 400 ABS 2018,2018,28.0,first owner,kolkata,28.0,34.5,120000,400.0,Bajaj,6,0.08625
TVS Star Sport 100cc 2010,2010,50000.0,first owner,kanpur nagar,95.0,7.4,13000,100.0,TVS,14,0.07400000000000001
Yamaha SZR 150cc 2012,2012,45543.0,first owner,bangalore,40.0,12.0,20000,150.0,Yamaha,12,0.08
Bajaj Avenger 220cc 2015,2015,2877.0,first owner,mumbai,40.0,19.0,50000,220.0,Bajaj,9,0.08636363636363636
Harley-Davidson Street Rod 2017,2017,17900.0,first owner,delhi,25.0,70.0,450000,749.0,Harley-Davidson,7,0.09345794392523364
Bajaj Dominar 400 2018,2018,28.0,first owner,delhi,28.0,34.5,116000,400.0,Bajaj,6,0.08625
Harley-Davidson Street Bob 2013,2013,13800.0,second owner,delhi,18.0,65.0,400000,1868.0,Harley-Davidson,11,0.034796573875803
Hero Passion Plus 100cc 2006,2006,20000.0,first owner,thane,55.0,7.5,22000,100.0,Hero,18,0.075
Royal Enfield Interceptor 650cc 2019,2019,6700.0,second owner,hyderabad,40.0,47.0,264000,650.0,Royal Enfield,5,0.07230769230769231
Hero Karizma 223cc 2006,2006,40000.0,first owner,bangalore,40.0,17.0,16130,223.0,Hero,18,0.07623318385650224
Yamaha Saluto 125cc 2016,2016,70.0,first owner,surat,70.0,6.1,20800,125.0,Yamaha,8,0.048799999999999996
Yamaha YZF-R15 S 150cc 2017,2017,28600.0,second owner,chennai,42.0,16.0,64000,150.0,Yamaha,7,0.10666666666666667
Royal Enfield Standard 350cc 2016,2016,37.0,first owner,delhi,37.0,19.8,95000,350.0,Royal Enfield,8,0.05657142857142857
Hero CD Deluxe 100cc 2015,2015,20000.0,first owner,jaipur,65.0,7.7,25000,100.0,Hero,9,0.077
Royal Enfield Classic 350cc ABS Stealth Black BS6 2021,2021,2700.0,first owner,mumbai,35.0,19.1,220000,350.0,Royal Enfield,3,0.054571428571428576
Royal Enfield Thunderbird 500cc 2015,2015,55000.0,second owner,ahmedabad,25.0,27.2,100000,500.0,Royal Enfield,9,0.0544
Honda CBR 150R 150cc 2015,2015,38.0,second owner,bangalore,38.0,18.28,62000,150.0,Honda,9,0.12186666666666668
Bajaj Pulsar RS200 ABS 2018,2018,35.0,first owner,bangalore,35.0,24.5,115500,200.0,Bajaj,6,0.1225
Bajaj Pulsar NS160 2018,2018,230000.0,first owner,ahmedabad,40.0,15.5,48750,160.0,Bajaj,6,0.096875
Royal Enfield Thunderbird 500cc 2014,2014,50000.0,second owner,chennai,25.0,27.2,67500,500.0,Royal Enfield,10,0.0544
Bajaj Avenger Street 150 2016,2016,19500.0,first owner,gurgaon,50.0,14.3,47000,150.0,Bajaj,8,0.09533333333333334
Hero Xpulse 200T 2020,2020,3700.0,first owner,delhi,40.0,18.1,80000,200.0,Hero,4,0.09050000000000001
Yamaha Saluto 125cc 2017,2017,70.0,first owner,delhi,70.0,6.1,33000,125.0,Yamaha,7,0.048799999999999996
Honda CB Shine 125cc Disc 2018,2018,65.0,first owner,mumbai,65.0,10.0,42000,125.0,Honda,6,0.08
Yamaha YZF-R3 320cc 2016,2016,35000.0,fourth owner or more,bangalore,22.0,41.4,232000,320.0,Yamaha,8,0.129375
Honda X-Blade 160cc Dual Disc BS6 2020,2020,3533.0,first owner,gubbi,50.0,13.93,115000,160.0,Honda,4,0.0870625
Hero HF Deluxe Self 100cc 2016,2016,25760.0,first owner,delhi,55.0,6.15,35000,100.0,Hero,8,0.061500000000000006
Suzuki Gixxer SF Fi 150cc 2017,2017,11936.0,first owner,delhi,40.0,14.6,65000,150.0,Suzuki,7,0.09733333333333333
Royal Enfield Interceptor 650cc 2019,2019,6900.0,first owner,mumbai,40.0,47.0,295687,650.0,Royal Enfield,5,0.07230769230769231
Yamaha FZs 150cc 2015,2015,25000.0,first owner,delhi,45.0,13.0,53499,150.0,Yamaha,9,0.08666666666666667
Bajaj Pulsar RS200 2015,2015,35.0,first owner,delhi,35.0,24.16,71100,200.0,Bajaj,9,0.1208
Hero Splendor Pro 100cc 2012,2012,25000.0,second owner,tirunelveli,81.0,8.2,29000,100.0,Hero,12,0.08199999999999999
Honda CBR 150R 150cc 2015,2015,38.0,first owner,bangalore,38.0,18.28,40500,150.0,Honda,9,0.12186666666666668
KTM Duke 200cc 2017,2017,46292.0,first owner,vadodara,35.0,24.6,81000,200.0,KTM,7,0.12300000000000001
KTM Duke 250cc 2017,2017,21500.0,first owner,sidhi,40.0,29.6,134400,250.0,KTM,7,0.1184
Bajaj Avenger Cruise 220 ABS FI BS6 2020,2020,2500.0,first owner,haridwar,35.0,18.76,131000,220.0,Bajaj,4,0.08527272727272728
Hero CBZ Xtreme 150cc 2009,2009,50000.0,first owner,bangalore,65.0,14.4,13300,150.0,Hero,15,0.096
Bajaj V12 125cc 2017,2017,18000.0,first owner,gurgaon,57.0,12.0,31000,125.0,Bajaj,7,0.096
Bajaj V12 125cc 2016,2016,48628.0,first owner,chandigarh,57.0,10.6,25600,125.0,Bajaj,8,0.0848
Bajaj Pulsar 150cc 2011,2011,65.0,second owner,delhi,65.0,14.85,25000,150.0,Bajaj,13,0.09899999999999999
Royal Enfield Bullet Electra 350cc 2015,2015,31000.0,first owner,hyderabad,40.0,19.8,95000,350.0,Royal Enfield,9,0.05657142857142857
KTM RC 200cc 2017,2017,12000.0,first owner,kolkata,35.0,25.1,125000,200.0,KTM,7,0.1255
Yamaha Fazer 150cc 2010,2010,45.0,second owner,chennai,45.0,13.0,20000,150.0,Yamaha,14,0.08666666666666667
Suzuki Gixxer SF 150cc 2015,2015,21866.0,first owner,navi mumbai,40.0,14.6,48400,150.0,Suzuki,9,0.09733333333333333
Yamaha FZs 150cc 2015,2015,18000.0,first owner,bangalore,45.0,13.0,56000,150.0,Yamaha,9,0.08666666666666667
UM Renegade Commando 2017,2017,42080.0,first owner,nadiad,35.0,24.8,126500,279.0,UM,7,0.08888888888888889
Honda CB Hornet 160R Special Edition-CBS 2018,2018,52.0,first owner,mumbai,52.0,15.44,65000,160.0,Honda,6,0.0965
Bajaj Pulsar 220F 2018,2018,30000.0,first owner,bangalore,38.0,21.0,78000,220.0,Bajaj,6,0.09545454545454546
Royal Enfield Classic 350cc ABS Stormrider Sand BS6 2021,2021,150.0,first owner,ludhiana,35.0,19.1,225000,350.0,Royal Enfield,3,0.054571428571428576
Yamaha YZF-R15 2.0 150cc 2011,2011,26000.0,first owner,chennai,42.0,16.7,110000,150.0,Yamaha,13,0.11133333333333333
Hero Ignitor Disc 125cc 2013,2013,100000.0,first owner,gurgaon,55.0,11.0,20000,125.0,Hero,11,0.088
Yamaha YZF-R15 V3 150CC ABS 2019,2019,12860.0,first owner,pune,40.0,18.7,130500,150.0,Yamaha,5,0.12466666666666666
Royal Enfield Standard 350cc 2012,2012,37.0,first owner,gurgaon,37.0,19.8,85000,350.0,Royal Enfield,12,0.05657142857142857
TVS Apache RTR 180cc 2016,2016,45.0,first owner,delhi,45.0,17.3,63000,180.0,TVS,8,0.09611111111111112
Yamaha FZS FI 150cc Rear Disc 2019,2019,3200.0,first owner,patna,52.0,12.9,80000,150.0,Yamaha,5,0.08600000000000001
Bajaj CT 100 100cc 2018,2018,18846.0,first owner,bangalore,89.0,8.1,44000,100.0,Bajaj,6,0.081
Royal Enfield Thunderbird 350cc 2015,2015,30000.0,first owner,delhi,40.0,19.8,85000,350.0,Royal Enfield,9,0.05657142857142857
Bajaj Avenger Street 150 2016,2016,87000.0,first owner,harij,50.0,14.3,55000,150.0,Bajaj,8,0.09533333333333334
Husqvarna Vitpilen 250 2021,2021,1700.0,first owner,hanamankonda,31.85,29.63,220000,250.0,Husqvarna,3,0.11852
Hero Passion Plus 100cc 2006,2006,99000.0,first owner,nalgonda,55.0,7.5,16500,100.0,Hero,18,0.075
Royal Enfield Bullet 350 cc 2001,2001,3262.0,first owner,secunderabad,37.0,19.8,180000,200.0,Royal Enfield,23,0.099
Yamaha FZ 150cc 2017,2009,58.0,first owner,ahmedabad,58.0,13.0,62500,150.0,Yamaha,15,0.08666666666666667
TVS Apache RTR 160cc 2016,2016,60.0,first owner,meerut,60.0,15.2,53900,160.0,TVS,8,0.095
KTM Duke 125cc 2018,2018,20000.0,second owner,mumbai,40.0,14.3,100000,125.0,KTM,6,0.1144
Suzuki Gixxer 150cc ABS 2018,2018,22000.0,first owner,delhi,63.0,14.0,75000,150.0,Suzuki,6,0.09333333333333334
Bajaj Avenger Street 150 2016,2016,45000.0,first owner,raipur,50.0,14.3,49500,150.0,Bajaj,8,0.09533333333333334
Suzuki Slingshot Plus 125cc 2012,2012,38000.0,first owner,delhi,59.0,8.5,22000,125.0,Suzuki,12,0.068
Bajaj Pulsar 150cc 2013,2013,65.0,second owner,delhi,65.0,14.85,27000,150.0,Bajaj,11,0.09899999999999999
Yamaha FZs 150cc 2016,2016,32000.0,first owner,delhi,45.0,13.0,47000,150.0,Yamaha,8,0.08666666666666667
Bajaj Pulsar NS160 2019,2019,12000.0,first owner,kolkata,40.0,15.5,80000,160.0,Bajaj,5,0.096875
KTM Duke 390cc 2014,2014,32000.0,second owner,mangalore,25.0,44.0,120000,390.0,KTM,10,0.11282051282051282
Yamaha FZs 150cc 2018,2018,41000.0,first owner,mumbai,45.0,13.0,66000,150.0,Yamaha,6,0.08666666666666667
Royal Enfield Standard 350cc 2000,2000,30.0,first owner,bangalore,30.0,18.0,100000,350.0,Royal Enfield,24,0.05142857142857143
Yamaha FZ16 150cc 2011,2011,58.0,first owner,delhi,58.0,13.0,22900,150.0,Yamaha,13,0.08666666666666667
Yamaha Fazer 150cc 2016,2016,45.0,first owner,hyderabad,45.0,13.0,75000,150.0,Yamaha,8,0.08666666666666667
TVS Apache RTR 160cc 2014,2014,60.0,first owner,hyderabad,60.0,15.2,50000,160.0,TVS,10,0.095
Hero Impulse 150cc 2012,2012,43967.0,first owner,pune,50.0,13.0,51000,150.0,Hero,12,0.08666666666666667
Mahindra Mojo 300cc 2017,2017,15000.0,second owner,delhi,35.0,26.45,73300,300.0,Mahindra,7,0.08816666666666667
Bajaj Pulsar 180F 2019,2019,15000.0,first owner,bangalore,40.0,17.0,105000,180.0,Bajaj,5,0.09444444444444444
Hero Karizma R 223cc 2011,2011,32514.0,first owner,pune,40.0,17.0,47000,223.0,Hero,13,0.07623318385650224
Bajaj V15 150cc 2016,2016,13320.0,first owner,nashik,57.0,11.8,47000,150.0,Bajaj,8,0.07866666666666668
Bajaj Pulsar 150cc 2019,2019,65.0,first owner,ahmedabad,65.0,15.0,72000,150.0,Bajaj,5,0.1
Harley-Davidson Street Bob 1745cc 2020,2020,5000.0,first owner,daman,18.0,64.0,1150000,1745.0,Harley-Davidson,4,0.03667621776504298
Royal Enfield Thunderbird X 350cc ABS 2019,2019,12000.0,first owner,munger,40.0,19.8,175000,350.0,Royal Enfield,5,0.05657142857142857
Yamaha FZS-FI V 3.0 150cc ABS Dark Knight BS6 2020,2020,1500.0,first owner,mumbai,58.0,12.2,105000,150.0,Yamaha,4,0.08133333333333333
Royal Enfield Classic Desert Storm 500cc 2018,2018,15000.0,first owner,kolkata,32.0,27.2,170000,500.0,Royal Enfield,6,0.0544
Royal Enfield Classic 500cc 2014,2014,59000.0,first owner,mumbai,32.0,27.2,124300,500.0,Royal Enfield,10,0.0544
KTM RC 200cc 2018,2018,12000.0,first owner,kaithal,35.0,25.1,150000,200.0,KTM,6,0.1255
Bajaj CT 100 ES Alloy 2018,2018,29065.0,first owner,gurgaon,67.0,8.1,27000,100.0,Bajaj,6,0.081
TVS Apache RTR 180cc 2014,2014,45.0,first owner,murshidabad,45.0,17.2,44775,180.0,TVS,10,0.09555555555555555
Yamaha FZ-FI V 3.0 150cc ABS BS6 2020,2020,36000.0,first owner,vadodara,40.0,12.2,94525,150.0,Yamaha,4,0.08133333333333333
Hero Glamour 125cc 2018,2018,10000.0,first owner,delhi,45.0,6.72,55000,125.0,Hero,6,0.053759999999999995
Honda CB ShineSP 125cc CBS 2019,2019,65.0,first owner,delhi,65.0,10.0,53000,125.0,Honda,5,0.08
KTM Duke 390cc BS6 2020,2020,4520.0,first owner,jabalpur,25.0,42.9,260000,390.0,KTM,4,0.11
Honda CB Shine 125cc 2010,2010,65.0,first owner,coimbatore,65.0,10.0,32000,125.0,Honda,14,0.08
TVS Apache RTR 180cc 2016,2016,45.0,first owner,gurgaon,45.0,17.3,68000,180.0,TVS,8,0.09611111111111112
Bajaj Pulsar RS200 2017,2017,35.0,first owner,delhi,35.0,24.5,90000,200.0,Bajaj,7,0.1225
Hero Passion Xpro 110cc 2015,2015,145000.0,first owner,delhi,55.0,6.72,28200,110.0,Hero,9,0.06109090909090909
KTM 390 Adventure BS6 2020,2020,1025.0,first owner,hyderabad,40.0,42.3,340000,390.0,KTM,4,0.10846153846153846
Yamaha FZ S V 2.0 150cc Rear Disc 2018,2018,58.0,first owner,ahmedabad,58.0,13.0,70000,150.0,Yamaha,6,0.08666666666666667
Jawa Forty Two 295CC 2019,2019,7500.0,first owner,jaipur,40.0,27.0,138300,295.0,Jawa,5,0.09152542372881356
Royal Enfield Continental GT 535cc 2014,2014,20000.0,first owner,delhi,26.0,29.1,90000,535.0,Royal Enfield,10,0.05439252336448598
Suzuki Gixxer 150cc 2018,2018,36500.0,second owner,siddipet,63.0,14.0,75000,150.0,Suzuki,6,0.09333333333333334
Royal Enfield Classic 350 S ABS 2020,2020,3500.0,first owner,kolkata,35.0,19.8,200000,350.0,Royal Enfield,4,0.05657142857142857
Bajaj V15 150cc 2015,2015,18000.0,first owner,vadodara,57.0,11.8,35216,150.0,Bajaj,9,0.07866666666666668
Hero CBZ Xtreme 150cc 2015,2015,25000.0,first owner,vadodara,65.0,14.4,29760,150.0,Hero,9,0.096
Honda Livo 110cc 2016,2016,55.0,first owner,vadodara,55.0,8.25,37200,110.0,Honda,8,0.075
Hero Splendor Plus Kick Alloy 100cc 2014,2014,50000.0,second owner,baghpat,81.0,8.2,25000,100.0,Hero,10,0.08199999999999999
TVS Apache RTR 160cc 2018,2018,60.0,first owner,bangalore,60.0,15.2,55000,160.0,TVS,6,0.095
Royal Enfield Classic Gunmetal Grey 350cc 2018,2018,8000.0,first owner,mumbai,35.0,19.8,155625,350.0,Royal Enfield,6,0.05657142857142857
Triumph Street Twin 900cc 2018,2018,4000.0,first owner,mumbai,20.0,54.2,726250,900.0,Triumph,6,0.060222222222222226
Honda CB Hornet 160R CBS 2017,2017,52.0,third owner,bangalore,52.0,15.44,58000,160.0,Honda,7,0.0965
Yamaha YZF-R15 V3 Darknight edition 2019,2019,8200.0,first owner,bhavnagar,40.0,18.7,145000,150.0,Yamaha,5,0.12466666666666666
Yamaha YZF-R15 150cc 2011,2011,27000.0,first owner,mumbai,42.0,16.0,42400,150.0,Yamaha,13,0.10666666666666667
TVS Apache RTR 200 4V Carburetor 2017,2017,40.0,second owner,bangalore,40.0,20.7,75000,200.0,TVS,7,0.1035
Hero Glamour 125cc 2013,2013,48000.0,first owner,bangalore,55.0,8.9,30000,125.0,Hero,11,0.0712
Royal Enfield Thunderbird 350cc 2018,2018,9800.0,first owner,bangalore,40.0,19.8,146600,350.0,Royal Enfield,6,0.05657142857142857
Royal Enfield Classic Stealth Black 500cc 2019,2019,21000.0,first owner,islampur,32.0,27.2,175000,500.0,Royal Enfield,5,0.0544
TVS Apache RR310 BS6 2020,2020,6600.0,first owner,muzaffarnagar,22.0,33.0,244000,310.0,TVS,4,0.1064516129032258
Bajaj Platina 100cc 2014,2014,104.0,second owner,gurgaon,104.0,8.2,27000,100.0,Bajaj,10,0.08199999999999999
Hero Passion Xpro 110cc 2014,2014,27000.0,first owner,delhi,55.0,6.72,37000,110.0,Hero,10,0.06109090909090909
TVS Apache RTR 180cc 2014,2014,45.0,first owner,lakhimpur kheri,45.0,17.2,41400,180.0,TVS,10,0.09555555555555555
Royal Enfield Thunderbird 350cc 2016,2016,20000.0,second owner,bangalore,40.0,19.8,119300,350.0,Royal Enfield,8,0.05657142857142857
Bajaj Pulsar NS160 2018,2018,40000.0,first owner,lucknow,40.0,15.5,64500,160.0,Bajaj,6,0.096875
Royal Enfield Thunderbird 500cc 2017,2017,6100.0,first owner,delhi,25.0,27.2,160000,500.0,Royal Enfield,7,0.0544
Bajaj Pulsar 220F 2017,2017,17000.0,first owner,vapi,38.0,21.0,90000,220.0,Bajaj,7,0.09545454545454546
Bajaj Pulsar 135LS 2011,2011,56735.0,first owner,vadodara,64.0,13.0,18000,135.0,Bajaj,13,0.0962962962962963
Bajaj CT 100 ES Alloy 2019,2019,15452.0,first owner,gurgaon,67.0,8.1,30000,100.0,Bajaj,5,0.081
KTM Duke 200cc 2018,2018,9221.0,first owner,delhi,35.0,24.6,130000,200.0,KTM,6,0.12300000000000001
Yamaha FZ25 250cc 2017,2017,30000.0,first owner,kannamangalam,43.0,20.3,87700,250.0,Yamaha,7,0.08120000000000001
Royal Enfield Thunderbird 350cc 2015,2015,15492.0,first owner,delhi,40.0,19.8,88000,350.0,Royal Enfield,9,0.05657142857142857
TVS Apache RTR 160 4V Disc 2019,2019,98000.0,third owner,jaipur,40.0,16.1,50000,160.0,TVS,5,0.100625
Honda CB Shine 125cc 2008,2008,65.0,first owner,gurgaon,65.0,10.0,15000,125.0,Honda,16,0.08
TVS Apache RTR 200 4V Fi 2016,2016,40.0,second owner,pune,40.0,20.23,85000,200.0,TVS,8,0.10115
TVS Apache RTR 160 4V Carburetor With Rear Disc 2019,2019,15490.0,first owner,pune,40.0,16.1,86690,160.0,TVS,5,0.100625
Royal Enfield Continental GT 535cc 2015,2015,20000.0,first owner,surat,26.0,29.1,135000,535.0,Royal Enfield,9,0.05439252336448598
Bajaj Avenger Street 220 2018,2018,11204.0,first owner,mumbai,53.0,19.0,85000,220.0,Bajaj,6,0.08636363636363636
Honda CBR 250R ABS 2012,2012,38.0,first owner,kolkata,38.0,26.15,64200,250.0,Honda,12,0.1046
Royal Enfield Bullet 350cc 2015,2015,30000.0,second owner,gorakhpur,37.0,19.8,120000,350.0,Royal Enfield,9,0.05657142857142857
TVS Apache 150cc 2015,2015,2500.0,first owner,ludhiana,54.0,13.7,48750,150.0,TVS,9,0.09133333333333332
Royal Enfield Classic Gunmetal Grey 350cc 2018,2018,23000.0,first owner,irinjalakuda,35.0,19.8,128000,350.0,Royal Enfield,6,0.05657142857142857
Suzuki GSX-R 1000cc 2010,2010,19298.0,fourth owner or more,delhi,12.0,160.0,375000,1000.0,Suzuki,14,0.16
Bajaj Avenger 220cc 2014,2014,30000.0,first owner,bangalore,40.0,19.0,53000,220.0,Bajaj,10,0.08636363636363636
Kawasaki Ninja 300 ABS 2019,2019,4368.0,first owner,bangalore,25.0,39.0,330000,300.0,Kawasaki,5,0.13
Bajaj Pulsar 180cc 2010,2010,39907.0,first owner,pune,65.0,15.0,28500,180.0,Bajaj,14,0.08333333333333333
Royal Enfield Classic 500cc Dual Disc 2018,2018,25000.0,first owner,pune,35.0,27.2,185000,500.0,Royal Enfield,6,0.0544
Yamaha MT-15 150cc 2019,2019,9535.0,first owner,delhi,40.0,19.0,133000,150.0,Yamaha,5,0.12666666666666668
Yamaha FZs 150cc 2018,2018,27994.0,first owner,hyderabad,45.0,13.0,88187,150.0,Yamaha,6,0.08666666666666667
Moto Guzzi Audace 1380cc 2020,2020,900.0,first owner,pune,12.0,94.68,1866057,1380.0,Moto,4,0.06860869565217392
Triumph Street Triple 675cc 2015,2015,14700.0,first owner,indore,20.0,77.0,580000,675.0,Triumph,9,0.11407407407407408
Bajaj V15 150cc 2018,2018,15000.0,second owner,kakinada,57.0,11.8,45000,150.0,Bajaj,6,0.07866666666666668
Royal Enfield Thunderbird 350cc 2017,2017,6836.0,first owner,bangalore,40.0,19.8,99000,350.0,Royal Enfield,7,0.05657142857142857
Royal Enfield Thunderbird 350cc 2014,2014,31500.0,first owner,bangalore,40.0,19.8,77572,350.0,Royal Enfield,10,0.05657142857142857
KTM Duke 200cc 2013,2013,23000.0,third owner,mumbai,35.0,25.0,40000,200.0,KTM,11,0.125
Hero Ignitor Disc 125cc 2017,2017,34000.0,first owner,kolkata,55.0,11.0,55000,125.0,Hero,7,0.088
Hero Ignitor 125cc 2014,2014,60000.0,first owner,nashik,55.0,11.0,28000,125.0,Hero,10,0.088
Royal Enfield Thunderbird 350cc 2017,2017,24745.0,first owner,bangalore,40.0,19.8,125000,350.0,Royal Enfield,7,0.05657142857142857
Royal Enfield Bullet 350cc 2008,2008,11362.0,second owner,chandigarh,37.0,19.8,155000,350.0,Royal Enfield,16,0.05657142857142857
Royal Enfield Classic 500cc 2013,2013,9707.0,first owner,chandigarh,32.0,27.2,120000,500.0,Royal Enfield,11,0.0544
TVS Apache RTR 160 4V DRUM ABS BS6 2020,2020,14000.0,first owner,kadapa,40.0,15.6,125000,160.0,TVS,4,0.0975
Bajaj Pulsar 150cc 2013,2013,65.0,first owner,chennai,65.0,14.85,35000,150.0,Bajaj,11,0.09899999999999999
Royal Enfield Classic 350cc 2019,2019,9164.0,first owner,chandigarh,35.0,19.8,185000,350.0,Royal Enfield,5,0.05657142857142857
KTM Duke 390cc 2013,2013,6500.0,first owner,bangalore,25.0,44.0,125000,390.0,KTM,11,0.11282051282051282
Royal Enfield Standard 350cc 2014,2014,40.0,first owner,chandigarh,40.0,19.8,130000,350.0,Royal Enfield,10,0.05657142857142857
Hero Achiever 150cc 2012,2012,32000.0,second owner,varanasi,45.0,13.0,15000,150.0,Hero,12,0.08666666666666667
Royal Enfield Bullet 350cc 2016,2016,13792.0,first owner,chandigarh,37.0,19.8,140000,350.0,Royal Enfield,8,0.05657142857142857
Royal Enfield Bullet 350cc 2015,2015,7524.0,first owner,chandigarh,37.0,19.8,135000,350.0,Royal Enfield,9,0.05657142857142857
Royal Enfield Thunderbird 350cc 2006,2006,11000.0,second owner,bangalore,30.0,19.8,125000,350.0,Royal Enfield,18,0.05657142857142857
Royal Enfield Classic 350cc 2016,2016,31500.0,first owner,gautam buddha nagar,35.0,19.8,120000,350.0,Royal Enfield,8,0.05657142857142857
Royal Enfield Thunderbird 350cc 2010,2010,4950.0,first owner,mumbai,35.0,19.8,70000,350.0,Royal Enfield,14,0.05657142857142857
Bajaj Pulsar 135LS 2013,2013,110000.0,first owner,pune,64.0,13.0,28999,135.0,Bajaj,11,0.0962962962962963
Royal Enfield Bullet Electra 350cc 2010,2010,44000.0,first owner,ahmedabad,40.0,19.8,60000,350.0,Royal Enfield,14,0.05657142857142857
Bajaj Pulsar RS200 2016,2016,35.0,first owner,mumbai,35.0,24.5,67222,200.0,Bajaj,8,0.1225
TVS Apache RTR 180cc 2011,2011,45.0,first owner,noida,45.0,17.2,40000,180.0,TVS,13,0.09555555555555555
Bajaj Pulsar 150cc 2006,2006,65.0,second owner,bangalore,65.0,14.85,9000,150.0,Bajaj,18,0.09899999999999999
Royal Enfield Thunderbird 350cc 2016,2016,26000.0,first owner,tambaram,40.0,19.8,123100,350.0,Royal Enfield,8,0.05657142857142857
Hero Passion Plus 100cc 2009,2009,23903.0,first owner,jamshedpur,55.0,7.5,14000,100.0,Hero,15,0.075
Benelli TNT 899 2017,2017,5000.0,second owner,bangalore,17.0,119.37,600000,899.0,Benelli,7,0.1327808676307008
TVS Sport 100cc 2016,2016,42000.0,first owner,faridabad,95.0,7.4,25000,100.0,TVS,8,0.07400000000000001
Royal Enfield Himalayan 410cc Sleet ABS 2019,2019,16000.0,first owner,kolkata,32.0,24.5,190000,410.0,Royal Enfield,5,0.05975609756097561
Hero Passion Pro 100cc 2013,2013,22000.0,first owner,vadodara,5.0,8.2,34720,100.0,Hero,11,0.08199999999999999
Bajaj V15 150cc 2017,2017,18000.0,second owner,delhi,57.0,11.8,42000,150.0,Bajaj,7,0.07866666666666668
Harley-Davidson Street 750 2015,2015,6500.0,first owner,delhi,20.0,47.0,380000,750.0,Harley-Davidson,9,0.06266666666666666
Hyosung GT250R 2012,2012,25000.0,second owner,kanpur,30.0,28.0,190000,250.0,Hyosung,12,0.112
Hero Splendor Plus 100cc 2013,2013,24460.0,first owner,pune,81.0,8.2,40000,100.0,Hero,11,0.08199999999999999
Bajaj Dominar 400 2019,2019,28.0,first owner,bangalore,28.0,34.5,200000,400.0,Bajaj,5,0.08625
Hyosung GT250R 2014,2014,11000.0,second owner,delhi,30.0,28.0,165000,250.0,Hyosung,10,0.112
Bajaj V15 150cc 2016,2016,6725.0,second owner,delhi,57.0,11.8,26000,150.0,Bajaj,8,0.07866666666666668
Royal Enfield Classic Desert Storm 500cc 2017,2017,27000.0,first owner,aluva,32.0,27.2,135000,500.0,Royal Enfield,7,0.0544
KTM 390 Adventure BS6 2020,2020,10000.0,first owner,mumbai,40.0,42.3,352750,390.0,KTM,4,0.10846153846153846
KTM Duke 200cc 2016,2016,10000.0,first owner,mumbai,35.0,24.6,114125,200.0,KTM,8,0.12300000000000001
Suzuki Gixxer SF Fi 150cc 2018,2018,12892.0,first owner,delhi,40.0,14.6,62200,150.0,Suzuki,6,0.09733333333333333
Bajaj V15 150cc 2017,2017,22000.0,first owner,ghaziabad,57.0,11.8,38500,150.0,Bajaj,7,0.07866666666666668
Honda CB Shine 125cc Disc 2013,2013,65.0,first owner,indore,65.0,10.0,35000,125.0,Honda,11,0.08
Honda H’ness CB 350 DLX Pro 2020,2020,4241.0,first owner,gurgaon,45.8,20.78,185000,350.0,Honda,4,0.059371428571428575
Bajaj Platina 100cc 2019,2019,104.0,first owner,gurgaon,104.0,8.1,42000,100.0,Bajaj,5,0.081
Bajaj Avenger Cruise 220 2016,2016,14160.0,first owner,delhi,35.0,19.0,58000,220.0,Bajaj,8,0.08636363636363636
Hero CBZ Xtreme 150cc 2011,2011,45000.0,second owner,surat,65.0,14.4,20000,150.0,Hero,13,0.096
Hero Passion Xpro Disc 2019,2019,14000.0,first owner,delhi,55.0,8.0,50000,109.0,Hero,5,0.07339449541284404
Yamaha Fazer 150cc 2014,2014,45.0,first owner,pen,45.0,13.0,37999,150.0,Yamaha,10,0.08666666666666667
Bajaj V15 150cc 2016,2016,26500.0,second owner,delhi,57.0,11.8,33500,150.0,Bajaj,8,0.07866666666666668
TVS Apache RTR 160 4V Disc 2018,2018,51000.0,first owner,delhi,40.0,16.1,48000,160.0,TVS,6,0.100625
TVS Apache RTR 160cc 2009,2009,60.0,first owner,pune,60.0,15.2,31125,160.0,TVS,15,0.095
Honda CD 110 Dream 2015,2015,84.0,first owner,jaipur,84.0,8.25,33000,110.0,Honda,9,0.075
Royal Enfield Thunderbird 350cc 2011,2011,75000.0,first owner,mumbai,35.0,19.8,80000,350.0,Royal Enfield,13,0.05657142857142857
Bajaj V15 150cc 2016,2016,30000.0,first owner,meerut,57.0,11.8,31300,150.0,Bajaj,8,0.07866666666666668
Bajaj Pulsar 220F ABS FI BS6 2021,2021,550.0,first owner,delhi,38.5,20.11,145000,220.0,Bajaj,3,0.09140909090909091
Bajaj Pulsar 200 NS 200cc 2012,2012,35.0,first owner,pune,35.0,23.19,41300,200.0,Bajaj,12,0.11595000000000001
TVS Apache 150cc 2012,2012,45.0,second owner,bangalore,45.0,13.7,20000,150.0,TVS,12,0.09133333333333332
KTM RC 200cc 2016,2016,18000.0,first owner,bangalore,35.0,25.1,145000,200.0,KTM,8,0.1255
Hero Xtreme 200R ABS 2020,2020,1500.0,first owner,jhabua,39.4,18.1,80000,200.0,Hero,4,0.09050000000000001
Honda CB Trigger 150cc 2015,2015,60.0,second owner,surat,60.0,14.0,45000,150.0,Honda,9,0.09333333333333334
KTM RC 125CC BS6 2021,2021,1000.0,first owner,mumbai,40.0,14.5,166000,125.0,KTM,3,0.116
KTM Duke 200cc 2013,2013,18500.0,first owner,bangalore,35.0,25.0,85000,200.0,KTM,11,0.125
Harley-Davidson Street Rod 2018,2018,5700.0,first owner,bangalore,25.0,70.0,560000,749.0,Harley-Davidson,6,0.09345794392523364
Harley-Davidson Street 750 2016,2016,9600.0,first owner,bangalore,20.0,47.0,360000,750.0,Harley-Davidson,8,0.06266666666666666
Harley-Davidson Street 750 ABS 2017,2017,6200.0,first owner,bangalore,20.0,47.0,486200,750.0,Harley-Davidson,7,0.06266666666666666
Hero Passion Pro 100cc 2012,2012,26000.0,first owner,delhi,5.0,8.2,28000,100.0,Hero,12,0.08199999999999999
Bajaj Pulsar 220cc 2012,2012,25463.0,second owner,delhi,38.0,21.0,38000,220.0,Bajaj,12,0.09545454545454546
TVS Apache RTR 160cc Rear Disc ABS BS6 2020,2020,45.0,first owner,indore,45.0,15.1,103000,160.0,TVS,4,0.094375
Royal Enfield Standard 500cc 2015,2015,22800.0,first owner,belgaum,37.0,26.1,127700,500.0,Royal Enfield,9,0.0522
Bajaj V15 150cc 2018,2018,17000.0,first owner,lucknow,57.0,11.8,45000,150.0,Bajaj,6,0.07866666666666668
Bajaj Pulsar NS200 2017,2017,42.0,first owner,jaipur,42.0,23.2,80000,200.0,Bajaj,7,0.11599999999999999
Bajaj Pulsar 180cc 2004,2004,50.0,second owner,jaipur,50.0,16.78,15000,180.0,Bajaj,20,0.09322222222222223
Bajaj V15 150cc 2017,2017,10000.0,first owner,jalandhar,57.0,11.8,39000,150.0,Bajaj,7,0.07866666666666668
TVS Apache RTR 200 4V Carburetor 2017,2017,40.0,first owner,chandigarh,40.0,20.7,90000,200.0,TVS,7,0.1035
Bajaj Pulsar NS200 2014,2014,35.0,first owner,chandigarh,35.0,23.19,80000,200.0,Bajaj,10,0.11595000000000001
KTM Duke 390cc BS6 2020,2020,3000.0,first owner,mumbai,25.0,42.9,347562,390.0,KTM,4,0.11
TVS Apache RTR 160 4V DISC ABS BS6 2020,2020,7850.0,first owner,davanagere,40.0,15.6,111000,160.0,TVS,4,0.0975
Yamaha FZ25 250cc 2017,2017,19050.0,first owner,bangalore,43.0,20.3,100000,250.0,Yamaha,7,0.08120000000000001
KTM Duke 250cc 2018,2018,28000.0,first owner,nashik,40.0,29.6,153300,250.0,KTM,6,0.1184
Yamaha FZs 150cc 2012,2012,38000.0,second owner,mohali,45.0,13.0,50000,150.0,Yamaha,12,0.08666666666666667
Hero Super Splendor 125cc 2007,2007,59000.0,first owner,ghaziabad,75.0,9.0,15000,125.0,Hero,17,0.072
Bajaj Pulsar 180cc 2015,2015,73000.0,second owner,chandigarh,45.0,17.0,45000,180.0,Bajaj,9,0.09444444444444444
Bajaj Avenger 220cc 2015,2015,24000.0,first owner,bangalore,40.0,19.0,45000,220.0,Bajaj,9,0.08636363636363636
Bajaj Pulsar 150cc 2011,2011,65.0,third owner,tonk,65.0,14.85,24000,150.0,Bajaj,13,0.09899999999999999
UM Renegade Sport S 2019,2019,8600.0,third owner,kanpur,35.0,24.8,95000,279.0,UM,5,0.08888888888888889
Honda CB Unicorn 150cc 2011,2011,60.0,first owner,jaipur,60.0,14.0,35000,150.0,Honda,13,0.09333333333333334
Royal Enfield Classic 350cc 2015,2015,30000.0,first owner,hyderabad,35.0,19.8,165000,350.0,Royal Enfield,9,0.05657142857142857
Hero CBZ 150cc 2007,2007,20000.0,first owner,ludhiana,65.0,12.8,16000,150.0,Hero,17,0.08533333333333334
Royal Enfield Thunderbird 350cc 2006,2006,75000.0,second owner,bangalore,30.0,19.8,50000,350.0,Royal Enfield,18,0.05657142857142857
Bajaj Pulsar 150cc 2008,2008,65.0,first owner,surat,65.0,14.85,30000,150.0,Bajaj,16,0.09899999999999999
Royal Enfield Classic Desert Storm 500cc 2015,2015,17550.0,first owner,delhi,32.0,27.2,110000,500.0,Royal Enfield,9,0.0544
Bajaj Pulsar 135LS 2016,2016,59000.0,first owner,hyderabad,64.0,13.0,30000,135.0,Bajaj,8,0.0962962962962963
Hero Passion Pro i3S Alloy 100cc IBS 2019,2019,16100.0,first owner,noida,84.0,8.2,44400,100.0,Hero,5,0.08199999999999999
Bajaj Platina 100cc 2007,2007,104.0,first owner,ahmedabad,104.0,8.2,20000,100.0,Bajaj,17,0.08199999999999999
Honda CB ShineSP 125cc 2017,2017,65.0,second owner,jaipur,65.0,10.0,41000,125.0,Honda,7,0.08
Bajaj Pulsar 135LS 2009,2009,26333.0,second owner,jaipur,64.0,13.0,24000,135.0,Bajaj,15,0.0962962962962963
Royal Enfield Classic 350cc 2015,2015,15182.0,first owner,chennai,35.0,19.8,110000,350.0,Royal Enfield,9,0.05657142857142857
Honda SP125 Drum BS6 2020,2020,10700.0,first owner,surat,40.0,10.72,80000,125.0,Honda,4,0.08576
KTM Duke 200cc 2018,2018,3000.0,first owner,mumbai,35.0,24.6,96000,200.0,KTM,6,0.12300000000000001
KTM RC 390cc 2015,2015,12000.0,first owner,bhopal,26.0,43.0,130600,390.0,KTM,9,0.11025641025641025
Hero Karizma ZMR 223cc 2014,2014,35000.0,second owner,indore,48.0,20.0,33000,223.0,Hero,10,0.08968609865470852
Bajaj Pulsar 180cc 2010,2010,45000.0,first owner,patna,65.0,15.0,25000,180.0,Bajaj,14,0.08333333333333333
Royal Enfield Meteor 350 Fireball 2021,2021,1100.0,first owner,mumbai,40.0,20.2,217875,350.0,Royal Enfield,3,0.05771428571428571
Bajaj Pulsar 135LS 2012,2012,36000.0,first owner,gurgaon,64.0,13.0,7500,135.0,Bajaj,12,0.0962962962962963
Hero CBZ 150cc 2009,2009,28195.0,second owner,gurgaon,65.0,12.8,16000,150.0,Hero,15,0.08533333333333334
Bajaj Pulsar 150cc 2006,2006,65.0,first owner,gurgaon,65.0,14.85,9200,150.0,Bajaj,18,0.09899999999999999
Bajaj  Pulsar 180cc 2008,2008,40000.0,first owner,gurgaon,45.0,17.0,20000,180.0,Bajaj,16,0.09444444444444444
Bajaj Pulsar 150cc 2014,2014,65.0,first owner,gurgaon,65.0,14.85,27000,150.0,Bajaj,10,0.09899999999999999
Bajaj Discover 135cc 2007,2007,18000.0,first owner,chennai,65.0,9.64,15000,135.0,Bajaj,17,0.0714074074074074
KTM Duke 200cc 2013,2013,20000.0,first owner,surat,35.0,25.0,60000,200.0,KTM,11,0.125
Benelli 302R 300CC 2017,2017,13236.0,first owner,chennai,40.0,38.26,218000,300.0,Benelli,7,0.12753333333333333
Honda CB Unicorn 160 STD 2015,2015,52.0,first owner,chennai,52.0,13.82,60000,160.0,Honda,9,0.08637500000000001
Hero Xtreme 150cc 2016,2016,28000.0,first owner,pune,50.0,14.2,50000,150.0,Hero,8,0.09466666666666666
Bajaj Discover 100cc 2013,2013,80.0,second owner,balaghat,80.0,7.7,14400,100.0,Bajaj,11,0.077
Hero Passion Xpro 110cc 2014,2014,46000.0,second owner,hyderabad,55.0,6.72,36000,110.0,Hero,10,0.06109090909090909
TVS Apache RTR 160cc 2016,2016,60.0,second owner,nashik,60.0,15.2,60000,160.0,TVS,8,0.095
Royal Enfield Interceptor 650cc BS6 2020,2020,25.0,first owner,mumbai,25.0,47.0,250000,650.0,Royal Enfield,4,0.07230769230769231
Royal Enfield Classic 350 S ABS 2019,2019,23000.0,first owner,thanjavur,35.0,19.8,155000,350.0,Royal Enfield,5,0.05657142857142857
Royal Enfield Continental GT 535cc 2014,2014,30000.0,first owner,pune,26.0,29.1,104000,535.0,Royal Enfield,10,0.05439252336448598
Kawasaki Ninja 300cc 2013,2013,25000.0,first owner,hyderabad,25.0,39.0,160000,300.0,Kawasaki,11,0.13
Hero Xpulse 200cc BS6 2020,2020,3195.0,first owner,rajkot,46.4,17.8,100000,200.0,Hero,4,0.08900000000000001
Honda CB ShineSP 125cc 2016,2016,65.0,first owner,delhi,65.0,10.0,35900,125.0,Honda,8,0.08
Bajaj Pulsar AS200 2015,2015,42.0,first owner,bangalore,42.0,23.2,38250,200.0,Bajaj,9,0.11599999999999999
Royal Enfield Himalayan 410cc 2017,2017,39980.0,first owner,bangalore,32.0,24.5,135000,410.0,Royal Enfield,7,0.05975609756097561
Hero Splendor 100cc 2002,2002,24000.0,second owner,pune,45.0,7.44,20580,100.0,Hero,22,0.07440000000000001
Honda SP125 Disc BS6 2021,2021,1300.0,first owner,lucknow,40.0,10.72,81999,125.0,Honda,3,0.08576
KTM RC 390cc BS6 2020,2020,1000.0,first owner,delhi,26.0,42.3,257000,390.0,KTM,4,0.10846153846153846
Royal Enfield Classic 350cc ABS 2019,2019,11000.0,first owner,mumbai,35.0,19.8,181562,350.0,Royal Enfield,5,0.05657142857142857
Suzuki Gixxer 150cc 2016,2016,21500.0,first owner,chennai,63.0,14.0,65000,150.0,Suzuki,8,0.09333333333333334
Bajaj Dominar 400 ABS 2017,2017,28.0,first owner,bangalore,28.0,34.5,155000,400.0,Bajaj,7,0.08625
Bajaj Discover 125cc 2011,2011,73000.0,first owner,ahmedabad,65.0,12.5,9999,125.0,Bajaj,13,0.1
Bajaj Pulsar 220F 2012,2012,45000.0,first owner,jabalpur,38.0,21.0,60000,220.0,Bajaj,12,0.09545454545454546
Bajaj Pulsar RS200 2018,2018,35.0,first owner,bangalore,35.0,24.5,135000,200.0,Bajaj,6,0.1225
Hero Super Splendor 125cc 2019,2019,4000.0,first owner,jaipur,75.0,9.0,50000,125.0,Hero,5,0.072
Benelli 302R 300CC 2017,2017,17000.0,first owner,chennai,40.0,38.26,250000,300.0,Benelli,7,0.12753333333333333
Yamaha YZF-R15 V3 150cc 2019,2019,5000.0,first owner,chandigarh,40.0,18.7,150000,150.0,Yamaha,5,0.12466666666666666
Bajaj Pulsar RS200 2018,2018,35.0,first owner,chandigarh,35.0,24.5,135000,200.0,Bajaj,6,0.1225
Royal Enfield Classic Gunmetal Grey 350cc ABS 2019,2019,11000.0,first owner,chandigarh,35.0,19.8,190000,350.0,Royal Enfield,5,0.05657142857142857
TVS Apache RTR 160cc 2019,2019,60.0,first owner,chandigarh,60.0,15.2,95000,160.0,TVS,5,0.095
TVS Apache RTR 180cc 2019,2019,45.0,second owner,jaipur,45.0,17.3,78000,180.0,TVS,5,0.09611111111111112
TVS Victor 110cc 2016,2016,74.0,first owner,jaipur,74.0,9.4,35000,110.0,TVS,8,0.08545454545454546
KTM Duke 125cc BS6 2021,2021,3400.0,first owner,jaipur,40.0,14.3,155000,125.0,KTM,3,0.1144
Royal Enfield Classic Desert Storm 500cc 2014,2014,24500.0,first owner,aligarh,32.0,27.2,130000,500.0,Royal Enfield,10,0.0544
KTM RC 200cc 2016,2016,12000.0,first owner,chandigarh,35.0,25.1,155000,200.0,KTM,8,0.1255
BMW G 310 R 2019,2019,1500.0,first owner,chandigarh,40.0,33.0,240000,310.0,BMW,5,0.1064516129032258
Royal Enfield Interceptor 650cc 2019,2019,15000.0,first owner,chandigarh,40.0,47.0,275000,650.0,Royal Enfield,5,0.07230769230769231
Royal Enfield Bullet 350cc 1999,1999,20000.0,second owner,chandigarh,37.0,19.8,92000,350.0,Royal Enfield,25,0.05657142857142857
Honda CD 110 Dream 2019,2019,84.0,first owner,jaipur,84.0,8.25,45000,110.0,Honda,5,0.075
Bajaj Pulsar RS200 2015,2015,35.0,first owner,jaipur,35.0,24.16,60000,200.0,Bajaj,9,0.1208
Royal Enfield Classic 350cc 2017,2017,11300.0,first owner,jaipur,35.0,19.8,125000,350.0,Royal Enfield,7,0.05657142857142857
Yamaha FZ S V 2.0 150cc 2019,2019,58.0,first owner,jaipur,58.0,13.0,67000,150.0,Yamaha,5,0.08666666666666667
Royal Enfield Bullet Electra 350cc 2014,2014,25765.0,second owner,delhi,40.0,19.8,90000,350.0,Royal Enfield,10,0.05657142857142857
Suzuki Gixxer 150cc 2015,2015,11250.0,first owner,bangalore,63.0,14.0,48400,150.0,Suzuki,9,0.09333333333333334
Suzuki Gixxer SF 150cc SP Rear Disc 2017,2017,31000.0,second owner,ambala,40.0,14.6,55000,150.0,Suzuki,7,0.09733333333333333
TVS Apache RTR 160cc 2020,2020,60.0,first owner,jaipur,60.0,15.2,80000,160.0,TVS,4,0.095
Yamaha YZF-R3 320cc 2016,2016,24000.0,first owner,coimbatore,22.0,41.4,240000,320.0,Yamaha,8,0.129375
Triumph Street Triple 765 2018,2018,23000.0,second owner,mumbai,20.0,111.0,696824,765.0,Triumph,6,0.1450980392156863
Yamaha YZF-R15 V3 Darknight edition BS VI 2019,2019,13001.0,second owner,faridabad,40.0,18.3,98000,150.0,Yamaha,5,0.12200000000000001
Hero Honda Splendor 100cc 2011,2011,1550.0,first owner,thiruvananthapuram,45.0,6.15,15000,100.0,Hero,13,0.061500000000000006
Yamaha YZF-R15 2.0 150cc 2016,2016,30000.0,first owner,hyderabad,42.0,16.7,83000,150.0,Yamaha,8,0.11133333333333333
Yamaha YZF-R15 2.0 150cc 2016,2016,30000.0,second owner,hyderabad,42.0,16.7,68000,150.0,Yamaha,8,0.11133333333333333
Yamaha YZF-R15 V3 150CC ABS 2019,2019,49000.0,first owner,hyderabad,40.0,18.7,90000,150.0,Yamaha,5,0.12466666666666666
Bajaj Discover 150F 2015,2015,70.0,second owner,mumbai,70.0,13.0,35000,150.0,Bajaj,9,0.08666666666666667
Honda CB Twister 110cc 2012,2012,71.0,first owner,lucknow,71.0,9.0,30000,110.0,Honda,12,0.08181818181818182
Royal Enfield Classic 350cc-Redditch Edition Dual Disc 2018,2018,16000.0,first owner,gurgaon,35.0,19.8,140000,350.0,Royal Enfield,6,0.05657142857142857
Hero HF Deluxe Self 100cc 2016,2016,14321.0,first owner,gurgaon,55.0,6.15,30000,100.0,Hero,8,0.061500000000000006
Bajaj Pulsar 200 NS 200cc 2014,2014,25000.0,first owner,chennai,40.0,24.2,60000,200.0,Bajaj,10,0.121
Bajaj Pulsar AS200 2015,2015,42.0,first owner,roorkee,42.0,23.2,60000,200.0,Bajaj,9,0.11599999999999999
Royal Enfield Classic 350cc 2017,2017,20500.0,second owner,delhi,35.0,19.8,130000,350.0,Royal Enfield,7,0.05657142857142857
Hyosung Aquila Pro GV650 2017,2017,14500.0,first owner,kharagpur,16.0,74.0,320000,650.0,Hyosung,7,0.11384615384615385
Royal Enfield Classic 350cc 2019,2019,15000.0,first owner,chennai,35.0,19.8,112500,350.0,Royal Enfield,5,0.05657142857142857
Hyosung GT250R 2014,2014,10000.0,second owner,jatani,30.0,28.0,148800,250.0,Hyosung,10,0.112
Hero Splendor Plus 100cc 2013,2013,24537.0,first owner,jaipur,81.0,8.2,32000,100.0,Hero,11,0.08199999999999999
Royal Enfield‎ Bullet 350cc 1970,1970,5000.0,third owner,pune,25.0,19.8,190000,350.0,Royal Enfield,54,0.05657142857142857
TVS Star City 110cc 2011,2011,29042.0,first owner,bangalore,85.0,8.2,28000,110.0,TVS,13,0.07454545454545454
Bajaj Pulsar NS160 2017,2017,16000.0,first owner,bangalore,40.0,15.5,66000,160.0,Bajaj,7,0.096875
Honda CB Shine 125cc Disc 2019,2019,65.0,first owner,bangalore,65.0,10.0,85000,125.0,Honda,5,0.08
Yamaha FZs 150cc 2017,2017,14000.0,first owner,bangalore,45.0,13.0,70000,150.0,Yamaha,7,0.08666666666666667
Honda CD 110 Dream 2016,2016,84.0,first owner,ahmedabad,84.0,8.25,39000,110.0,Honda,8,0.075
Hero CD Deluxe 100cc 2010,2010,45000.0,second owner,jatani,65.0,7.7,24750,100.0,Hero,14,0.077
Bajaj Discover 100cc 2013,2013,80.0,first owner,pune,80.0,7.7,32175,100.0,Bajaj,11,0.077
Hero CBZ Xtreme 150cc 2011,2011,60000.0,first owner,pune,65.0,14.4,34650,150.0,Hero,13,0.096
Harley-Davidson Street 750 2018,2018,1300.0,first owner,jamshedpur,20.0,47.0,516600,750.0,Harley-Davidson,6,0.06266666666666666
Kawasaki Z900 2018,2018,6500.0,first owner,delhi,25.0,123.3,750000,900.0,Kawasaki,6,0.137
Hyosung GT650R 2011,2011,16000.0,second owner,mumbai,20.0,72.68,180000,650.0,Hyosung,13,0.11181538461538462
Honda CBR650F 2016,2016,13000.0,second owner,mumbai,18.0,85.8,674375,650.0,Honda,8,0.132
KTM RC 390cc 2017,2017,12400.0,first owner,balangir,26.0,42.3,230000,390.0,KTM,7,0.10846153846153846
Hyosung Aquila Pro GV650 2013,2013,7350.0,second owner,pune,16.0,74.0,300000,650.0,Hyosung,11,0.11384615384615385
TVS Apache RTR 200 4V Carburetor 2017,2017,40.0,first owner,gurgaon,40.0,20.7,83000,200.0,TVS,7,0.1035
Royal Enfield Thunderbird 350cc 2012,2012,35000.0,second owner,mumbai,40.0,19.8,72600,350.0,Royal Enfield,12,0.05657142857142857
Kawasaki Ninja 300cc 2017,2017,27000.0,first owner,chandigarh,25.0,39.0,225000,300.0,Kawasaki,7,0.13
Harley-Davidson Street 750 ABS 2018,2018,5722.0,first owner,mumbai,20.0,47.0,535000,750.0,Harley-Davidson,6,0.06266666666666666
Harley-Davidson Street Rod XG750A ABS 2017,2017,5600.0,first owner,rajnandgaon,25.0,70.0,510000,750.0,Harley-Davidson,7,0.09333333333333334
KTM Duke 390cc 2018,2018,8500.0,first owner,delhi,25.0,42.9,228800,390.0,KTM,6,0.11
Royal Enfield Thunderbird X 350cc 2018,2018,8700.0,first owner,thiruvallur,40.0,19.8,134000,350.0,Royal Enfield,6,0.05657142857142857
Royal Enfield Classic Desert Storm 500cc 2016,2016,15300.0,second owner,mumbai,32.0,27.2,115000,500.0,Royal Enfield,8,0.0544
Yamaha YZF-R15 S 150cc 2018,2018,3086.0,first owner,mumbai,42.0,16.0,71400,150.0,Yamaha,6,0.10666666666666667
Bajaj Pulsar RS200 2017,2017,35.0,first owner,thane,35.0,24.5,90000,200.0,Bajaj,7,0.1225
Bajaj Discover 135cc 2008,2008,87267.0,first owner,delhi,65.0,9.64,13600,135.0,Bajaj,16,0.0714074074074074
Hero Xtreme 200S 2020,2020,7000.0,first owner,visakhapatnam,40.0,18.1,97800,200.0,Hero,4,0.09050000000000001
Honda CB Trigger 150cc 2013,2013,60.0,first owner,satara,60.0,14.0,42000,150.0,Honda,11,0.09333333333333334
TVS Apache RTR 180cc 2015,2015,45.0,first owner,pen,45.0,17.2,37200,180.0,TVS,9,0.09555555555555555
Suzuki Gixxer Fi 150cc ABS 2020,2020,5100.0,first owner,vadodara,40.0,14.6,96700,150.0,Suzuki,4,0.09733333333333333
Royal Enfield Himalayan 410cc Fi ABS 2019,2019,7000.0,first owner,hamirpur(hp),32.0,24.5,177982,410.0,Royal Enfield,5,0.05975609756097561
Yamaha FZs 150cc 2017,2017,15000.0,first owner,delhi,45.0,13.0,62900,150.0,Yamaha,7,0.08666666666666667
Bajaj Discover 100M 2013,2013,80.0,first owner,delhi,80.0,9.1,29499,100.0,Bajaj,11,0.091
Royal Enfield Classic 350cc 2015,2015,19000.0,first owner,delhi,35.0,19.8,106000,350.0,Royal Enfield,9,0.05657142857142857
Hero CD Deluxe 100cc 2007,2007,46643.0,first owner,agra,65.0,7.7,12200,100.0,Hero,17,0.077
Bajaj Pulsar RS200 ABS 2016,2016,35.0,first owner,ahmednagar,35.0,24.5,91600,200.0,Bajaj,8,0.1225
Bajaj Pulsar 150cc 2007,2007,65.0,first owner,rajsamand,65.0,14.85,10500,150.0,Bajaj,17,0.09899999999999999
Bajaj Pulsar NS160 Rear Disc ABS 2019,2019,19000.0,first owner,nagapattinam,40.0,15.5,81000,160.0,Bajaj,5,0.096875
Royal Enfield Classic Gunmetal Grey 350cc 2018,2018,3500.0,first owner,patiala,35.0,19.8,135000,350.0,Royal Enfield,6,0.05657142857142857
Royal Enfield Thunderbird 500cc 2014,2014,16000.0,first owner,delhi,25.0,27.2,91000,500.0,Royal Enfield,10,0.0544
Royal Enfield Bullet Electra 350cc 2012,2012,35000.0,first owner,chennai,40.0,19.8,86200,350.0,Royal Enfield,12,0.05657142857142857
Royal Enfield Thunderbird 350cc 2016,2016,35000.0,second owner,ahmedabad,40.0,19.8,85000,350.0,Royal Enfield,8,0.05657142857142857
Bajaj Avenger 220cc 2016,2016,26000.0,first owner,surat,40.0,19.0,48500,220.0,Bajaj,8,0.08636363636363636
UM Renegade Commando Classic 2017,2017,21000.0,first owner,mumbai,35.0,25.0,135800,279.0,UM,7,0.08960573476702509
Honda Dream Neo 110cc 2013,2013,84.0,first owner,delhi,84.0,8.25,28500,110.0,Honda,11,0.075
Bajaj Avenger Cruise 220 2017,2017,15000.0,first owner,khedbrahma,35.0,19.0,55000,220.0,Bajaj,7,0.08636363636363636
KTM Duke 125cc 2019,2019,14000.0,first owner,kollam,40.0,14.3,111500,125.0,KTM,5,0.1144
Hero Passion Pro 100cc 2009,2009,34000.0,first owner,faridabad,5.0,8.2,15400,100.0,Hero,15,0.08199999999999999
Royal Enfield Classic Gunmetal Grey 350cc 2018,2018,13700.0,first owner,ahmedabad,35.0,19.8,150000,350.0,Royal Enfield,6,0.05657142857142857
Honda CB Trigger 150cc 2014,2014,60000.0,third owner,gurgaon,60.0,14.0,30500,150.0,Honda,10,0.09333333333333334
Royal Enfield Classic Squadron Blue 500cc 2017,2017,25000.0,first owner,delhi,25.0,27.2,120000,500.0,Royal Enfield,7,0.0544
KTM RC 390cc 2018,2018,23400.0,first owner,rahuri,26.0,42.3,184300,390.0,KTM,6,0.10846153846153846
Royal Enfield Thunderbird 350cc 2017,2017,8900.0,first owner,mumbai,40.0,19.8,115000,350.0,Royal Enfield,7,0.05657142857142857
Royal Enfield Thunderbird 500cc 2014,2014,16000.0,first owner,delhi,25.0,27.2,82000,500.0,Royal Enfield,10,0.0544
Suzuki Gixxer SF 150cc Rear Disc 2016,2016,10600.0,first owner,palanpur,40.0,14.6,46500,150.0,Suzuki,8,0.09733333333333333
Hyosung GT650R 2016,2016,5600.0,second owner,jaipur,20.0,72.68,320000,650.0,Hyosung,8,0.11181538461538462
Royal Enfield Thunderbird 350cc 2016,2016,33000.0,first owner,thane,40.0,19.8,92800,350.0,Royal Enfield,8,0.05657142857142857
Royal Enfield Bullet Electra 350cc 2012,2012,9821.0,first owner,delhi,40.0,19.8,62900,350.0,Royal Enfield,12,0.05657142857142857
Royal Enfield Classic 500cc 2016,2016,14900.0,first owner,mumbai,32.0,27.2,115000,500.0,Royal Enfield,8,0.0544
UM Renegade Commando 2017,2017,8000.0,first owner,delhi,35.0,24.8,110000,279.0,UM,7,0.08888888888888889
Royal Enfield Bullet Electra 350cc 2009,2009,23000.0,first owner,delhi,30.0,19.8,63700,350.0,Royal Enfield,15,0.05657142857142857
Harley-Davidson Street 750 2016,2016,10000.0,second owner,delhi,20.0,47.0,355000,750.0,Harley-Davidson,8,0.06266666666666666
KTM Duke 250cc ABS 2020,2020,5000.0,first owner,dehradun,40.0,29.6,180000,250.0,KTM,4,0.1184
Bajaj V15 150cc 2018,2018,17000.0,first owner,delhi,57.0,11.8,40000,150.0,Bajaj,6,0.07866666666666668
Yamaha FZS FI V3 2019,2019,21850.0,first owner,bhagalpur,40.0,13.0,80000,150.0,Yamaha,5,0.08666666666666667
Bajaj Discover 125cc 2005,2005,51259.0,first owner,delhi,65.0,12.5,7500,125.0,Bajaj,19,0.1
Suzuki Intruder 150cc FI 2018,2018,18500.0,first owner,bangalore,40.0,14.6,80000,150.0,Suzuki,6,0.09733333333333333
Hero Super Splendor 125cc 2007,2007,40000.0,first owner,faridabad,75.0,9.0,15800,125.0,Hero,17,0.072
Bajaj Dominar 400 ABS 2017,2017,28.0,first owner,delhi,28.0,34.5,101000,400.0,Bajaj,7,0.08625
Royal Enfield Classic Gunmetal Grey 350cc 2018,2018,21000.0,first owner,muzaffarpur,35.0,19.8,132500,350.0,Royal Enfield,6,0.05657142857142857
Yamaha YZF-R15 V3 150CC ABS 2019,2019,13900.0,first owner,kanpur nagar,40.0,18.7,120400,150.0,Yamaha,5,0.12466666666666666
Honda CB Trigger 150cc 2014,2014,23993.0,first owner,gurgaon,60.0,14.0,28500,150.0,Honda,10,0.09333333333333334
Bajaj Pulsar 220cc 2016,2016,36922.0,first owner,ahmedabad,38.0,21.0,44400,220.0,Bajaj,8,0.09545454545454546
Bajaj Pulsar 220F 2017,2017,35500.0,first owner,pune,38.0,21.0,58000,220.0,Bajaj,7,0.09545454545454546
Bajaj Dominar 400 2018,2018,28.0,second owner,virar,28.0,34.5,109000,400.0,Bajaj,6,0.08625
Royal Enfield Bullet 350cc 2015,2015,50000.0,first owner,hyderabad,37.0,19.8,110000,350.0,Royal Enfield,9,0.05657142857142857
Bajaj Avenger 220cc 2013,2013,29800.0,first owner,bangalore,40.0,19.0,41000,220.0,Bajaj,11,0.08636363636363636
Royal Enfield Thunderbird 350cc 2013,2013,37958.0,first owner,bangalore,40.0,19.8,98700,350.0,Royal Enfield,11,0.05657142857142857
Yamaha FZ25 250cc 2017,2017,2647.0,first owner,mumbai,43.0,20.3,98000,250.0,Yamaha,7,0.08120000000000001
Bajaj Pulsar RS200 2017,2017,35.0,first owner,delhi,35.0,24.5,94000,200.0,Bajaj,7,0.1225
Honda CB Hornet 160R  ABS DLX 2019,2019,52.0,first owner,alwar,52.0,15.44,83800,160.0,Honda,5,0.0965
Bajaj Dominar 400 ABS 2018,2018,28.0,first owner,chennai,28.0,34.5,114400,400.0,Bajaj,6,0.08625
Yamaha YZF-R15 150cc 2018,2017,18280.0,first owner,delhi,42.0,16.0,124000,150.0,Yamaha,7,0.10666666666666667
Royal Enfield Classic 350cc 2017,2017,14250.0,second owner,delhi,35.0,19.8,124000,350.0,Royal Enfield,7,0.05657142857142857
Suzuki Intruder 150cc 2018,2018,2809.0,first owner,delhi,40.0,14.6,88000,150.0,Suzuki,6,0.09733333333333333
Royal Enfield Classic 350cc 2018,2018,5829.0,first owner,delhi,35.0,19.8,145000,350.0,Royal Enfield,6,0.05657142857142857
KTM RC 200cc 2017,2017,6010.0,first owner,delhi,35.0,25.1,162000,200.0,KTM,7,0.1255
Yamaha FZ25 250cc 2018,2018,17000.0,first owner,gurgaon,43.0,20.3,101000,250.0,Yamaha,6,0.08120000000000001
Hero Splendor Plus 100cc 2014,2014,45829.0,first owner,hyderabad,81.0,8.2,41000,100.0,Hero,10,0.08199999999999999
TVS Apache RTR 160 4V DISC ABS 2019,2019,3000.0,first owner,delhi,40.0,16.1,89000,160.0,TVS,5,0.100625
UM Renegade Commando 2017,2017,1500.0,first owner,delhi,35.0,24.8,170000,279.0,UM,7,0.08888888888888889
Bajaj Discover 135cc 2007,2007,17000.0,first owner,delhi,40.0,9.64,18000,135.0,Bajaj,17,0.0714074074074074
Bajaj Platina 110 H Gear Disc BS6 2020,2020,2000.0,first owner,delhi,84.0,8.44,65000,110.0,Bajaj,4,0.07672727272727273
Yamaha FZ-FI V 3.0 150cc 2019,2019,8000.0,first owner,delhi,40.0,13.0,96000,150.0,Yamaha,5,0.08666666666666667
Royal Enfield Classic Gunmetal Grey 350cc 2018,2018,17000.0,first owner,delhi,35.0,19.8,145000,350.0,Royal Enfield,6,0.05657142857142857
TVS Apache RTR 160 4V DRUM ABS BS6 2020,2020,1900.0,first owner,delhi,40.0,15.6,105000,160.0,TVS,4,0.0975
Bajaj Discover 125cc 2018,2018,11000.0,first owner,delhi,65.0,12.5,38000,125.0,Bajaj,6,0.1
Bajaj V15 150cc 2017,2017,6336.0,first owner,ludhiana,57.0,11.8,43000,150.0,Bajaj,7,0.07866666666666668
Royal Enfield Classic 500cc 2016,2016,15000.0,first owner,ranip,32.0,27.2,130000,500.0,Royal Enfield,8,0.0544
Bajaj Dominar 400 ABS 2018,2018,28.0,first owner,jalandhar,28.0,34.5,140000,400.0,Bajaj,6,0.08625
Yamaha YZF-R15 S 150cc 2018,2018,60000.0,first owner,delhi,42.0,16.0,95000,150.0,Yamaha,6,0.10666666666666667
Bajaj CT 100 KS Alloy 2018,2018,6000.0,first owner,delhi,67.0,8.1,41000,100.0,Bajaj,6,0.081
Bajaj Discover 135cc 2009,2009,21500.0,first owner,delhi,40.0,9.64,17945,135.0,Bajaj,15,0.0714074074074074
Bajaj Pulsar RS200 ABS 2018,2018,35.0,first owner,bangalore,35.0,24.5,120000,200.0,Bajaj,6,0.1225
Yamaha YZF-R15 2.0 150cc 2014,2014,20000.0,first owner,bangalore,42.0,16.7,72000,150.0,Yamaha,10,0.11133333333333333
Bajaj Dominar 400 2018,2018,28.0,first owner,delhi,28.0,34.5,126000,400.0,Bajaj,6,0.08625
TVS Apache RTR 160 4V DISC ABS 2019,2019,1050.0,first owner,delhi,40.0,16.1,91800,160.0,TVS,5,0.100625
Bajaj Pulsar 220F 2016,2016,11500.0,second owner,delhi,38.0,21.0,58500,220.0,Bajaj,8,0.09545454545454546
Honda CB ShineSP 125cc 2016,2016,65.0,first owner,chalthan,65.0,10.0,47000,125.0,Honda,8,0.08
Royal Enfield Classic 350cc 2017,2017,7000.0,first owner,ludhiana,35.0,19.8,137000,350.0,Royal Enfield,7,0.05657142857142857
Royal Enfield Classic 350cc 2018,2018,9400.0,first owner,ludhiana,35.0,19.8,142000,350.0,Royal Enfield,6,0.05657142857142857
Bajaj Avenger Street 220 2016,2016,12890.0,first owner,bangalore,53.0,19.0,64804,220.0,Bajaj,8,0.08636363636363636
TVS Apache RTR 160 4V Carburetor With Rear Disc 2019,2019,9615.0,first owner,delhi,40.0,16.1,92000,160.0,TVS,5,0.100625
TVS Radeon 110cc Drum SBT 2019,2019,8632.0,first owner,delhi,40.0,8.2,57000,110.0,TVS,5,0.07454545454545454
TVS Apache RTR 200 4V Carburetor 2018,2018,40.0,first owner,delhi,40.0,20.7,88000,200.0,TVS,6,0.1035
Bajaj Pulsar NS200 2018,2018,42.0,first owner,delhi,42.0,23.2,75800,200.0,Bajaj,6,0.11599999999999999
Hero Super Splendor 125cc 2019,2019,948.0,first owner,ernakulam,75.0,9.0,43778,125.0,Hero,5,0.072
Bajaj Avenger 220cc 2015,2015,24000.0,first owner,jodhpur,40.0,19.0,49000,220.0,Bajaj,9,0.08636363636363636
TVS Apache RTR 200 4V Carburetor Race Edition 2.0 2019,2019,40.0,first owner,thane,40.0,20.7,93800,200.0,TVS,5,0.1035
Yamaha FZ-FI V 3.0 150cc 2020,2020,7000.0,first owner,bangalore,40.0,13.0,90000,150.0,Yamaha,4,0.08666666666666667
Royal Enfield Classic 350cc Dual ABS BS6 2020,2020,4200.0,first owner,barabanki,35.0,19.1,180000,350.0,Royal Enfield,4,0.054571428571428576
Hero HF Deluxe 100cc 2013,2013,25000.0,first owner,jaipur,83.0,7.7,25000,100.0,Hero,11,0.077
Bajaj V15 150cc 2017,2017,14000.0,first owner,delhi,57.0,11.8,38000,150.0,Bajaj,7,0.07866666666666668
Honda CBR 250R 2014,2014,38.0,first owner,delhi,38.0,26.15,78000,250.0,Honda,10,0.1046
KTM Duke 125cc 2019,2019,165.0,first owner,delhi,40.0,14.3,133500,125.0,KTM,5,0.1144
Royal Enfield Classic Desert Storm 500cc 2013,2013,11000.0,first owner,delhi,32.0,27.2,102100,500.0,Royal Enfield,11,0.0544
Yamaha YZF-R15 2.0 150cc 2015,2015,45220.0,first owner,delhi,42.0,16.7,72300,150.0,Yamaha,9,0.11133333333333333
Yamaha FZ S V 2.0 150cc Rear Disc 2018,2018,58.0,first owner,kolkata,58.0,13.0,68500,150.0,Yamaha,6,0.08666666666666667
KTM RC 200cc 2018,2018,5000.0,first owner,madhubani,35.0,25.1,165000,200.0,KTM,6,0.1255
Bajaj CT110 ES Alloy 2019,2019,12500.0,first owner,hyderabad,40.0,8.6,48000,110.0,Bajaj,5,0.07818181818181817
Hero Xtreme 200R ABS 2019,2019,6500.0,first owner,pune,39.4,18.1,86600,200.0,Hero,5,0.09050000000000001
Hero HF Deluxe 100cc 2016,2016,12800.0,first owner,ludhiana,83.0,7.7,43500,100.0,Hero,8,0.077
KTM Duke 125cc 2019,2019,10000.0,first owner,delhi,40.0,14.3,132500,125.0,KTM,5,0.1144
Hero Splendor Plus i3s 2019,2019,2000.0,first owner,delhi,81.0,8.2,64000,97.0,Hero,5,0.0845360824742268
Yamaha FZS-FI V 3.0 150cc ABS BS6 2020,2020,55000.0,first owner,delhi,58.0,12.2,100000,150.0,Yamaha,4,0.08133333333333333
Yamaha YZF-R15 V3 150cc 2020,2020,2500.0,first owner,delhi,40.0,18.7,150000,150.0,Yamaha,4,0.12466666666666666
Yamaha YZF-R15 150cc 2019,2019,5000.0,first owner,delhi,42.0,16.0,108000,150.0,Yamaha,5,0.10666666666666667
Honda Livo Disc 110cc 2019,2019,2200.0,first owner,delhi,40.0,8.25,65000,110.0,Honda,5,0.075
Honda CB Hornet 160R  ABS STD 2020,2020,52.0,first owner,delhi,52.0,15.44,95000,160.0,Honda,4,0.0965
UM Renegade Commando 2017,2017,15000.0,first owner,delhi,35.0,24.8,129700,279.0,UM,7,0.08888888888888889
TVS Apache RTR 160cc 2016,2016,60.0,first owner,bangalore,60.0,15.2,59153,160.0,TVS,8,0.095
Bajaj Dominar 400 2018,2018,28.0,first owner,madurai,28.0,34.5,100000,400.0,Bajaj,6,0.08625
Bajaj Pulsar 150cc 2019,2019,65.0,first owner,ghaziabad,65.0,15.0,70000,150.0,Bajaj,5,0.1
Bajaj Pulsar 220cc 2016,2016,14256.0,first owner,bangalore,38.0,21.0,69837,220.0,Bajaj,8,0.09545454545454546
Bajaj Avenger Street 150 2016,2016,15475.0,first owner,bangalore,50.0,14.3,58036,150.0,Bajaj,8,0.09533333333333334
Yamaha FZ16 150cc 2016,2016,58.0,first owner,bangalore,58.0,13.0,56748,150.0,Yamaha,8,0.08666666666666667
Bajaj Pulsar NS200 2013,2013,35.0,first owner,delhi,35.0,23.19,49003,200.0,Bajaj,11,0.11595000000000001
Bajaj Avenger Street 150 2016,2016,13678.0,first owner,bangalore,50.0,14.3,58267,150.0,Bajaj,8,0.09533333333333334
Bajaj V15 150cc 2017,2017,12000.0,first owner,hansi,57.0,11.8,38000,150.0,Bajaj,7,0.07866666666666668
Royal Enfield Classic 350cc 2016,2016,19033.0,first owner,chennai,35.0,19.8,98000,350.0,Royal Enfield,8,0.05657142857142857
Bajaj Pulsar 180cc 2017,2017,8000.0,first owner,delhi,65.0,17.0,58000,180.0,Bajaj,7,0.09444444444444444
TVS Apache RTR 200 4V Carburetor 2018,2018,40.0,first owner,delhi,40.0,20.7,86000,200.0,TVS,6,0.1035
Yamaha FZ25 250cc 2017,2017,14198.0,first owner,delhi,43.0,20.3,95000,250.0,Yamaha,7,0.08120000000000001
Yamaha MT-15 150cc 2019,2019,7885.0,first owner,delhi,40.0,19.0,125000,150.0,Yamaha,5,0.12666666666666668
Bajaj Pulsar NS200 2019,2019,42.0,first owner,bangalore,42.0,23.2,110000,200.0,Bajaj,5,0.11599999999999999
Bajaj Dominar 400 2018,2018,28.0,first owner,bangalore,28.0,34.5,148000,400.0,Bajaj,6,0.08625
Bajaj Pulsar 150cc 2015,2015,65.0,first owner,bhiwani,65.0,14.85,44324,150.0,Bajaj,9,0.09899999999999999
Royal Enfield Thunderbird 350cc 2017,2017,47200.0,first owner,mumbai,40.0,19.8,125000,350.0,Royal Enfield,7,0.05657142857142857
Bajaj Pulsar 180cc 2014,2014,33540.0,second owner,bangalore,45.0,17.0,35000,180.0,Bajaj,10,0.09444444444444444
Benelli 302R 2017,2017,12000.0,first owner,jalandhar,40.0,38.26,250000,302.0,Benelli,7,0.1266887417218543
Royal Enfield Bullet Electra 350cc 2013,2013,30000.0,first owner,surendranagar,40.0,19.8,79900,350.0,Royal Enfield,11,0.05657142857142857
Bajaj Pulsar 150cc 2010,2010,65.0,first owner,gurgaon,65.0,14.85,13800,150.0,Bajaj,14,0.09899999999999999
Yamaha YZF-R15 V3 150cc 2018,2018,4000.0,first owner,ludhiana,40.0,18.7,112000,150.0,Yamaha,6,0.12466666666666666
Hero Splendor Plus 100cc 2017,2017,20000.0,first owner,chalthan,81.0,8.2,44000,100.0,Hero,7,0.08199999999999999
Bajaj Pulsar 200cc 2007,2007,40.0,first owner,kochi,40.0,16.78,12400,200.0,Bajaj,17,0.0839
Harley-Davidson Street 750 ABS 2018,2018,6812.0,first owner,mumbai,20.0,47.0,500000,750.0,Harley-Davidson,6,0.06266666666666666
Royal Enfield Thunderbird 350cc 2015,2015,2500.0,first owner,mumbai,40.0,19.8,123400,350.0,Royal Enfield,9,0.05657142857142857
Royal Enfield Bullet Electra 350cc 2005,2005,90000.0,first owner,delhi,30.0,19.8,54300,350.0,Royal Enfield,19,0.05657142857142857
Bajaj Pulsar 150cc 2013,2013,65.0,second owner,bangalore,65.0,14.85,39000,150.0,Bajaj,11,0.09899999999999999
Bajaj Platina 100cc ComforTec Alloy 2018,2018,8000.0,first owner,delhi,90.0,8.1,45000,100.0,Bajaj,6,0.081
Harley-Davidson Street 750 2014,2014,7757.0,second owner,faridabad,20.0,47.0,325000,750.0,Harley-Davidson,10,0.06266666666666666
Royal Enfield Thunderbird 350cc 2015,2015,2500.0,first owner,mumbai,40.0,19.8,110000,350.0,Royal Enfield,9,0.05657142857142857
Royal Enfield Bullet Electra Twinspark 350cc 2016,2016,15000.0,first owner,mumbai,35.0,19.8,110000,350.0,Royal Enfield,8,0.05657142857142857
Bajaj Pulsar 220cc 2016,2016,14572.0,first owner,bangalore,38.0,21.0,69837,220.0,Bajaj,8,0.09545454545454546
Bajaj Pulsar 220cc 2015,2015,23159.0,first owner,delhi,38.0,21.0,55000,220.0,Bajaj,9,0.09545454545454546
Bajaj Pulsar 220F 2013,2013,49000.0,first owner,mumbai,38.0,21.0,45000,220.0,Bajaj,11,0.09545454545454546
Hero Karizma R 223cc 2007,2007,45000.0,second owner,bangalore,40.0,17.0,36000,223.0,Hero,17,0.07623318385650224
Harley-Davidson Street 750 2017,2017,1450.0,first owner,delhi,20.0,47.0,480000,750.0,Harley-Davidson,7,0.06266666666666666
Suzuki Gixxer SF Fi 150cc ABS 2020,2020,2200.0,first owner,lucknow,40.0,14.6,120000,150.0,Suzuki,4,0.09733333333333333
Bajaj Pulsar NS200 ABS 2019,2019,42.0,first owner,ghaziabad,42.0,23.2,105600,200.0,Bajaj,5,0.11599999999999999
Bajaj Dominar 400 ABS 2019,2019,28.0,first owner,kota,28.0,34.5,175000,400.0,Bajaj,5,0.08625
Bajaj Pulsar 150cc 2011,2011,65.0,second owner,bangalore,65.0,14.85,34000,150.0,Bajaj,13,0.09899999999999999
TVS Radeon 110cc Drum SBT 2019,2019,14000.0,first owner,chennai,40.0,8.2,48000,110.0,TVS,5,0.07454545454545454
Yamaha YZF-R15 S 150cc 2017,2017,40000.0,first owner,ghaziabad,42.0,16.0,64400,150.0,Yamaha,7,0.10666666666666667
Yamaha FZ 150cc 2009,2009,58.0,first owner,surat,58.0,13.0,21700,150.0,Yamaha,15,0.08666666666666667
Bajaj Avenger 220cc 2018,2018,4600.0,first owner,chennai,40.0,19.0,78600,220.0,Bajaj,6,0.08636363636363636
Royal Enfield Thunderbird X 350cc ABS 2019,2019,9000.0,first owner,vidisha,40.0,19.8,150000,350.0,Royal Enfield,5,0.05657142857142857
Royal Enfield Bullet Electra 350cc 2012,2012,10000.0,first owner,ghaziabad,40.0,19.8,86000,350.0,Royal Enfield,12,0.05657142857142857
Royal Enfield Thunderbird 350cc 2009,2009,34000.0,first owner,vadodara,35.0,19.8,68700,350.0,Royal Enfield,15,0.05657142857142857
Honda CB Hornet 160R Special Edition-CBS 2017,2017,52.0,first owner,hospet,52.0,15.44,70000,160.0,Honda,7,0.0965
Royal Enfield Classic 500cc 2015,2015,18000.0,second owner,delhi,32.0,27.2,119000,500.0,Royal Enfield,9,0.0544
Yamaha YZF-R15 2.0 150cc 2014,2014,23800.0,first owner,noida,42.0,16.7,66900,150.0,Yamaha,10,0.11133333333333333
Royal Enfield Thunderbird 350cc 2017,2017,34000.0,first owner,chennai,40.0,19.8,130000,350.0,Royal Enfield,7,0.05657142857142857
Royal Enfield Classic 350cc 2012,2012,30000.0,first owner,zirakpur,35.0,19.8,94000,350.0,Royal Enfield,12,0.05657142857142857
Royal Enfield Thunderbird X 350cc 2018,2018,13500.0,first owner,hyderabad,40.0,19.8,145000,350.0,Royal Enfield,6,0.05657142857142857
Mahindra Centuro 110cc 2013,2013,2600.0,first owner,rohtak,60.0,8.5,18500,110.0,Mahindra,11,0.07727272727272727
Royal Enfield Thunderbird 350cc 2017,2017,16700.0,first owner,tirunelveli,40.0,19.8,128500,350.0,Royal Enfield,7,0.05657142857142857
TVS Apache RTR 160 4V Carburetor 2018,2018,9270.0,first owner,rewari,40.0,16.1,72000,160.0,TVS,6,0.100625
Royal Enfield Classic Stealth Black 500cc ABS 2019,2019,6200.0,first owner,kottayam,32.0,27.2,190000,500.0,Royal Enfield,5,0.0544
Hero Passion Pro 100cc 2010,2010,40000.0,first owner,jaipur,5.0,8.2,21800,100.0,Hero,14,0.08199999999999999
Bajaj Pulsar NS160 2018,2018,19000.0,first owner,ahmedabad,40.0,15.5,72000,160.0,Bajaj,6,0.096875
Royal Enfield Thunderbird 500cc 2016,2016,73000.0,first owner,navi mumbai,25.0,27.2,130600,500.0,Royal Enfield,8,0.0544
Royal Enfield Thunderbird 350cc 2018,2018,53000.0,first owner,chennai,40.0,19.8,120200,350.0,Royal Enfield,6,0.05657142857142857
Royal Enfield Himalayan 410cc 2016,2016,15000.0,first owner,raipur,32.0,24.5,130700,410.0,Royal Enfield,8,0.05975609756097561
Hero CBZ 150cc 2011,2011,26000.0,first owner,aligarh,65.0,12.8,15900,150.0,Hero,13,0.08533333333333334
Bajaj Avenger Cruise 220 2017,2017,7646.0,second owner,hyderabad,35.0,19.0,66000,220.0,Bajaj,7,0.08636363636363636
Bajaj V15 150cc 2017,2017,1700.0,first owner,ludhiana,57.0,11.8,61000,150.0,Bajaj,7,0.07866666666666668
Hero Xtreme 200R 2018,2018,12000.0,first owner,delhi,39.4,18.1,80000,200.0,Hero,6,0.09050000000000001
Royal Enfield Continental GT 535cc 2018,2018,8450.0,first owner,gurgaon,26.0,29.1,166000,535.0,Royal Enfield,6,0.05439252336448598
Royal Enfield Classic 350cc 2014,2014,33000.0,first owner,delhi,35.0,19.8,81000,350.0,Royal Enfield,10,0.05657142857142857
Yamaha YZF-R15 V3 150cc 2020,2020,4000.0,first owner,delhi,40.0,18.7,149000,150.0,Yamaha,4,0.12466666666666666
Bajaj Dominar 400 2019,2019,28.0,first owner,patna,28.0,34.5,140900,400.0,Bajaj,5,0.08625
UM Renegade Commando 2017,2017,19300.0,first owner,hyderabad,35.0,24.8,120000,279.0,UM,7,0.08888888888888889
UM Renegade Commando 2017,2017,18050.0,first owner,hyderabad,35.0,24.8,134400,279.0,UM,7,0.08888888888888889
Harley-Davidson Street Rod XG750A ABS 2017,2017,4186.0,first owner,ambala,25.0,70.0,500000,750.0,Harley-Davidson,7,0.09333333333333334
Royal Enfield Thunderbird 350cc 2017,2017,12000.0,first owner,gurgaon,40.0,19.8,105000,350.0,Royal Enfield,7,0.05657142857142857
Yamaha YZF-R15 V3 Darknight edition 2019,2019,2225.0,first owner,chandigarh,40.0,18.7,130000,150.0,Yamaha,5,0.12466666666666666
Triumph Bonneville Bobber 1200cc 2018,2018,1300.0,first owner,mumbai,29.0,76.0,900000,1200.0,Triumph,6,0.06333333333333334
Benelli TNT 300 ABS 2019,2019,5000.0,first owner,chennai,25.0,37.73,295000,300.0,Benelli,5,0.12576666666666667
Royal Enfield Bullet Electra 350cc 2015,2015,20000.0,first owner,delhi,40.0,19.8,89900,350.0,Royal Enfield,9,0.05657142857142857
TVS Apache RTR 200 4V FI 2017,2017,40.0,first owner,bangalore,40.0,20.7,84400,200.0,TVS,7,0.1035
Bajaj V12 125cc 2017,2017,31500.0,first owner,sitapur,57.0,12.0,50000,125.0,Bajaj,7,0.096
Bajaj Pulsar 150cc 2012,2012,65.0,first owner,chennai,65.0,14.85,20000,150.0,Bajaj,12,0.09899999999999999
KTM RC 200cc 2015,2015,22000.0,first owner,pune,35.0,25.0,110000,200.0,KTM,9,0.125
Hero Xtreme Sports Rear Disc 150cc 2017,2017,28000.0,first owner,bihar shariff,45.0,11.64,52400,150.0,Hero,7,0.0776
Royal Enfield Bullet 350cc 2015,2015,23000.0,first owner,ajmer,37.0,19.8,96000,350.0,Royal Enfield,9,0.05657142857142857
Bajaj Pulsar 180F 2019,2019,22000.0,first owner,ahmedabad,40.0,17.0,85000,180.0,Bajaj,5,0.09444444444444444
Bajaj Pulsar NS200 2017,2017,42.0,first owner,mumbai,42.0,23.2,76800,200.0,Bajaj,7,0.11599999999999999
Yamaha YZF-R15 V3 150cc 2018,2018,8000.0,first owner,ghazipur,40.0,18.7,120000,150.0,Yamaha,6,0.12466666666666666
Bajaj Avenger 220cc 2013,2013,30000.0,second owner,jaipur,40.0,19.0,50000,220.0,Bajaj,11,0.08636363636363636
Bajaj Pulsar NS160 2017,2017,11300.0,first owner,deoria,40.0,15.5,73000,160.0,Bajaj,7,0.096875
Yamaha FZ25 250cc 2017,2017,25000.0,first owner,mumbai,43.0,20.3,96000,250.0,Yamaha,7,0.08120000000000001
Royal Enfield Bullet Electra Twinspark 350cc 2017,2017,5600.0,first owner,patna,35.0,19.8,115700,350.0,Royal Enfield,7,0.05657142857142857
Bajaj Pulsar 200 NS 200cc 2012,2012,35.0,second owner,markapur,35.0,23.19,36700,200.0,Bajaj,12,0.11595000000000001
Bajaj V15 150cc 2018,2018,24000.0,first owner,gurgaon,57.0,11.8,40200,150.0,Bajaj,6,0.07866666666666668
Suzuki Gixxer SF 150cc 2018,2018,15500.0,first owner,pune,40.0,14.6,77500,150.0,Suzuki,6,0.09733333333333333
Yamaha FZ V 2.0 150cc 2015,2015,58.0,first owner,delhi,58.0,13.0,45000,150.0,Yamaha,9,0.08666666666666667
Yamaha FZ S V 2.0 150cc 2016,2016,58.0,first owner,delhi,58.0,13.0,40000,150.0,Yamaha,8,0.08666666666666667
Yamaha FZS-FI V 3.0 150cc ABS BS6 2020,2020,1400.0,first owner,bangalore,58.0,12.2,129000,150.0,Yamaha,4,0.08133333333333333
Royal Enfield Electra 350cc 2016,2016,28700.0,second owner,delhi,25.0,19.8,105000,350.0,Royal Enfield,8,0.05657142857142857
TVS Apache RTR 180cc 2010,2010,45.0,first owner,allahabad,45.0,17.2,40000,180.0,TVS,14,0.09555555555555555
Bajaj V15 150cc 2018,2018,22500.0,first owner,burdwan,57.0,11.8,43000,150.0,Bajaj,6,0.07866666666666668
Honda CBR 150R 150cc 2013,2013,6200.0,first owner,kolkata,38.0,18.28,53200,150.0,Honda,11,0.12186666666666668
Bajaj Avenger Street 150 2016,2016,35000.0,first owner,gurgaon,50.0,14.3,42000,150.0,Bajaj,8,0.09533333333333334
Bajaj Pulsar RS200 ABS 2017,2017,35.0,first owner,guna,35.0,24.5,92800,200.0,Bajaj,7,0.1225
Honda CBF Stunner 125cc 2013,2013,65.0,first owner,mumbai,65.0,11.0,29050,125.0,Honda,11,0.088
Benelli TNT 300 2016,2016,17500.0,second owner,pune,25.0,37.73,151045,300.0,Benelli,8,0.12576666666666667
Bajaj Pulsar 150cc 2011,2011,65.0,first owner,navi mumbai,65.0,14.85,30000,150.0,Bajaj,13,0.09899999999999999
KTM Duke 125cc 2019,2019,7700.0,first owner,hyderabad,40.0,14.3,135000,125.0,KTM,5,0.1144
Hero Glamour i3s 125cc BS6 2020,2020,1800.0,first owner,delhi,55.0,10.72,69000,125.0,Hero,4,0.08576
Bajaj Discover 125T 2013,2013,58000.0,second owner,bangalore,68.0,12.5,38000,125.0,Bajaj,11,0.1
Bajaj Pulsar RS200 2017,2017,35.0,second owner,bangalore,35.0,24.5,115000,200.0,Bajaj,7,0.1225
Royal Enfield Classic 350cc 2018,2018,37000.0,first owner,faridabad,35.0,19.8,135000,350.0,Royal Enfield,6,0.05657142857142857
Triumph Bonneville T100 865cc 2014,2014,25536.0,first owner,bangalore,18.0,67.0,550000,865.0,Triumph,10,0.07745664739884393
Bajaj Pulsar 220cc 2008,2008,45000.0,first owner,ganganagar,38.0,21.0,30000,220.0,Bajaj,16,0.09545454545454546
Royal Enfield Thunderbird 350cc 2017,2017,8000.0,first owner,virar,40.0,19.8,150000,350.0,Royal Enfield,7,0.05657142857142857
Bajaj Avenger Cruise 220 2017,2017,31200.0,first owner,bangalore,35.0,19.0,66700,220.0,Bajaj,7,0.08636363636363636
Bajaj V15 150cc 2017,2017,32000.0,first owner,gurgaon,57.0,11.8,38000,150.0,Bajaj,7,0.07866666666666668
Mahindra Centuro NXT 110cc 2015,2015,26000.0,first owner,varanasi,60.0,8.5,32000,110.0,Mahindra,9,0.07727272727272727
Harley-Davidson Street 750 2015,2015,29000.0,first owner,chennai,20.0,47.0,330000,750.0,Harley-Davidson,9,0.06266666666666666
Honda CB Trigger 150cc 2014,2014,38527.0,first owner,mumbai,60.0,14.0,34850,150.0,Honda,10,0.09333333333333334
Bajaj V15 150cc 2017,2017,16000.0,first owner,gwalior,57.0,11.8,44000,150.0,Bajaj,7,0.07866666666666668
Royal Enfield Classic 350cc-Redditch Edition 2017,2017,35445.0,first owner,delhi,35.0,19.8,125000,350.0,Royal Enfield,7,0.05657142857142857
TVS Apache RTR 200 4V Fi 2016,2016,40.0,first owner,bangalore,40.0,20.23,75000,200.0,TVS,8,0.10115
Yamaha YZF-R15 V3 150cc 2019,2019,5900.0,first owner,delhi,40.0,18.7,129000,150.0,Yamaha,5,0.12466666666666666
Yamaha YZF-R15 V3 150cc 2019,2019,2400.0,first owner,delhi,40.0,18.7,132000,150.0,Yamaha,5,0.12466666666666666
Yamaha YZF-R15 V3 150cc 2018,2018,1800.0,first owner,delhi,40.0,18.7,124000,150.0,Yamaha,6,0.12466666666666666
Yamaha YZF-R15 V3 150cc 2018,2018,8312.0,first owner,delhi,40.0,18.7,120000,150.0,Yamaha,6,0.12466666666666666
KTM Duke 250cc 2017,2017,18000.0,first owner,kalyan,40.0,29.6,160000,250.0,KTM,7,0.1184
Royal Enfield Classic 350cc-Redditch Edition 2017,2017,46000.0,second owner,mumbai,35.0,19.8,150000,350.0,Royal Enfield,7,0.05657142857142857
Royal Enfield Bullet 350cc ES EFI BS6 2020,2020,37.0,first owner,ahmedabad,37.0,19.8,150000,350.0,Royal Enfield,4,0.05657142857142857
Honda CB Shine 125cc Disc 2018,2018,65.0,first owner,hyderabad,65.0,10.0,70000,125.0,Honda,6,0.08
Harley-Davidson Fat Bob 2013,2013,15000.0,first owner,delhi,18.0,65.0,650000,1868.0,Harley-Davidson,11,0.034796573875803
Royal Enfield Thunderbird 500cc 2017,2017,30000.0,first owner,vadodara,25.0,27.2,124500,500.0,Royal Enfield,7,0.0544
Royal Enfield Thunderbird X 350cc ABS 2019,2019,10500.0,first owner,delhi,40.0,19.8,160000,350.0,Royal Enfield,5,0.05657142857142857
TVS Apache RTR 180cc 2018,2018,45.0,first owner,sonipat,45.0,17.3,63400,180.0,TVS,6,0.09611111111111112
Royal Enfield Thunderbird 350cc 2017,2017,9000.0,first owner,ghaziabad,40.0,19.8,150000,350.0,Royal Enfield,7,0.05657142857142857
Hero Splendor Plus i3s 2018,2018,11851.0,first owner,delhi,81.0,8.2,50000,97.0,Hero,6,0.0845360824742268
TVS Apache RTR 160 4V Disc 2019,2019,25000.0,first owner,hathras,40.0,16.1,80000,160.0,TVS,5,0.100625
Royal Enfield Thunderbird 350cc 2015,2015,7500.0,first owner,secunderabad,40.0,19.8,110000,350.0,Royal Enfield,9,0.05657142857142857
TVS Apache RTR 200 4V Carburetor 2017,2017,40.0,second owner,delhi,40.0,20.7,70000,200.0,TVS,7,0.1035
Suzuki Gixxer SF Fi 150cc 2019,2019,2447.0,first owner,rohtak,40.0,14.6,100000,150.0,Suzuki,5,0.09733333333333333
Honda CBR 150R 150cc 2013,2013,28000.0,first owner,mumbai,38.0,18.28,70000,150.0,Honda,11,0.12186666666666668
Bajaj Pulsar NS200 ABS 2019,2019,42.0,first owner,barpeta,42.0,23.2,96500,200.0,Bajaj,5,0.11599999999999999
Hyosung Aquila Pro GV650 2015,2015,10000.0,first owner,ghaziabad,16.0,74.0,270000,650.0,Hyosung,9,0.11384615384615385
Suzuki Intruder 150cc 2018,2018,22300.0,first owner,gurgaon,40.0,14.6,77175,150.0,Suzuki,6,0.09733333333333333
Hero CBZ Xtreme 150cc 2010,2010,30000.0,first owner,chandigarh,65.0,14.4,32000,150.0,Hero,14,0.096
Kawasaki Ninja 300 ABS 2019,2019,5700.0,first owner,khatima,25.0,39.0,274700,300.0,Kawasaki,5,0.13
Suzuki Gixxer 150cc SP Rear Disc 2017,2017,33128.0,first owner,bangalore,63.0,14.0,60000,150.0,Suzuki,7,0.09333333333333334
Bajaj Pulsar NS200 2017,2017,42.0,first owner,godhara,42.0,23.2,62400,200.0,Bajaj,7,0.11599999999999999
KTM Duke 200cc 2013,2013,20000.0,first owner,mumbai,35.0,25.0,69999,200.0,KTM,11,0.125
Royal Enfield Classic 350cc 2018,2018,7000.0,first owner,jalandhar,35.0,19.8,135000,350.0,Royal Enfield,6,0.05657142857142857
Suzuki Hayate 110cc 2014,2014,24943.0,first owner,delhi,69.0,8.3,16560,110.0,Suzuki,10,0.07545454545454545
KTM RC 390cc 2015,2015,9500.0,first owner,delhi,26.0,43.0,124800,390.0,KTM,9,0.11025641025641025
Bajaj Pulsar 150cc 2006,2006,65.0,first owner,delhi,65.0,14.85,11200,150.0,Bajaj,18,0.09899999999999999
Yamaha FZ S V 2.0 150cc 2015,2015,58.0,first owner,delhi,58.0,13.0,48100,150.0,Yamaha,9,0.08666666666666667
Jawa Standard 295CC 2020,2020,8280.0,first owner,ajmer,40.0,27.0,164400,295.0,Jawa,4,0.09152542372881356
KTM Duke 200cc 2016,2016,11493.0,first owner,ahmedabad,35.0,24.6,105000,200.0,KTM,8,0.12300000000000001
Royal Enfield Thunderbird 350cc 2011,2011,30205.0,second owner,ghaziabad,35.0,19.8,78501,350.0,Royal Enfield,13,0.05657142857142857
Royal Enfield Classic 350cc 2015,2015,9700.0,first owner,delhi,35.0,19.8,110000,350.0,Royal Enfield,9,0.05657142857142857
Bajaj Avenger Cruise 220 2017,2017,4100.0,first owner,vadodara,35.0,19.0,69000,220.0,Bajaj,7,0.08636363636363636
Bajaj Avenger Street 150 2017,2017,9200.0,first owner,chennai,45.0,14.3,61500,150.0,Bajaj,7,0.09533333333333334
Bajaj Pulsar AS200 2015,2015,42.0,second owner,delhi,42.0,23.2,46500,200.0,Bajaj,9,0.11599999999999999
Bajaj Pulsar 180cc 2007,2007,25000.0,second owner,kalyan,65.0,15.0,18000,180.0,Bajaj,17,0.08333333333333333
Royal Enfield Thunderbird 350cc 2016,2016,8500.0,first owner,noida,40.0,19.8,125000,350.0,Royal Enfield,8,0.05657142857142857
Royal Enfield Classic Squadron Blue 500cc 2016,2016,16700.0,first owner,navi mumbai,25.0,27.2,150000,500.0,Royal Enfield,8,0.0544
Royal Enfield Classic 350cc ABS Stealth Black BS6 2020,2020,2850.0,first owner,bangalore,35.0,19.1,215000,350.0,Royal Enfield,4,0.054571428571428576
Royal Enfield Classic 500cc Pegasus Edition 2018,2018,16000.0,first owner,rajkot,35.0,27.2,221000,500.0,Royal Enfield,6,0.0544
Yamaha YZF-R15 150cc 2013,2013,68000.0,first owner,pune,42.0,16.0,80000,150.0,Yamaha,11,0.10666666666666667
Yamaha YZF-R15 V3 Darknight edition 2019,2019,16300.0,first owner,howrah,40.0,18.7,133800,150.0,Yamaha,5,0.12466666666666666
Royal Enfield Classic 350cc-Redditch Edition 2017,2017,28000.0,first owner,faridabad,35.0,19.8,130000,350.0,Royal Enfield,7,0.05657142857142857
Bajaj Pulsar 180cc 2014,2014,64000.0,second owner,hyderabad,45.0,17.0,48000,180.0,Bajaj,10,0.09444444444444444
Royal Enfield Electra 350cc 2017,2017,8600.0,first owner,bangalore,25.0,19.8,130000,350.0,Royal Enfield,7,0.05657142857142857
Royal Enfield Classic 350cc 2013,2013,13880.0,second owner,delhi,35.0,19.8,72000,350.0,Royal Enfield,11,0.05657142857142857
Honda CB Hornet 160R STD 2017,2017,52.0,second owner,yanam,52.0,15.44,60800,160.0,Honda,7,0.0965
Honda CB Shine 125cc CBS 2019,2019,65.0,first owner,kota,65.0,10.0,65000,125.0,Honda,5,0.08
Bajaj Pulsar 125cc Disc CBS 2019,2019,4000.0,first owner,ahmedabad,40.0,11.8,67700,125.0,Bajaj,5,0.09440000000000001
Honda CD 110 Dream 2014,2014,40000.0,first owner,delhi,83.0,8.25,27000,110.0,Honda,10,0.075
KTM Duke 250cc 2018,2018,8100.0,first owner,hyderabad,40.0,29.6,148000,250.0,KTM,6,0.1184
Yamaha FZ S V 2.0 150cc 2018,2018,58.0,first owner,delhi,58.0,13.0,66795,150.0,Yamaha,6,0.08666666666666667
KTM RC 390cc 2018,2018,4500.0,second owner,hubli,26.0,42.3,210000,390.0,KTM,6,0.10846153846153846
Bajaj Avenger 220cc 2013,2013,29106.0,first owner,delhi,40.0,19.0,35400,220.0,Bajaj,11,0.08636363636363636
UM Renegade Commando 2018,2018,16000.0,first owner,mumbai,35.0,24.8,145000,279.0,UM,6,0.08888888888888889
Bajaj Discover 135cc 2010,2010,44000.0,first owner,delhi,65.0,9.64,17250,135.0,Bajaj,14,0.0714074074074074
Suzuki Gixxer SF 150cc 2015,2015,16000.0,first owner,delhi,40.0,14.6,39100,150.0,Suzuki,9,0.09733333333333333
Royal Enfield Classic 350cc 2018,2018,10149.0,first owner,delhi,35.0,19.8,130000,350.0,Royal Enfield,6,0.05657142857142857
Yamaha YZF-R15 2.0 150cc 2018,2018,10473.0,first owner,ludhiana,42.0,16.7,97000,150.0,Yamaha,6,0.11133333333333333
Bajaj Pulsar RS200 2015,2015,35.0,first owner,mumbai,35.0,24.16,66000,200.0,Bajaj,9,0.1208
Harley-Davidson Street 750 2016,2016,14200.0,first owner,kurukshetra,20.0,47.0,380000,750.0,Harley-Davidson,8,0.06266666666666666
TVS Radeon 110cc Drum SBT 2019,2019,15694.0,first owner,delhi,40.0,8.2,50000,110.0,TVS,5,0.07454545454545454
Benelli TNT 300 2016,2016,30000.0,second owner,mhasla,25.0,37.73,185000,300.0,Benelli,8,0.12576666666666667
Bajaj Pulsar AS200 2015,2015,42.0,first owner,bardhaman,42.0,23.2,65000,200.0,Bajaj,9,0.11599999999999999
Yamaha FZ S V 2.0 150cc-Ltd. Edition 2019,2019,58.0,first owner,bangalore,58.0,13.0,99000,150.0,Yamaha,5,0.08666666666666667
Royal Enfield Classic 500cc 2015,2015,8000.0,first owner,mumbai,32.0,27.2,120000,500.0,Royal Enfield,9,0.0544
Royal Enfield Classic 350cc 2014,2014,21000.0,first owner,faridabad,35.0,19.8,81100,350.0,Royal Enfield,10,0.05657142857142857
KTM Duke 200cc 2017,2017,32700.0,first owner,baripara,35.0,24.6,94700,200.0,KTM,7,0.12300000000000001
Hero Glamour 125cc 2019,2019,37000.0,first owner,kolkata,45.0,6.72,60000,125.0,Hero,5,0.053759999999999995
Royal Enfield Thunderbird 350cc 2008,2008,47318.0,first owner,thane,30.0,19.8,44000,350.0,Royal Enfield,16,0.05657142857142857
KTM RC 200cc 2015,2015,17000.0,first owner,delhi,35.0,25.0,96000,200.0,KTM,9,0.125
TVS Apache RTR 160 4V DISC ABS 2019,2019,20000.0,first owner,delhi,40.0,16.1,100000,160.0,TVS,5,0.100625
Suzuki Gixxer SF 150cc 2015,2015,37000.0,first owner,vasai,40.0,14.6,43300,150.0,Suzuki,9,0.09733333333333333
Bajaj Avenger Street 220 2018,2018,22000.0,first owner,kharar,53.0,19.0,73300,220.0,Bajaj,6,0.08636363636363636
Hero Xtreme 200S 2019,2019,6000.0,first owner,indore,40.0,18.1,99000,200.0,Hero,5,0.09050000000000001
Royal Enfield Classic Desert Storm 500cc 2015,2015,13300.0,first owner,mumbai,32.0,27.2,110800,500.0,Royal Enfield,9,0.0544
Fb Mondial HPS 300 250cc 2020,2020,4000.0,first owner,hyderabad,40.0,24.5,341700,250.0,Fb,4,0.098
TVS Apache RTR 160cc 2013,2013,60.0,first owner,bangalore,60.0,15.2,40000,160.0,TVS,11,0.095
Honda CB Trigger 150cc 2014,2014,35300.0,second owner,hosur,60.0,14.0,38600,150.0,Honda,10,0.09333333333333334
KTM RC 390cc 2018,2018,25181.0,first owner,bangalore,26.0,42.3,230000,390.0,KTM,6,0.10846153846153846
Honda Livo 110cc 2016,2016,55.0,first owner,tiruppur,55.0,8.25,27000,110.0,Honda,8,0.075
Royal Enfield Thunderbird 500cc 2014,2014,39000.0,third owner,mumbai,25.0,27.2,99000,500.0,Royal Enfield,10,0.0544
Bajaj V15 150cc 2016,2016,74500.0,first owner,delhi,57.0,11.8,27800,150.0,Bajaj,8,0.07866666666666668
Suzuki Gixxer SF 150cc 2015,2015,50000.0,first owner,noida,40.0,14.6,50000,150.0,Suzuki,9,0.09733333333333333
Bajaj Pulsar 220F 2011,2011,50000.0,first owner,mumbai,38.0,21.0,31125,220.0,Bajaj,13,0.09545454545454546
Bajaj Avenger Street 220 2018,2018,9000.0,first owner,nagpur,53.0,19.0,75000,220.0,Bajaj,6,0.08636363636363636
Bajaj Avenger Street 220 2017,2017,17900.0,first owner,bangalore,53.0,19.0,69500,220.0,Bajaj,7,0.08636363636363636
Suzuki Slingshot Plus 125cc 2014,2014,31945.0,first owner,chennai,59.0,8.5,32000,125.0,Suzuki,10,0.068
TVS Apache RTR 180cc 2016,2016,45.0,first owner,ahmedabad,45.0,17.3,59000,180.0,TVS,8,0.09611111111111112
Benelli TNT 25 250cc 2017,2017,33500.0,first owner,chennai,25.0,28.16,125000,250.0,Benelli,7,0.11264
Royal Enfield Bullet Twinspark 500cc 2015,2015,41036.0,first owner,delhi,25.0,26.1,70440,500.0,Royal Enfield,9,0.0522
TVS Apache RR310 2018,2018,10000.0,first owner,jaipur,22.0,33.0,170000,310.0,TVS,6,0.1064516129032258
Yamaha YZF-R15 2.0 150cc 2013,2013,30732.0,first owner,delhi,42.0,16.7,63300,150.0,Yamaha,11,0.11133333333333333
Yamaha YZF-R15 V3 150cc 2018,2018,15800.0,first owner,delhi,40.0,18.7,135000,150.0,Yamaha,6,0.12466666666666666
Triumph Tiger 800 XRX 2016,2016,47000.0,second owner,bangalore,40.0,94.0,1000000,800.0,Triumph,8,0.1175
KTM Duke 390cc 2018,2018,1100.0,first owner,delhi,25.0,42.9,220000,390.0,KTM,6,0.11
Bajaj Avenger Street 220 2016,2016,10878.0,first owner,kolkata,53.0,19.0,61500,220.0,Bajaj,8,0.08636363636363636
Bajaj Avenger Street 160 ABS 2019,2019,2000.0,first owner,kolkata,40.0,15.3,95000,160.0,Bajaj,5,0.095625
Bajaj Dominar 400 ABS 2018,2018,28.0,first owner,tiruverkadu,28.0,34.5,96750,400.0,Bajaj,6,0.08625
Honda CBF Stunner 125cc 2011,2011,65.0,first owner,warangal,65.0,11.0,19000,125.0,Honda,13,0.088
Bajaj 4S champion 100cc 1993,1993,45.0,first owner,jamshedpur,45.0,7.1,25000,100.0,Bajaj,31,0.071
Hero Ignitor Disc 125cc 2016,2016,14367.0,first owner,gurgaon,55.0,11.0,28000,125.0,Hero,8,0.088
Hero Hunk 150cc 2014,2014,12331.0,second owner,gurgaon,53.0,14.0,26000,150.0,Hero,10,0.09333333333333334
Bajaj Pulsar 180cc 2016,2016,50000.0,first owner,vijayawada,65.0,17.0,55000,180.0,Bajaj,8,0.09444444444444444
Royal Enfield Bullet Electra 350cc 2004,2004,30000.0,second owner,delhi,30.0,19.8,36900,350.0,Royal Enfield,20,0.05657142857142857
Suzuki Gixxer SF Fi 150cc ABS 2018,2018,16445.0,first owner,hyderabad,40.0,14.6,88187,150.0,Suzuki,6,0.09733333333333333
Honda CB Shine 125cc 2015,2015,65.0,first owner,bangalore,65.0,10.0,52000,125.0,Honda,9,0.08
Honda CB Shine 125cc CBS 2020,2020,65.0,first owner,ahmedabad,65.0,10.0,71500,125.0,Honda,4,0.08
Bajaj Avenger Street 160 ABS 2019,2019,27500.0,second owner,hyderabad,40.0,15.3,76000,160.0,Bajaj,5,0.095625
Royal Enfield Classic 350cc 2017,2017,26500.0,first owner,baleshwar,35.0,19.8,120000,350.0,Royal Enfield,7,0.05657142857142857
Yamaha YZF-R15 V3 150cc 2018,2018,6000.0,first owner,durgapur,40.0,18.7,160000,150.0,Yamaha,6,0.12466666666666666
Royal Enfield Thunderbird 350cc 2019,2019,12000.0,first owner,mumbai,40.0,19.8,150000,350.0,Royal Enfield,5,0.05657142857142857
KTM Duke 200cc 2013,2013,20000.0,third owner,mumbai,35.0,25.0,70000,200.0,KTM,11,0.125
Bajaj Avenger Street 220 2016,2016,36000.0,first owner,mumbai,53.0,19.0,70000,220.0,Bajaj,8,0.08636363636363636
Jawa Forty Two 295CC 2019,2019,10000.0,second owner,bangalore,40.0,27.0,150000,295.0,Jawa,5,0.09152542372881356
Honda CBR 250R ABS 2012,2012,38.0,first owner,mumbai,38.0,26.15,63400,250.0,Honda,12,0.1046
Hero Passion Pro 100cc 2014,2014,19980.0,first owner,jaipur,5.0,8.2,35000,100.0,Hero,10,0.08199999999999999
Royal Enfield Bullet 500cc 2016,2016,26000.0,first owner,nanded,25.0,26.37,210000,500.0,Royal Enfield,8,0.05274
Bajaj Pulsar 180cc 2017,2017,30900.0,first owner,chandigarh,65.0,17.0,69000,180.0,Bajaj,7,0.09444444444444444
Hero Xtreme 150cc 2013,2013,25000.0,first owner,bangalore,50.0,14.2,30000,150.0,Hero,11,0.09466666666666666
Yamaha FZS-FI V 3.0 150cc 2019,2019,29900.0,first owner,mumbai,40.0,13.0,90000,150.0,Yamaha,5,0.08666666666666667
KTM Duke 125cc 2018,2018,24859.0,first owner,mumbai,40.0,14.3,125000,125.0,KTM,6,0.1144
Bajaj Dominar 400 ABS 2018,2018,28.0,second owner,ajmer,28.0,34.5,160000,400.0,Bajaj,6,0.08625
Bajaj Pulsar 220F 2010,2010,46333.0,third owner,dakshina kannada,38.0,21.0,35000,220.0,Bajaj,14,0.09545454545454546
Yamaha FZ S V 2.0 150cc 2015,2015,58.0,first owner,thane,58.0,13.0,52000,150.0,Yamaha,9,0.08666666666666667
TVS Apache RTR 160 4V DISC ABS 2019,2019,40000.0,first owner,vijayawada,40.0,16.1,87600,160.0,TVS,5,0.100625
Mahindra Centuro 110cc 2013,2013,10000.0,first owner,malout,60.0,8.5,17800,110.0,Mahindra,11,0.07727272727272727
Bajaj Pulsar 150cc 2013,2013,65.0,second owner,ahmedabad,65.0,14.85,30300,150.0,Bajaj,11,0.09899999999999999
Bajaj Pulsar 150cc 2012,2012,65.0,first owner,shahganj,65.0,14.85,50000,150.0,Bajaj,12,0.09899999999999999
Bajaj Pulsar 220F 2013,2013,42000.0,second owner,amila,38.0,21.0,27000,220.0,Bajaj,11,0.09545454545454546
BMW G 310 R 2019,2019,1200.0,first owner,patna,40.0,33.0,277500,310.0,BMW,5,0.1064516129032258
Royal Enfield Classic 350cc 2019,2019,400.0,first owner,kolkata,35.0,19.8,137000,350.0,Royal Enfield,5,0.05657142857142857
KTM Duke 390cc 2017,2017,5000.0,first owner,firozpur,25.0,42.9,220000,390.0,KTM,7,0.11
Royal Enfield Classic 350cc 2015,2015,7800.0,first owner,delhi,35.0,19.8,120000,350.0,Royal Enfield,9,0.05657142857142857
Royal Enfield Bullet 350cc 2015,2015,25555.0,first owner,delhi,37.0,19.8,90000,350.0,Royal Enfield,9,0.05657142857142857
Royal Enfield Thunderbird 350cc 2010,2010,60000.0,first owner,ahmedabad,35.0,19.8,49000,350.0,Royal Enfield,14,0.05657142857142857
Bajaj Pulsar 125cc Drum BS6 2020,2020,2100.0,first owner,kharar,62.0,11.64,79000,125.0,Bajaj,4,0.09312000000000001
Jawa Forty Two 295CC Dual ABS BS6 2020,2020,5500.0,first owner,mohali,40.0,27.0,180000,295.0,Jawa,4,0.09152542372881356
Bajaj Pulsar 180cc 2010,2010,60000.0,second owner,bangalore,65.0,15.0,28000,180.0,Bajaj,14,0.08333333333333333
Bajaj Pulsar 220F 2016,2016,23000.0,first owner,sibsagar,38.0,21.0,65000,220.0,Bajaj,8,0.09545454545454546
Honda CB Trigger 150cc 2013,2013,60.0,third owner,bangalore,60.0,14.0,30000,150.0,Honda,11,0.09333333333333334
Bajaj Avenger Street 160 ABS 2019,2019,17000.0,first owner,gurgaon,40.0,15.3,80000,160.0,Bajaj,5,0.095625
Bajaj Pulsar 220F 2018,2018,13966.0,second owner,bangalore,38.0,21.0,80100,220.0,Bajaj,6,0.09545454545454546
Royal Enfield Bullet Electra Twinspark 350cc Double Disc 2019,2019,11200.0,first owner,jaipur,35.0,19.8,120000,350.0,Royal Enfield,5,0.05657142857142857
Royal Enfield Thunderbird 500cc 2015,2015,19000.0,third owner,bangalore,25.0,27.2,110000,500.0,Royal Enfield,9,0.0544
Royal Enfield Classic 350cc 2018,2018,20000.0,first owner,bangalore,35.0,19.8,149000,350.0,Royal Enfield,6,0.05657142857142857
Hyosung Aquila GV250 2016,2016,10000.0,first owner,thiruvananthapuram,27.0,26.21,175000,250.0,Hyosung,8,0.10484
KTM Duke 200cc 2017,2017,23000.0,first owner,dhamtari,35.0,24.6,95000,200.0,KTM,7,0.12300000000000001
Bajaj Avenger Street 220 2017,2017,27000.0,second owner,budaun,53.0,19.0,60000,220.0,Bajaj,7,0.08636363636363636
Bajaj Pulsar RS200 2018,2018,35.0,second owner,ropar,35.0,24.5,125000,200.0,Bajaj,6,0.1225
Kawasaki Ninja 650cc 2011,2011,10394.0,second owner,namakkal,21.0,67.2,329000,650.0,Kawasaki,13,0.1033846153846154
Suzuki Intruder 150cc 2018,2018,19212.0,first owner,kurukshetra,40.0,14.6,75000,150.0,Suzuki,6,0.09733333333333333
Bajaj Pulsar 180cc 2019,2019,20000.0,first owner,thane,65.0,17.0,78000,180.0,Bajaj,5,0.09444444444444444
Bajaj Avenger Street 150 2016,2016,27000.0,first owner,ahmedabad,50.0,14.3,52100,150.0,Bajaj,8,0.09533333333333334
Bajaj Pulsar 150cc 2014,2014,65.0,second owner,unnao,65.0,14.85,35000,150.0,Bajaj,10,0.09899999999999999
TVS Apache RTR 200 4V FI 2017,2017,40.0,first owner,morena,40.0,20.7,83500,200.0,TVS,7,0.1035
Bajaj Pulsar NS200 2013,2013,35.0,first owner,gurgaon,35.0,23.19,37000,200.0,Bajaj,11,0.11595000000000001
Honda CB Shine 125cc Disc 2013,2013,65.0,first owner,bangalore,65.0,10.0,41400,125.0,Honda,11,0.08
Hero Hunk 150cc 2009,2009,60000.0,first owner,noida,53.0,14.0,45000,150.0,Hero,15,0.09333333333333334
Royal Enfield Classic 350 S ABS 2020,2020,17000.0,first owner,delhi,35.0,19.8,180000,350.0,Royal Enfield,4,0.05657142857142857
TVS Apache RTR 160 4V FI 2019,2019,2500.0,first owner,chennai,40.0,16.1,95800,160.0,TVS,5,0.100625
Royal Enfield Classic 350cc 2018,2018,19600.0,first owner,vijayawada,35.0,19.8,165000,350.0,Royal Enfield,6,0.05657142857142857
Yamaha FZ16 150cc 2017,2017,58.0,first owner,davanagere,58.0,13.0,62200,150.0,Yamaha,7,0.08666666666666667
TVS Apache RTR 200 4V Carburetor 2017,2017,40.0,first owner,delhi,40.0,20.7,72000,200.0,TVS,7,0.1035
Bajaj Pulsar 150cc 2012,2012,65.0,first owner,mathura,65.0,14.85,24100,150.0,Bajaj,12,0.09899999999999999
Royal Enfield Thunderbird 350cc 2017,2017,13000.0,first owner,vadodara,40.0,19.8,131100,350.0,Royal Enfield,7,0.05657142857142857
Yamaha FZ16 150cc 2011,2011,58.0,first owner,ranchi,58.0,13.0,21100,150.0,Yamaha,13,0.08666666666666667
Bajaj Pulsar 180cc 2009,2009,25000.0,first owner,meerut,65.0,15.0,40000,180.0,Bajaj,15,0.08333333333333333
TVS Radeon 110cc Drum SBT 2019,2019,20373.0,second owner,delhi,40.0,8.2,45600,110.0,TVS,5,0.07454545454545454
Yamaha Fazer 150cc 2014,2014,45.0,first owner,delhi,45.0,13.0,27693,150.0,Yamaha,10,0.08666666666666667
Yamaha FZ25 250cc 2018,2018,25500.0,first owner,bangalore,43.0,20.3,110000,250.0,Yamaha,6,0.08120000000000001
Royal Enfield Classic 350cc 2012,2012,32000.0,first owner,gurgaon,35.0,19.8,71299,350.0,Royal Enfield,12,0.05657142857142857
Hero Splendor iSmart 110cc 2016,2016,9246.0,first owner,delhi,55.0,9.3,38400,110.0,Hero,8,0.08454545454545455
Bajaj Pulsar 150cc 2011,2011,65.0,second owner,delhi,65.0,14.85,20400,150.0,Bajaj,13,0.09899999999999999
Bajaj Avenger Cruise 220 2015,2015,47000.0,first owner,kurukshetra,35.0,19.0,40000,220.0,Bajaj,9,0.08636363636363636
Honda CB Shine 125cc 2013,2013,65.0,second owner,rewari,65.0,10.0,20100,125.0,Honda,11,0.08
Honda Dream Yuga 110cc 2018,2018,84.0,second owner,bangalore,84.0,8.25,58800,110.0,Honda,6,0.075
Hero Splendor Plus 100cc 2006,2006,46000.0,first owner,jaipur,81.0,8.2,26000,100.0,Hero,18,0.08199999999999999
Bajaj Pulsar ABS 150cc 2019,2019,65.0,first owner,hyderabad,65.0,15.0,81000,150.0,Bajaj,5,0.1
Royal Enfield Bullet Twinspark 350cc ABS 2019,2019,37.0,first owner,delhi,37.0,19.8,128000,350.0,Royal Enfield,5,0.05657142857142857
Bajaj Pulsar 150cc 2019,2019,65.0,first owner,hyderabad,65.0,15.0,95000,150.0,Bajaj,5,0.1
Hero Glamour Disc 125cc 2017,2017,45000.0,first owner,hyderabad,55.0,8.9,57000,125.0,Hero,7,0.0712
Bajaj V12 125cc 2017,2017,31220.0,first owner,gurgaon,57.0,12.0,32000,125.0,Bajaj,7,0.096
Hero Honda Splendor Plus 100cc 2011,2011,80000.0,first owner,kasganj,45.0,6.15,20000,100.0,Hero,13,0.061500000000000006
Bajaj Dominar 400 ABS 2017,2017,28.0,first owner,chandigarh,28.0,34.5,140000,400.0,Bajaj,7,0.08625
TVS Apache RTR 160 4V DISC ABS BS6 2020,2020,9100.0,first owner,gautam buddha nagar,40.0,15.6,100000,160.0,TVS,4,0.0975
Royal Enfield Bullet 500cc 2016,2016,22000.0,second owner,bangalore,25.0,26.37,160000,500.0,Royal Enfield,8,0.05274
Yamaha FZ16 150cc 2014,2014,58.0,first owner,delhi,58.0,13.0,38400,150.0,Yamaha,10,0.08666666666666667
Yamaha YZF-R15 150cc 2019,2019,7000.0,first owner,nagpur,42.0,16.0,180000,150.0,Yamaha,5,0.10666666666666667
Bajaj Discover 150S Disc 2015,2015,70.0,first owner,delhi,70.0,13.0,30000,150.0,Bajaj,9,0.08666666666666667
Bajaj Pulsar NS160 2017,2017,22000.0,second owner,panipat,40.0,15.5,55200,160.0,Bajaj,7,0.096875
Royal Enfield Classic 350cc 2016,2016,59947.0,first owner,navi mumbai,35.0,19.8,140000,350.0,Royal Enfield,8,0.05657142857142857
TVS Apache RTR 200 4V Carburetor 2017,2017,40.0,first owner,gurgaon,40.0,20.7,75000,200.0,TVS,7,0.1035
Bajaj Discover 125M 2014,2014,20000.0,first owner,delhi,65.0,12.5,29900,125.0,Bajaj,10,0.1
Royal Enfield Interceptor Chrome 2019,2019,23000.0,first owner,delhi,40.0,47.0,250000,650.0,Royal Enfield,5,0.07230769230769231
Bajaj Pulsar 135LS 2016,2016,52000.0,first owner,mumbai,64.0,13.0,45000,135.0,Bajaj,8,0.0962962962962963
Hero HF Deluxe self Alloy 100cc 2017,2017,33596.0,first owner,delhi,55.0,6.15,44000,100.0,Hero,7,0.061500000000000006
Bajaj V15 150cc 2016,2016,17300.0,first owner,hyderabad,57.0,11.8,43000,150.0,Bajaj,8,0.07866666666666668
Honda CB Hornet 160R Special Edition-CBS 2017,2017,52.0,first owner,kolkata,52.0,15.44,58000,160.0,Honda,7,0.0965
Bajaj Avenger Street 150 2016,2016,33500.0,first owner,mumbai,50.0,14.3,44700,150.0,Bajaj,8,0.09533333333333334
Hero Karizma R 223cc 2012,2012,41467.0,first owner,hyderabad,40.0,17.0,38500,223.0,Hero,12,0.07623318385650224
KTM Duke 390cc 2018,2018,12000.0,first owner,kanpur nagar,25.0,42.9,190800,390.0,KTM,6,0.11
Benelli TNT 300 2016,2016,9000.0,first owner,chennai,25.0,37.73,203921,300.0,Benelli,8,0.12576666666666667
Bajaj CT 100 100cc 2006,2006,20263.0,first owner,aurangabad,89.0,8.1,25000,100.0,Bajaj,18,0.081
Hero Splendor Plus i3s 2019,2019,9500.0,first owner,nanpara,81.0,8.2,60000,97.0,Hero,5,0.0845360824742268
Harley-Davidson Street 750 2019,2019,1166.0,first owner,delhi,20.0,47.0,399000,750.0,Harley-Davidson,5,0.06266666666666666
Bajaj Pulsar 180cc 2011,2011,38000.0,first owner,lucknow,65.0,15.0,24000,180.0,Bajaj,13,0.08333333333333333
Harley-Davidson Street Bob 2013,2013,19000.0,first owner,ghaziabad,18.0,65.0,515000,1868.0,Harley-Davidson,11,0.034796573875803
Kawasaki Ninja 650 KRT Edition 2018,2018,5500.0,first owner,pune,21.0,67.2,515000,650.0,Kawasaki,6,0.1033846153846154
Yamaha YZF-R15 150cc 2015,2015,22000.0,third owner,bangalore,42.0,16.0,80000,150.0,Yamaha,9,0.10666666666666667
Harley-Davidson Fat Boy 2013,2013,18.0,first owner,ghaziabad,18.0,65.0,699000,1868.0,Harley-Davidson,11,0.034796573875803
Benelli Leoncino 250 2019,2019,11000.0,first owner,secunderabad,40.0,25.1,208800,250.0,Benelli,5,0.1004
Suzuki Intruder 150cc FI 2018,2018,16000.0,first owner,thane,40.0,14.6,90000,150.0,Suzuki,6,0.09733333333333333
Honda CB Hornet 160R  ABS STD 2019,2019,52.0,first owner,thane,52.0,15.44,95000,160.0,Honda,5,0.0965
Yamaha FZ25 250cc 2018,2018,16100.0,first owner,mumbai,43.0,20.3,108937,250.0,Yamaha,6,0.08120000000000001
Yamaha YZF-R15 V3 150cc 2018,2018,6330.0,first owner,kalyan,40.0,18.7,125000,150.0,Yamaha,6,0.12466666666666666
Yamaha FZS25 250CC 2020,2020,12000.0,first owner,mumbai,43.0,20.51,103750,250.0,Yamaha,4,0.08204
Mahindra Centuro 110cc 2013,2013,50000.0,first owner,delhi,60.0,8.5,31000,110.0,Mahindra,11,0.07727272727272727
Yamaha FZs 150cc 2019,2019,11798.0,first owner,bangalore,45.0,13.0,100000,150.0,Yamaha,5,0.08666666666666667
Yamaha FZ S V 2.0 150cc 2014,2014,58.0,first owner,pune,58.0,13.0,46000,150.0,Yamaha,10,0.08666666666666667
Bajaj Discover 125ST 2013,2013,34000.0,third owner,faridabad,65.0,12.5,17600,125.0,Bajaj,11,0.1
Hero Super Splendor 125cc 2014,2014,29400.0,second owner,faridabad,75.0,9.0,19500,125.0,Hero,10,0.072
Bajaj Pulsar 150cc 2014,2014,65.0,first owner,gurgaon,65.0,14.85,25000,150.0,Bajaj,10,0.09899999999999999
Benelli 302R 300CC 2019,2019,29300.0,first owner,ahmedabad,40.0,38.26,280000,300.0,Benelli,5,0.12753333333333333
Honda CBR 250R ABS 2014,2014,38.0,first owner,hyderabad,38.0,26.15,89990,250.0,Honda,10,0.1046
Kawasaki Ninja 1000 2019,2019,5929.0,first owner,ranchi,15.0,140.0,945000,1000.0,Kawasaki,5,0.14
Bajaj V15 150cc 2018,2018,25500.0,first owner,bahadurgarh,57.0,11.8,40000,150.0,Bajaj,6,0.07866666666666668
Royal Enfield Classic 350cc 2009,2009,10022.0,first owner,mumbai,35.0,19.8,90000,350.0,Royal Enfield,15,0.05657142857142857
Hero Karizma R 223cc 2014,2014,41000.0,first owner,kolkata,40.0,17.0,30000,223.0,Hero,10,0.07623318385650224
Royal Enfield Classic Chrome 500cc 2016,2016,3198.0,first owner,faridabad,32.0,27.2,102850,500.0,Royal Enfield,8,0.0544
KTM RC 125CC 2019,2019,12000.0,first owner,mumbai,40.0,14.5,145250,125.0,KTM,5,0.116
KTM RC 390cc BS6 2020,2020,8000.0,first owner,mumbai,26.0,42.3,280125,390.0,KTM,4,0.10846153846153846
Yamaha MT-15 150cc 2020,2020,8000.0,first owner,mumbai,40.0,19.0,155625,150.0,Yamaha,4,0.12666666666666668
Royal Enfield Classic Stealth Black 500cc ABS 2019,2019,14000.0,first owner,chennai,32.0,27.2,168000,500.0,Royal Enfield,5,0.0544
TVS Apache RTR 200 4V ABS Race Edition 2019,2019,40.0,first owner,nashik,40.0,20.23,110000,200.0,TVS,5,0.10115
KTM Duke 390cc 2019,2019,10000.0,first owner,mumbai,25.0,42.9,233437,390.0,KTM,5,0.11
Royal Enfield Himalayan 410cc Sleet ABS 2019,2019,9000.0,first owner,mumbai,32.0,24.5,197125,410.0,Royal Enfield,5,0.05975609756097561
KTM RC 390cc 2019,2019,6000.0,first owner,mumbai,26.0,42.3,207500,390.0,KTM,5,0.10846153846153846
Yamaha YZF-R15 V3 150CC Dual Channel ABS VI 2019,2019,7525.0,first owner,mumbai,40.0,18.3,145000,150.0,Yamaha,5,0.12200000000000001
Suzuki Gixxer 150cc Dual Tone Rear Disc 2019,2019,15000.0,first owner,mumbai,63.0,14.0,77200,150.0,Suzuki,5,0.09333333333333334
Bajaj Avenger Street 150 2015,2015,35000.0,first owner,ratlam,50.0,14.3,47500,150.0,Bajaj,9,0.09533333333333334
Royal Enfield Thunderbird 350cc 2009,2009,65000.0,third owner,bangalore,35.0,19.8,50000,350.0,Royal Enfield,15,0.05657142857142857
Hero Xtreme 160R Dual Disc BS6 2020,2020,25000.0,first owner,jaipur,55.47,15.0,66000,160.0,Hero,4,0.09375
Royal Enfield Classic 350cc 2013,2013,40000.0,first owner,delhi,35.0,19.8,70000,350.0,Royal Enfield,11,0.05657142857142857
Royal Enfield Thunderbird 350cc 2017,2017,30000.0,first owner,guntur,40.0,19.8,127500,350.0,Royal Enfield,7,0.05657142857142857
Royal Enfield Classic 500cc 2018,2018,20000.0,first owner,delhi,35.0,27.2,190000,500.0,Royal Enfield,6,0.0544
Royal Enfield Bullet Electra 350cc 2012,2012,65000.0,first owner,delhi,40.0,19.8,800000,350.0,Royal Enfield,12,0.05657142857142857
Bajaj Pulsar 150cc 2012,2012,65.0,first owner,thanjavur,65.0,14.85,30000,150.0,Bajaj,12,0.09899999999999999
Royal Enfield Thunderbird 350cc 2017,2017,14500.0,first owner,chennai,40.0,19.8,93750,350.0,Royal Enfield,7,0.05657142857142857
Suzuki Intruder 150cc FI 2018,2018,450.0,first owner,mumbai,40.0,14.6,75000,150.0,Suzuki,6,0.09733333333333333
Bajaj Discover 150F 2015,2015,70.0,first owner,bangalore,70.0,13.0,45000,150.0,Bajaj,9,0.08666666666666667
Royal Enfield Interceptor 650cc BS6 2020,2020,25.0,first owner,goregaon,25.0,47.0,275000,650.0,Royal Enfield,4,0.07230769230769231
Bajaj Pulsar RS200 2016,2016,35.0,second owner,delhi,35.0,24.5,50175,200.0,Bajaj,8,0.1225
KTM Duke 200cc 2017,2017,40000.0,third owner,surat,35.0,24.6,130000,200.0,KTM,7,0.12300000000000001
Yamaha FZs 150cc 2013,2013,28592.0,first owner,ahmedabad,45.0,13.0,41500,150.0,Yamaha,11,0.08666666666666667
Bajaj Discover 150F 2015,2015,70.0,first owner,bangalore,70.0,13.0,50000,150.0,Bajaj,9,0.08666666666666667
Bajaj Pulsar 135LS 2012,2012,46000.0,first owner,delhi,64.0,13.0,30000,135.0,Bajaj,12,0.0962962962962963
Bajaj Dominar 400 2017,2017,28.0,first owner,delhi,28.0,34.5,74183,400.0,Bajaj,7,0.08625
Hero Xtreme 160R Dual Disc BS6 2020,2020,13500.0,first owner,rudrapur,55.47,15.0,90000,160.0,Hero,4,0.09375
Bajaj Dominar 400 ABS 2017,2017,28.0,first owner,mumbai,28.0,34.5,132000,400.0,Bajaj,7,0.08625
KTM RC 200cc 2016,2016,25997.0,first owner,bangalore,35.0,25.1,120000,200.0,KTM,8,0.1255
Hero Passion Plus 100cc 2007,2007,70000.0,first owner,tiruchirappalli,55.0,7.5,13500,100.0,Hero,17,0.075
KTM RC 200cc 2019,2019,9000.0,first owner,delhi,35.0,25.1,190000,200.0,KTM,5,0.1255
Bajaj Avenger 220cc 2014,2014,15000.0,first owner,delhi,40.0,19.0,52000,220.0,Bajaj,10,0.08636363636363636
Yamaha FZS-FI V 3.0 150cc ABS BS6 2021,2021,5000.0,first owner,goa-panaji,58.0,12.2,120000,150.0,Yamaha,3,0.08133333333333333
Yamaha FZS FI 150cc 2017,2017,58.0,first owner,bokaro,58.0,13.0,55000,150.0,Yamaha,7,0.08666666666666667
Royal Enfield Classic 350cc 2016,2016,3500.0,first owner,chennai,35.0,19.8,105000,350.0,Royal Enfield,8,0.05657142857142857
Ducati Panigale 959 2019,2019,1700.0,first owner,delhi,17.0,154.85,1299000,959.0,Ducati,5,0.16147028154327422
Suzuki Intruder M1800R 2013,2013,16800.0,first owner,delhi,13.0,127.0,825000,180.0,Suzuki,11,0.7055555555555556
Harley-Davidson Street Rod 2017,2017,9000.0,first owner,delhi,25.0,70.0,480000,749.0,Harley-Davidson,7,0.09345794392523364
Harley-Davidson Street Bob 2015,2015,24000.0,first owner,delhi,18.0,65.0,625000,1868.0,Harley-Davidson,9,0.034796573875803
Yamaha FZ25 250cc 2017,2017,14411.0,first owner,dhanbad,43.0,20.3,80000,250.0,Yamaha,7,0.08120000000000001
Bajaj Platina 100cc 2007,2007,104.0,first owner,jaipur,104.0,8.2,15000,100.0,Bajaj,17,0.08199999999999999
Bajaj Pulsar RS200 2018,2018,35.0,first owner,navi mumbai,35.0,24.5,110000,200.0,Bajaj,6,0.1225
Royal Enfield Classic 350cc 2017,2017,14000.0,first owner,delhi,35.0,19.8,114700,350.0,Royal Enfield,7,0.05657142857142857
Benelli TNT 300 2015,2015,21500.0,first owner,mumbai,25.0,37.73,180000,300.0,Benelli,9,0.12576666666666667
Royal Enfield Classic 350cc 2018,2018,2242.0,first owner,mumbai,35.0,19.8,190550,350.0,Royal Enfield,6,0.05657142857142857
Yamaha FZ25 ABS 250cc 2020,2020,2500.0,first owner,chennai,43.0,20.3,146000,250.0,Yamaha,4,0.08120000000000001
Hero CBZ 150cc 2012,2012,43400.0,first owner,pune,65.0,12.8,35000,150.0,Hero,12,0.08533333333333334
Yamaha FZs 150cc 2010,2010,52000.0,third owner,bangalore,45.0,13.0,30000,150.0,Yamaha,14,0.08666666666666667
Benelli 302S 2021,2021,16000.0,first owner,ahmedabad,40.0,19.0,315000,302.0,Benelli,3,0.06291390728476821
Bajaj Discover 150F 2015,2015,70.0,first owner,kolkata,70.0,13.0,30000,150.0,Bajaj,9,0.08666666666666667
Bajaj Pulsar 125cc Disc BS6 2021,2021,620.0,first owner,chennai,62.0,11.64,88000,125.0,Bajaj,3,0.09312000000000001
Bajaj Avenger Cruise 220 ABS FI BS6 2020,2020,2700.0,first owner,pune,35.0,18.76,118000,220.0,Bajaj,4,0.08527272727272728
Bajaj Pulsar NS160 2019,2019,7170.0,first owner,bangalore,40.0,15.5,95000,160.0,Bajaj,5,0.096875
Royal Enfield Thunderbird 350cc 2018,2018,17500.0,second owner,kukatpally,40.0,19.8,139000,350.0,Royal Enfield,6,0.05657142857142857
Honda CB Shine 125cc Disc 2013,2013,65.0,first owner,lucknow,65.0,10.0,35000,125.0,Honda,11,0.08
Hero Passion Xpro 110cc 2018,2018,43300.0,first owner,delhi,55.0,6.72,40000,110.0,Hero,6,0.06109090909090909
Yamaha FZ V 2.0 150cc 2018,2018,58.0,first owner,delhi,58.0,13.0,59500,150.0,Yamaha,6,0.08666666666666667
Bajaj Pulsar RS200 2017,2017,35.0,first owner,aliganj,35.0,24.5,70000,200.0,Bajaj,7,0.1225
Hero Passion Plus 100cc 2007,2007,35000.0,second owner,ahmedabad,55.0,7.5,16333,100.0,Hero,17,0.075
Suzuki Gixxer 150cc SP ABS 2019,2019,12000.0,first owner,thane,63.0,14.0,78500,150.0,Suzuki,5,0.09333333333333334
Suzuki Gixxer 150cc 2015,2015,40000.0,first owner,delhi,63.0,14.0,39400,150.0,Suzuki,9,0.09333333333333334
Bajaj Pulsar 125cc Disc CBS 2019,2019,15500.0,first owner,kalyani,40.0,11.8,50250,125.0,Bajaj,5,0.09440000000000001
Bajaj Pulsar 200 NS 200cc 2014,2014,69000.0,first owner,hyderabad,40.0,24.2,53728,200.0,Bajaj,10,0.121
Yamaha FZ V 2.0 150cc 2014,2014,58.0,first owner,ahmedabad,58.0,13.0,41500,150.0,Yamaha,10,0.08666666666666667
Bajaj Avenger 220cc 2014,2014,20664.0,first owner,ahmedabad,40.0,19.0,35000,220.0,Bajaj,10,0.08636363636363636
Bajaj Pulsar NS200 2013,2013,35.0,first owner,hyderabad,35.0,23.19,43000,200.0,Bajaj,11,0.11595000000000001
Suzuki Gixxer 150cc Dual Tone Rear Disc 2019,2019,10000.0,second owner,bangalore,63.0,14.0,70000,150.0,Suzuki,5,0.09333333333333334
KTM RC 390cc 2017,2017,22732.0,first owner,bilaspur,26.0,42.3,160000,390.0,KTM,7,0.10846153846153846
Royal Enfield Continental GT 535cc 2014,2014,13000.0,first owner,navi mumbai,26.0,29.1,125000,535.0,Royal Enfield,10,0.05439252336448598
Hero Xtreme 150cc 2016,2016,23000.0,second owner,varanasi,50.0,14.2,40000,150.0,Hero,8,0.09466666666666666
Bajaj V15 150cc 2016,2016,23000.0,first owner,varanasi,57.0,11.8,30000,150.0,Bajaj,8,0.07866666666666668
Bajaj Pulsar 220F 2011,2011,11000.0,first owner,jaipur,38.0,21.0,30200,220.0,Bajaj,13,0.09545454545454546
Royal Enfield Bullet Electra 350cc 2008,2008,37000.0,first owner,delhi,30.0,19.8,63700,350.0,Royal Enfield,16,0.05657142857142857
Bajaj Pulsar 180cc 2014,2014,65000.0,first owner,jaipur,45.0,17.0,38000,180.0,Bajaj,10,0.09444444444444444
TVS Apache RTR 200 4V ABS 2018,2018,40.0,first owner,thane,40.0,20.23,93000,200.0,TVS,6,0.10115
Bajaj Avenger 220cc 2014,2014,23500.0,first owner,pune,40.0,19.0,45100,220.0,Bajaj,10,0.08636363636363636
UM Renegade Sport S 2017,2017,14000.0,first owner,lucknow,35.0,24.8,110400,279.0,UM,7,0.08888888888888889
Yamaha YZF-R15 V3 150cc 2018,2018,6000.0,first owner,durgapur,40.0,18.7,120000,150.0,Yamaha,6,0.12466666666666666
TVS Apache RTR 160cc 2012,2012,60.0,first owner,hyderabad,60.0,15.2,32500,160.0,TVS,12,0.095
Honda CB Shine 125cc 2010,2010,65.0,second owner,gurgaon,65.0,10.0,20000,125.0,Honda,14,0.08
Hero Passion Pro 100cc 2016,2016,24000.0,first owner,ahmedabad,5.0,8.2,38000,100.0,Hero,8,0.08199999999999999
Bajaj Pulsar RS200 ABS 2019,2019,35.0,first owner,mumbai,35.0,24.5,150000,200.0,Bajaj,5,0.1225
Hero Passion Plus 100cc 2006,2006,44375.0,first owner,bangalore,55.0,7.5,16000,100.0,Hero,18,0.075
TVS Apache RTR 160cc 2010,2010,60.0,third owner,varanasi,60.0,15.2,27500,160.0,TVS,14,0.095
KTM RC 125CC 2019,2019,9892.0,first owner,vadodara,40.0,14.5,139000,125.0,KTM,5,0.116
Hero Glamour 125cc 2012,2012,55786.0,first owner,guntur,55.0,8.9,40580,125.0,Hero,12,0.0712
Royal Enfield Continental GT 535cc 2017,2017,2500.0,first owner,jaipur,26.0,29.1,155000,535.0,Royal Enfield,7,0.05439252336448598
Harley-Davidson Street 750 2016,2016,6500.0,first owner,hyderabad,20.0,47.0,395000,750.0,Harley-Davidson,8,0.06266666666666666
Yamaha YZF-R15 2.0 150cc 2014,2014,57000.0,second owner,warangal,42.0,16.7,75000,150.0,Yamaha,10,0.11133333333333333
Bajaj Pulsar NS160 2018,2018,2500.0,first owner,mumbai,40.0,15.5,64999,160.0,Bajaj,6,0.096875
Bajaj Avenger Street 220 2016,2016,15000.0,first owner,mumbai,53.0,19.0,49999,220.0,Bajaj,8,0.08636363636363636
Bajaj Avenger Cruise 220 ABS FI BS6 2020,2020,20000.0,first owner,kolkata,35.0,18.76,100000,220.0,Bajaj,4,0.08527272727272728
Royal Enfield Classic Desert Storm 500cc 2015,2015,12000.0,first owner,gurgaon,32.0,27.2,120000,500.0,Royal Enfield,9,0.0544
Honda CB Shine 125cc 2015,2015,65.0,first owner,bangalore,65.0,10.0,50000,125.0,Honda,9,0.08
Honda CBF Stunner 125cc 2009,2009,65.0,first owner,mumbai,65.0,11.0,15000,125.0,Honda,15,0.088
Royal Enfield Classic 350 S ABS 2019,2019,12000.0,first owner,delhi,35.0,19.8,145000,350.0,Royal Enfield,5,0.05657142857142857
Hyosung GT250R 2012,2012,15000.0,second owner,thakurdwara,30.0,28.0,135000,250.0,Hyosung,12,0.112
Bajaj Avenger Street 220 2015,2015,50971.0,first owner,hyderabad,53.0,19.0,50000,220.0,Bajaj,9,0.08636363636363636
UM Renegade Commando 2018,2018,8500.0,first owner,mumbai,35.0,24.8,91000,279.0,UM,6,0.08888888888888889
Bajaj Discover 125cc 2013,2013,43840.0,first owner,kanyakumari,65.0,12.5,30000,125.0,Bajaj,11,0.1
Hyosung GT650R 2012,2012,20000.0,first owner,hyderabad,20.0,72.68,212100,650.0,Hyosung,12,0.11181538461538462
Bajaj Pulsar 135LS 2014,2014,31000.0,first owner,pune,64.0,13.0,35000,135.0,Bajaj,10,0.0962962962962963
Honda CB Unicorn 150cc 2017,2017,60.0,first owner,mumbai,60.0,14.0,68000,150.0,Honda,7,0.09333333333333334
Bajaj Pulsar NS160 Rear Disc ABS 2019,2019,22000.0,first owner,kota,40.0,15.5,86000,160.0,Bajaj,5,0.096875
Suzuki Intruder 150cc 2018,2018,2546.0,first owner,udaipur,40.0,14.6,99000,150.0,Suzuki,6,0.09733333333333333
Bajaj Dominar 400 ABS 2017,2017,28.0,first owner,mumbai,28.0,34.5,130000,400.0,Bajaj,7,0.08625
Hyosung Aquila GV250 2014,2014,10120.0,first owner,bangalore,27.0,26.21,150000,250.0,Hyosung,10,0.10484
Royal Enfield Classic Desert Storm 500cc ABS 2019,2019,8000.0,first owner,bangalore,32.0,27.2,210500,500.0,Royal Enfield,5,0.0544
UM Renegade Commando 2017,2017,16000.0,second owner,udaipur,35.0,24.8,100000,279.0,UM,7,0.08888888888888889
Bajaj Pulsar 220F 2017,2017,26000.0,first owner,patna,38.0,21.0,66000,220.0,Bajaj,7,0.09545454545454546
Bajaj Avenger 220cc 2012,2012,19000.0,second owner,delhi,40.0,19.0,22125,220.0,Bajaj,12,0.08636363636363636
Bajaj Pulsar 150cc 2006,2006,65.0,first owner,durgapur,65.0,14.85,20000,150.0,Bajaj,18,0.09899999999999999
Bajaj Discover 150F 2015,2015,70.0,first owner,bangalore,70.0,13.0,42500,150.0,Bajaj,9,0.08666666666666667
Royal Enfield Continental GT 535cc 2014,2014,6300.0,first owner,kalyan,26.0,29.1,115051,535.0,Royal Enfield,10,0.05439252336448598
Bajaj Platina 100cc 2007,2007,104.0,first owner,bangalore,104.0,8.2,28000,100.0,Bajaj,17,0.08199999999999999
TVS Apache RTR 180cc ABS 2012,2012,45.0,first owner,noida,45.0,17.2,33000,180.0,TVS,12,0.09555555555555555
Bajaj Dominar 400 ABS 2017,2017,28.0,first owner,bangalore,28.0,34.5,140000,400.0,Bajaj,7,0.08625
Royal Enfield Interceptor 650cc 2019,2019,9500.0,second owner,mumbai,40.0,47.0,255000,650.0,Royal Enfield,5,0.07230769230769231
Bajaj Avenger Street 220 2016,2016,40000.0,first owner,nashik,53.0,19.0,72000,220.0,Bajaj,8,0.08636363636363636
Royal Enfield Classic 350 S ABS 2020,2020,8400.0,first owner,agra,35.0,19.8,160000,350.0,Royal Enfield,4,0.05657142857142857
TVS Apache RTR 160cc 2014,2014,60.0,first owner,kolkata,60.0,15.2,42100,160.0,TVS,10,0.095
Yamaha FZ V 2.0 150cc 2018,2018,58.0,first owner,rajkot,58.0,13.0,85000,150.0,Yamaha,6,0.08666666666666667
Bajaj Avenger 220cc 2012,2012,64000.0,first owner,pune,40.0,19.0,55000,220.0,Bajaj,12,0.08636363636363636
Royal Enfield Thunderbird 350cc 2015,2015,31000.0,first owner,hyderabad,40.0,19.8,105000,350.0,Royal Enfield,9,0.05657142857142857
Bajaj Pulsar 150cc 2015,2015,65.0,second owner,sonipat,65.0,14.85,36600,150.0,Bajaj,9,0.09899999999999999
Bajaj Avenger Cruise 220 2016,2016,18000.0,first owner,mumbai,35.0,19.0,72625,220.0,Bajaj,8,0.08636363636363636
Yamaha FZs 150cc 2019,2019,24000.0,first owner,mumbai,45.0,13.0,101675,150.0,Yamaha,5,0.08666666666666667
Yamaha YZF-R15 V3 150CC ABS 2019,2019,10340.0,first owner,mumbai,40.0,18.7,171187,150.0,Yamaha,5,0.12466666666666666
Suzuki Gixxer 150cc 2017,2017,48500.0,first owner,vijayawada,63.0,14.0,48000,150.0,Suzuki,7,0.09333333333333334
KTM Duke 200cc 2014,2014,11000.0,first owner,hyderabad,35.0,25.0,99999,200.0,KTM,10,0.125
KTM RC 200cc ABS 2019,2019,20990.0,second owner,hyderabad,35.0,25.1,175000,200.0,KTM,5,0.1255
UM Renegade Sport S 2018,2018,4400.0,first owner,delhi,35.0,24.8,125000,279.0,UM,6,0.08888888888888889
Royal Enfield Classic Gunmetal Grey 350cc 2018,2018,12000.0,first owner,jaipur,35.0,19.8,149000,350.0,Royal Enfield,6,0.05657142857142857
Bajaj Pulsar 150cc 2010,2010,65.0,first owner,bangalore,65.0,14.85,34000,150.0,Bajaj,14,0.09899999999999999
TVS Apache RTR 160cc 2016,2016,60.0,first owner,bangalore,60.0,15.2,50000,160.0,TVS,8,0.095
Yamaha FZ S V 2.0 150cc 2019,2019,58.0,first owner,chennai,58.0,13.0,78000,150.0,Yamaha,5,0.08666666666666667
Harley-Davidson Superlow 2015,2015,3226.0,first owner,nanded,20.0,50.0,400000,883.0,Harley-Davidson,9,0.056625141562853906
Royal Enfield Machismo 500cc 2010,2010,25.0,first owner,delhi,25.0,23.9,65000,500.0,Royal Enfield,14,0.047799999999999995
Royal Enfield Thunderbird 350cc ABS 2019,2019,6000.0,first owner,kolkata,40.0,19.8,150000,350.0,Royal Enfield,5,0.05657142857142857
Hero Hunk 150cc 2009,2009,55000.0,first owner,ahmedabad,53.0,14.0,20000,150.0,Hero,15,0.09333333333333334
Royal Enfield Continental GT Custom BS6 2020,2020,2300.0,first owner,gurgaon,40.0,47.0,370000,535.0,Royal Enfield,4,0.08785046728971962
Yamaha YZF-R15 V3 150cc 2018,2018,6523.0,first owner,kolkata,40.0,18.7,120000,150.0,Yamaha,6,0.12466666666666666
Honda Dream Yuga 110cc 2015,2015,29000.0,first owner,hyderabad,84.0,8.0,38000,110.0,Honda,9,0.07272727272727272
Suzuki Gixxer 150cc 2016,2016,13500.0,first owner,hyderabad,63.0,14.0,50000,150.0,Suzuki,8,0.09333333333333334
Royal Enfield Standard 350cc 2016,2016,37.0,second owner,jodhpur,37.0,19.8,135000,350.0,Royal Enfield,8,0.05657142857142857
Honda CB 1000R 2010,2010,22000.0,second owner,ghaziabad,16.0,129.0,23000,1000.0,Honda,14,0.129
Royal Enfield Classic Desert Storm 500cc 2015,2015,38097.0,first owner,ghaziabad,32.0,27.2,110000,500.0,Royal Enfield,9,0.0544
Royal Enfield Thunderbird 350cc 2017,2017,13500.0,second owner,faridabad,40.0,19.8,100000,350.0,Royal Enfield,7,0.05657142857142857
Royal Enfield Himalayan 410cc Fi 2018,2018,26000.0,first owner,vasai,32.0,24.5,165300,410.0,Royal Enfield,6,0.05975609756097561
Hero Splendor Plus Self Alloy 100cc IBS BS6 2020,2020,11000.0,first owner,gautam buddha nagar,55.0,7.91,61200,100.0,Hero,4,0.0791
Royal Enfield Thunderbird X 500cc 2018,2018,10000.0,first owner,itanagar,40.0,27.2,145000,500.0,Royal Enfield,6,0.0544
Royal Enfield Classic Squadron Blue 500cc 2016,2016,27548.0,first owner,mumbai,25.0,27.2,146000,500.0,Royal Enfield,8,0.0544
Hero Splendor 100cc 1999,1999,173340.0,first owner,yamuna nagar,45.0,7.44,14000,100.0,Hero,25,0.07440000000000001
Hero CBZ Xtreme 150cc 2013,2013,35000.0,first owner,pune,65.0,14.4,32000,150.0,Hero,11,0.096
Royal Enfield Continental GT Twin 650cc 2017,2017,11000.0,first owner,hyderabad,40.0,47.0,260000,650.0,Royal Enfield,7,0.07230769230769231
Bajaj Discover 100cc 2013,2013,80.0,first owner,ahmedabad,80.0,7.7,25500,100.0,Bajaj,11,0.077
Royal Enfield Classic 350cc Dual ABS BS6 2020,2020,7800.0,first owner,nagpur,35.0,19.1,200000,350.0,Royal Enfield,4,0.054571428571428576
Hyosung Aquila Pro GV650 2014,2014,10000.0,second owner,meerut,16.0,74.0,280000,650.0,Hyosung,10,0.11384615384615385
Royal Enfield Classic 350cc 2011,2011,47000.0,second owner,pune,35.0,19.8,90000,350.0,Royal Enfield,13,0.05657142857142857
TVS Apache RTR 200 4V ABS 2018,2018,40.0,first owner,gurgaon,40.0,20.23,65000,200.0,TVS,6,0.10115
KTM Duke 125cc 2019,2019,14000.0,first owner,mumbai,40.0,14.3,124500,125.0,KTM,5,0.1144
KTM Duke 125cc 2019,2019,12000.0,first owner,mumbai,40.0,14.3,124500,125.0,KTM,5,0.1144
KTM Duke 125cc 2018,2018,11000.0,first owner,mumbai,40.0,14.3,124500,125.0,KTM,6,0.1144
Royal Enfield Classic Gunmetal Grey 350cc 2018,2018,18000.0,first owner,mumbai,35.0,19.8,155625,350.0,Royal Enfield,6,0.05657142857142857
KTM Duke 200cc ABS BS6 2020,2020,7000.0,first owner,mumbai,35.0,24.6,186750,200.0,KTM,4,0.12300000000000001
KTM Duke 125cc 2018,2018,11000.0,first owner,mumbai,40.0,14.3,129687,125.0,KTM,6,0.1144
KTM Duke 125cc 2019,2019,14000.0,first owner,mumbai,40.0,14.3,129687,125.0,KTM,5,0.1144
Royal Enfield Classic 350cc 2019,2019,10000.0,first owner,mumbai,35.0,19.8,181562,350.0,Royal Enfield,5,0.05657142857142857
KTM RC 200cc 2018,2018,9000.0,first owner,mumbai,35.0,25.1,155625,200.0,KTM,6,0.1255
Royal Enfield Classic 350cc 2017,2017,33000.0,first owner,mumbai,35.0,19.8,145250,350.0,Royal Enfield,7,0.05657142857142857
Royal Enfield Bullet Electra 350cc 2009,2009,10000.0,first owner,mumbai,30.0,19.8,102712,350.0,Royal Enfield,15,0.05657142857142857
Royal Enfield Classic Gunmetal Grey 350cc 2019,2019,10000.0,first owner,mumbai,35.0,19.8,186750,350.0,Royal Enfield,5,0.05657142857142857
Yamaha YZF-R3 320cc 2016,2016,11000.0,first owner,mumbai,22.0,41.4,259375,320.0,Yamaha,8,0.129375
Royal Enfield Classic 350cc 2019,2019,7500.0,first owner,mumbai,35.0,19.8,186750,350.0,Royal Enfield,5,0.05657142857142857
Royal Enfield Classic Gunmetal Grey 350cc 2018,2018,6000.0,first owner,mumbai,35.0,19.8,166000,350.0,Royal Enfield,6,0.05657142857142857
KTM Duke 200cc ABS 2019,2019,13000.0,first owner,mumbai,35.0,24.6,166000,200.0,KTM,5,0.12300000000000001
Royal Enfield Classic 350cc 2019,2019,11000.0,first owner,mumbai,35.0,19.8,186750,350.0,Royal Enfield,5,0.05657142857142857
Royal Enfield Thunderbird 350cc ABS 2019,2019,3000.0,first owner,mumbai,40.0,19.8,186750,350.0,Royal Enfield,5,0.05657142857142857
Royal Enfield Classic 350cc 2018,2018,17000.0,first owner,mumbai,35.0,19.8,166000,350.0,Royal Enfield,6,0.05657142857142857
Royal Enfield Himalayan 410cc Sleet and Gravel Grey ABS BS6 2021,2021,6600.0,first owner,mumbai,32.0,24.3,233437,410.0,Royal Enfield,3,0.05926829268292683
Yamaha YZF-R15 V3 150cc 2020,2020,7000.0,first owner,mumbai,40.0,18.7,166000,150.0,Yamaha,4,0.12466666666666666
KTM 390 Adventure BS6 2020,2020,10000.0,first owner,mumbai,40.0,42.3,337187,390.0,KTM,4,0.10846153846153846
KTM Duke 200cc ABS 2019,2019,11000.0,first owner,mumbai,35.0,24.6,155625,200.0,KTM,5,0.12300000000000001
TVS Star City Plus Dual Tone 110cc 2018,2018,14680.0,first owner,bangalore,85.0,8.2,52000,110.0,TVS,6,0.07454545454545454
Hero Splendor Plus 100cc 2012,2012,21298.0,first owner,mumbai,81.0,8.2,37000,100.0,Hero,12,0.08199999999999999
Kawasaki Z650 2018,2018,7800.0,first owner,mumbai,30.0,67.2,466875,650.0,Kawasaki,6,0.1033846153846154
Harley-Davidson Fat Bob 2015,2015,13000.0,first owner,mumbai,18.0,65.0,778125,1868.0,Harley-Davidson,9,0.034796573875803
Harley-Davidson Forty Eight 2013,2013,14000.0,first owner,mumbai,20.0,60.0,570625,1202.0,Harley-Davidson,11,0.04991680532445923
Harley-Davidson Iron 883 2016,2016,9500.0,second owner,mumbai,20.0,50.0,570625,883.0,Harley-Davidson,8,0.056625141562853906
Benelli Leoncino 500cc 2020,2020,1000.0,first owner,mumbai,40.0,46.8,466875,500.0,Benelli,4,0.09359999999999999
Harley-Davidson Iron 883 2015,2015,25000.0,first owner,mumbai,20.0,50.0,544687,883.0,Harley-Davidson,9,0.056625141562853906
Kawasaki Ninja 650cc 2015,2015,10000.0,first owner,mumbai,21.0,67.2,300875,650.0,Kawasaki,9,0.1033846153846154
Harley-Davidson Iron 883 2014,2014,27000.0,first owner,mumbai,20.0,50.0,544687,883.0,Harley-Davidson,10,0.056625141562853906
Royal Enfield Interceptor 650cc 2019,2019,9000.0,first owner,mumbai,40.0,47.0,259373,650.0,Royal Enfield,5,0.07230769230769231
Royal Enfield Thunderbird 350cc 2010,2010,35600.0,first owner,howrah,35.0,19.8,78700,350.0,Royal Enfield,14,0.05657142857142857
Suzuki Gixxer SF 150cc 2015,2015,45000.0,first owner,ahmednagar,40.0,14.6,42000,150.0,Suzuki,9,0.09733333333333333
Honda CBF Stunner 125cc 2011,2011,65.0,second owner,ahmedabad,65.0,11.0,12000,125.0,Honda,13,0.088
Honda CBF Stunner 125cc 2012,2012,65.0,first owner,faridabad,65.0,11.0,30000,125.0,Honda,12,0.088
Hero Passion Xpro Disc 2019,2019,16400.0,first owner,delhi,55.0,8.0,50000,109.0,Hero,5,0.07339449541284404
Honda CBR 250R 2012,2012,29.0,first owner,mumbai,29.0,26.15,105000,250.0,Honda,12,0.1046
UM Renegade Commando Mojave 2018,2018,13000.0,first owner,hyderabad,35.0,24.8,119000,279.0,UM,6,0.08888888888888889
Harley-Davidson Fat Boy 2017,2017,18.0,first owner,mumbai,18.0,65.0,1245000,1868.0,Harley-Davidson,7,0.034796573875803
Harley-Davidson Forty Eight 2015,2015,6776.0,first owner,mumbai,20.0,60.0,674375,1202.0,Harley-Davidson,9,0.04991680532445923
Harley-Davidson Fat Boy 2016,2016,18.0,first owner,mumbai,18.0,65.0,1141250,1868.0,Harley-Davidson,8,0.034796573875803
Benelli TNT 300 2016,2016,15000.0,first owner,mumbai,25.0,37.73,228250,300.0,Benelli,8,0.12576666666666667
Harley-Davidson Iron 883 2012,2012,6700.0,first owner,mumbai,20.0,50.0,415000,883.0,Harley-Davidson,12,0.056625141562853906
Benelli TNT 300 2018,2018,10000.0,first owner,mumbai,25.0,37.73,259375,300.0,Benelli,6,0.12576666666666667
Ducati Monster 821 2015,2015,13.0,first owner,mumbai,13.0,110.4,778125,821.0,Ducati,9,0.13447015834348355
Benelli TNT 300 2016,2016,3500.0,first owner,mumbai,25.0,37.73,233437,300.0,Benelli,8,0.12576666666666667
Harley-Davidson Street 750 ABS 2020,2020,97.0,first owner,mumbai,20.0,47.0,596562,750.0,Harley-Davidson,4,0.06266666666666666
Kawasaki Ninja 300cc 2016,2016,9000.0,first owner,mumbai,25.0,39.0,233437,300.0,Kawasaki,8,0.13
Royal Enfield Continental GT 650cc 2019,2019,4900.0,first owner,mumbai,40.0,47.0,300875,650.0,Royal Enfield,5,0.07230769230769231
Ducati Monster 821 2017,2017,13.0,second owner,mumbai,13.0,110.4,881875,821.0,Ducati,7,0.13447015834348355
Benelli TNT 600i 2016,2016,14000.0,first owner,mumbai,19.0,82.7,415000,600.0,Benelli,8,0.13783333333333334
TVS Apache RTR 200 4V Race Edition 2.0 2019,2019,40.0,first owner,mumbai,40.0,20.7,95800,200.0,TVS,5,0.1035
Bajaj Avenger Street 220 2016,2016,15750.0,first owner,hubli,53.0,19.0,80000,220.0,Bajaj,8,0.08636363636363636
Bajaj Pulsar NS160 2018,2018,16500.0,first owner,raikot,40.0,15.5,780000,160.0,Bajaj,6,0.096875
KTM Duke 200cc ABS BS6 2020,2020,5000.0,first owner,mumbai,35.0,24.6,186750,200.0,KTM,4,0.12300000000000001
Bajaj Avenger Street 160 ABS FI BS6 2020,2020,7000.0,first owner,chennai,53.72,14.79,100000,160.0,Bajaj,4,0.09243749999999999
KTM RC 390cc 2015,2015,19000.0,first owner,visakhapatnam,26.0,43.0,145000,390.0,KTM,9,0.11025641025641025
Yamaha FZ S V 2.0 150cc 2017,2017,58.0,first owner,gurgaon,58.0,13.0,57400,150.0,Yamaha,7,0.08666666666666667
Bajaj CT 100 100cc 2006,2006,40000.0,first owner,ahmedabad,89.0,8.1,10500,100.0,Bajaj,18,0.081
Kawasaki Z650 2017,2017,15000.0,first owner,mumbai,30.0,67.2,466875,650.0,Kawasaki,7,0.1033846153846154
Yamaha RX 100 100cc 1993,1993,7000.0,first owner,ahmedabad,40.0,11.0,60000,100.0,Yamaha,31,0.11
Suzuki Gixxer 150cc 2018,2018,14000.0,first owner,pune,63.0,14.0,95000,150.0,Suzuki,6,0.09333333333333334
BMW G 310 GS 2019,2019,22000.0,first owner,kalyan,40.0,33.0,299000,310.0,BMW,5,0.1064516129032258
Royal Enfield Thunderbird 350cc 2015,2015,11000.0,first owner,delhi,40.0,19.8,102200,350.0,Royal Enfield,9,0.05657142857142857
Royal Enfield Classic Gunmetal Grey 350cc 2018,2018,9900.0,first owner,kolkata,35.0,19.8,130500,350.0,Royal Enfield,6,0.05657142857142857
Yamaha YZF-R15 V3 150cc 2018,2018,19000.0,first owner,delhi,40.0,18.7,99999,150.0,Yamaha,6,0.12466666666666666
Bajaj Pulsar RS200 2017,2017,35.0,first owner,delhi,35.0,24.5,95000,200.0,Bajaj,7,0.1225
Hero Splendor Plus 100cc 2010,2010,15500.0,first owner,ludhiana,81.0,8.2,24000,100.0,Hero,14,0.08199999999999999
Honda CB Unicorn 150cc 2014,2014,60.0,first owner,mumbai,60.0,14.0,39856,150.0,Honda,10,0.09333333333333334
Hero Splendor 100cc 2012,2012,56000.0,first owner,ambala,45.0,6.15,18800,100.0,Hero,12,0.061500000000000006
Suzuki Gixxer SF 150cc 2016,2016,34000.0,first owner,pune,40.0,14.6,60000,150.0,Suzuki,8,0.09733333333333333
Yamaha YZF-R15 2.0 150cc 2015,2015,8855.0,first owner,mumbai,42.0,16.7,80300,150.0,Yamaha,9,0.11133333333333333
Yamaha YZF-R15 2.0 150cc 2018,2018,1200.0,first owner,mumbai,42.0,16.7,85000,150.0,Yamaha,6,0.11133333333333333
Hero Karizma R 223cc 2015,2015,11045.0,second owner,gurgaon,40.0,17.0,31300,223.0,Hero,9,0.07623318385650224
Bajaj Avenger Street 220 2015,2015,20300.0,first owner,lucknow,53.0,19.0,41600,220.0,Bajaj,9,0.08636363636363636
Yamaha RX135 135cc 4-Speed 2000,2000,925.0,first owner,bangalore,35.0,12.0,105000,135.0,Yamaha,24,0.08888888888888889
Hero Karizma R 223cc 2014,2014,12000.0,first owner,bangalore,40.0,17.0,40000,223.0,Hero,10,0.07623318385650224
Jawa Perak 330cc 2020,2020,950.0,first owner,mumbai,40.0,30.0,207500,330.0,Jawa,4,0.09090909090909091
Royal Enfield Himalayan 410cc 2016,2016,2000.0,first owner,chennai,32.0,24.5,147500,410.0,Royal Enfield,8,0.05975609756097561
Bajaj Pulsar RS200 ABS 2017,2017,35.0,second owner,delhi,35.0,24.5,77300,200.0,Bajaj,7,0.1225
Hero HF Deluxe Self 100cc 2013,2013,49000.0,first owner,patna,55.0,6.15,28000,100.0,Hero,11,0.061500000000000006
Honda CB Twister 110cc 2012,2012,71.0,first owner,ahmedabad,71.0,9.0,12000,110.0,Honda,12,0.08181818181818182
Royal Enfield Standard 350cc 1985,1985,40.0,third owner,kolhapur,40.0,18.0,125000,350.0,Royal Enfield,39,0.05142857142857143
Bajaj Pulsar 150cc 2007,2007,65.0,first owner,meerut,65.0,14.85,8175,150.0,Bajaj,17,0.09899999999999999
Yamaha YZF-R15 2.0 150cc 2017,2017,1200.0,first owner,mumbai,42.0,16.7,95000,150.0,Yamaha,7,0.11133333333333333
BenelliImperiale 400 2020,2020,3500.0,first owner,mumbai,40.0,20.7,220000,400.0,Benelli,4,0.05175
Suzuki Gixxer SF Fi 150cc 2016,2016,18500.0,first owner,kalyan,40.0,14.6,60000,150.0,Suzuki,8,0.09733333333333333
Bajaj Dominar 400 2018,2018,28.0,first owner,delhi,28.0,34.5,150000,400.0,Bajaj,6,0.08625
Yamaha FZs 150cc 2016,2016,38000.0,third owner,bangalore,45.0,13.0,60000,150.0,Yamaha,8,0.08666666666666667
Bajaj Dominar 400 2018,2018,28.0,first owner,delhi,28.0,34.5,115000,400.0,Bajaj,6,0.08625
Honda CBR 150R 150cc 2016,2016,38.0,first owner,surat,38.0,18.28,99500,150.0,Honda,8,0.12186666666666668
KTM Duke 200cc 2019,2019,11000.0,first owner,mumbai,35.0,24.6,165000,200.0,KTM,5,0.12300000000000001
TVS Apache RR310 BS6 2021,2021,600.0,first owner,mumbai,22.0,33.0,265000,310.0,TVS,3,0.1064516129032258
Hero Super Splendor 125cc 2014,2014,39000.0,second owner,delhi,75.0,9.0,32000,125.0,Hero,10,0.072
Bajaj V15 150cc 2016,2016,22993.0,second owner,delhi,57.0,11.8,35000,150.0,Bajaj,8,0.07866666666666668
Hero Splendor iSmart 110cc 2016,2016,22000.0,first owner,delhi,55.0,9.3,37000,110.0,Hero,8,0.08454545454545455
Hero Passion Pro 100cc Drum Alloy 2018,2018,17296.0,first owner,delhi,5.0,8.2,50000,100.0,Hero,6,0.08199999999999999
TVS Star City Plus 110cc 2014,2014,16000.0,first owner,delhi,85.0,8.2,28000,110.0,TVS,10,0.07454545454545454
Honda Livo 110cc 2018,2018,28000.0,first owner,karnal,40.0,8.25,40000,110.0,Honda,6,0.075
TVS Apache RTR 200 4V ABS Race Edition 2018,2018,40.0,first owner,meerut,40.0,20.23,90200,200.0,TVS,6,0.10115
Bajaj Discover 100cc 2012,2012,80.0,first owner,assandh,80.0,7.7,200000,100.0,Bajaj,12,0.077
TVS Apache RTR 200 4V ABS Race Edition 2018,2018,40.0,first owner,delhi,40.0,20.23,70000,200.0,TVS,6,0.10115
KTM Duke 250cc ABS BS6 2020,2020,1400.0,first owner,delhi,40.0,29.6,200000,250.0,KTM,4,0.1184
Yamaha YZF-R15 150cc 2017,2017,16300.0,first owner,bangalore,42.0,16.0,67500,150.0,Yamaha,7,0.10666666666666667
TVS Apache RTR 160 4V Disc 2018,2018,25000.0,first owner,delhi,40.0,16.1,75000,160.0,TVS,6,0.100625
Royal Enfield Classic 350cc ABS BS6 2020,2020,1400.0,first owner,mumbai,35.0,19.1,197125,350.0,Royal Enfield,4,0.054571428571428576
Royal Enfield Classic 350cc-Redditch Edition 2019,2019,3600.0,first owner,mumbai,35.0,19.8,197125,350.0,Royal Enfield,5,0.05657142857142857
Royal Enfield Classic 350cc-Redditch Edition 2019,2019,8800.0,first owner,mumbai,35.0,19.8,197125,350.0,Royal Enfield,5,0.05657142857142857
Harley-Davidson Street 750 2014,2014,10000.0,first owner,delhi,20.0,47.0,310000,750.0,Harley-Davidson,10,0.06266666666666666
Bajaj Dominar 400 2018,2018,28.0,first owner,mumbai,28.0,34.5,145250,400.0,Bajaj,6,0.08625
Bajaj Avenger 220cc 2013,2013,45000.0,first owner,delhi,40.0,19.0,35000,220.0,Bajaj,11,0.08636363636363636
Bajaj V15 150cc 2018,2018,26000.0,first owner,jaipur,57.0,11.8,31125,150.0,Bajaj,6,0.07866666666666668
Bajaj Dominar 400 ABS 2017,2017,28.0,first owner,hyderabad,28.0,34.5,100000,400.0,Bajaj,7,0.08625
Bajaj Pulsar RS200 ABS 2017,2017,35.0,fourth owner or more,jaipur,35.0,24.5,56000,200.0,Bajaj,7,0.1225
Bajaj Pulsar 150cc Neon ABS FI BS6 2020,2020,65.0,first owner,delhi,65.0,13.79,77400,150.0,Bajaj,4,0.09193333333333333
Royal Enfield Classic 350cc 2018,2018,16000.0,second owner,noida,35.0,19.8,121500,350.0,Royal Enfield,6,0.05657142857142857
Royal Enfield Classic 350 S ABS 2019,2019,18000.0,first owner,bangalore,35.0,19.8,170000,350.0,Royal Enfield,5,0.05657142857142857
Royal Enfield Classic 350cc 2018,2018,13400.0,second owner,delhi,35.0,19.8,135000,350.0,Royal Enfield,6,0.05657142857142857
Bajaj Pulsar RS200 2017,2017,35.0,first owner,mysore,35.0,24.5,120000,200.0,Bajaj,7,0.1225
Hero Karizma R 223cc 2009,2009,70000.0,first owner,pune,40.0,17.0,60000,223.0,Hero,15,0.07623318385650224
Royal Enfield Classic 350cc 2009,2009,22000.0,second owner,nashik,35.0,19.8,80000,350.0,Royal Enfield,15,0.05657142857142857
KTM RC 390cc 2017,2017,9000.0,second owner,jalandhar,26.0,42.3,150000,390.0,KTM,7,0.10846153846153846
Bajaj Dominar 400 ABS 2019,2019,28.0,first owner,chandigarh,28.0,34.5,155100,400.0,Bajaj,5,0.08625
Royal Enfield Meteor 350 Stellar 2021,2021,135.0,first owner,amritsar,40.0,20.2,210000,350.0,Royal Enfield,3,0.05771428571428571
Honda CB Twister 110cc 2011,2011,71.0,first owner,ghaziabad,71.0,9.0,15000,110.0,Honda,13,0.08181818181818182
Bajaj V15 150cc 2017,2017,14000.0,first owner,faridabad,57.0,11.8,37000,150.0,Bajaj,7,0.07866666666666668
TVS Star City Plus 110cc 2018,2018,22112.0,first owner,chennai,85.0,8.2,40000,110.0,TVS,6,0.07454545454545454
TVS Apache RTR 200 4V FI 2018,2018,40.0,first owner,chennai,40.0,20.7,70000,200.0,TVS,6,0.1035
Bajaj Dominar 400 2019,2019,28.0,first owner,bangalore,28.0,34.5,199000,400.0,Bajaj,5,0.08625
TVS Apache RR310 BS6 2020,2020,1700.0,first owner,pune,22.0,33.0,280000,310.0,TVS,4,0.1064516129032258
Honda CBF Stunner 125cc 2014,2014,65.0,first owner,delhi,65.0,11.0,35000,125.0,Honda,10,0.088
Royal Enfield Thunderbird 350cc 2017,2017,10000.0,first owner,chennai,40.0,19.8,100000,350.0,Royal Enfield,7,0.05657142857142857
Yamaha YZF-R15 150cc 2010,2010,20000.0,third owner,gurgaon,42.0,16.0,35000,150.0,Yamaha,14,0.10666666666666667
Royal Enfield Classic 350cc 2015,2015,15900.0,first owner,kanpur,35.0,19.8,118000,350.0,Royal Enfield,9,0.05657142857142857
Bajaj Pulsar 180F NEON ABS BS6 2020,2020,7150.0,second owner,nagercoil,45.0,16.6,99000,180.0,Bajaj,4,0.09222222222222223
Bajaj Pulsar 150cc 2010,2010,65.0,first owner,chenani,65.0,14.85,12000,150.0,Bajaj,14,0.09899999999999999
TVS Apache 150cc 2010,2010,45.0,second owner,margao,45.0,13.7,32000,150.0,TVS,14,0.09133333333333332
Royal Enfield Bullet Electra Twinspark 350cc Double Disc 2019,2019,10388.0,first owner,mumbai,35.0,19.8,160000,350.0,Royal Enfield,5,0.05657142857142857
Yamaha FZ 150cc 2013,2013,58.0,first owner,burdwan,58.0,13.0,45000,150.0,Yamaha,11,0.08666666666666667
TVS Apache RTR 180cc 2015,2015,45.0,second owner,berhampore,45.0,17.2,47000,180.0,TVS,9,0.09555555555555555
Royal Enfield Thunderbird 350cc 2013,2013,24000.0,first owner,chennai,40.0,19.8,95000,350.0,Royal Enfield,11,0.05657142857142857
Bajaj Platina 100cc 2015,2015,104.0,first owner,chandigarh,104.0,8.2,32000,100.0,Bajaj,9,0.08199999999999999
KTM Duke 390cc 2018,2018,8500.0,first owner,bharuch,25.0,42.9,220000,390.0,KTM,6,0.11
Yamaha YZF-R15 2.0 150cc 2014,2014,33000.0,first owner,mumbai,42.0,16.7,70000,150.0,Yamaha,10,0.11133333333333333
TVS Apache RTR 160cc 2014,2014,60.0,first owner,chennai,60.0,15.2,78000,160.0,TVS,10,0.095
Suzuki Intruder 150cc 2018,2018,24872.0,second owner,hyderabad,40.0,14.6,75000,150.0,Suzuki,6,0.09733333333333333
Royal Enfield Bullet Electra 350cc 2014,2014,72000.0,first owner,ghaziabad,40.0,19.8,80000,350.0,Royal Enfield,10,0.05657142857142857
Hero Hunk 150cc 2013,2013,40900.0,first owner,pune,53.0,14.0,35000,150.0,Hero,11,0.09333333333333334
TVS Apache RTR 200 4V SmartXonnect 2020,2020,40.0,first owner,baghpat,40.0,20.23,130000,200.0,TVS,4,0.10115
Bajaj Avenger 200cc 2009,2009,50000.0,third owner,noida,53.0,19.0,12000,200.0,Bajaj,15,0.095
Bajaj Avenger 220cc 2013,2013,40000.0,second owner,hyderabad,40.0,19.0,29025,220.0,Bajaj,11,0.08636363636363636
Royal Enfield Thunderbird 350cc 2012,2012,64400.0,second owner,thane,40.0,19.8,50000,350.0,Royal Enfield,12,0.05657142857142857
Royal Enfield Classic 350cc 2017,2017,20000.0,first owner,kangra,35.0,19.8,106000,350.0,Royal Enfield,7,0.05657142857142857
Royal Enfield Classic 500cc 2017,2017,800.0,first owner,kanpur nagar,35.0,27.2,132100,500.0,Royal Enfield,7,0.0544
Yamaha YZF-R15 V3 Darknight edition 2019,2019,7425.0,first owner,chennai,40.0,18.7,136000,150.0,Yamaha,5,0.12466666666666666
KTM Duke 200cc 2018,2018,9800.0,first owner,pune,35.0,24.6,149900,200.0,KTM,6,0.12300000000000001
Bajaj Pulsar 150cc 2010,2010,65.0,first owner,delhi,65.0,14.85,20000,150.0,Bajaj,14,0.09899999999999999
Yamaha YZF-R15 2.0 150cc 2017,2017,12700.0,first owner,kurukshetra,42.0,16.7,84800,150.0,Yamaha,7,0.11133333333333333
Royal Enfield Electra 350cc 2017,2017,23000.0,first owner,hyderabad,25.0,19.8,115000,350.0,Royal Enfield,7,0.05657142857142857
TVS Sport 100cc 2019,2019,40000.0,second owner,hyderabad,95.0,7.4,41000,100.0,TVS,5,0.07400000000000001
Bajaj Pulsar 150cc Rear Disc 2018,2018,65.0,first owner,bangalore,65.0,15.0,70000,150.0,Bajaj,6,0.1
Royal Enfield Classic 350cc Dual Disc 2018,2018,8000.0,first owner,delhi,35.0,19.8,130000,350.0,Royal Enfield,6,0.05657142857142857
Suzuki Intruder 150cc FI 2018,2018,32728.0,first owner,ghaziabad,40.0,14.6,51864,150.0,Suzuki,6,0.09733333333333333
Bajaj Pulsar 150cc 2018,2018,65.0,first owner,ahmedabad,65.0,15.0,70000,150.0,Bajaj,6,0.1
Bajaj Pulsar 220cc 2015,2015,39000.0,first owner,pune,38.0,21.0,65000,220.0,Bajaj,9,0.09545454545454546
Yamaha SZ-RR 150cc 2018,2018,15000.0,first owner,bankura,55.0,12.0,65000,150.0,Yamaha,6,0.08
Bajaj Pulsar NS 200cc 2013,1950,35.0,third owner,khalilabad,35.0,23.19,55000,200.0,Bajaj,74,0.11595000000000001
Bajaj Avenger Cruise 220 2017,2017,18000.0,first owner,mumbai,35.0,19.0,77812,220.0,Bajaj,7,0.08636363636363636
TVS Apache RTR 200 4V Carburetor 2019,2019,40.0,first owner,mumbai,40.0,20.7,93375,200.0,TVS,5,0.1035
Bajaj Avenger 220cc 2014,2014,18060.0,first owner,mumbai,40.0,19.0,53950,220.0,Bajaj,10,0.08636363636363636
Royal Enfield Thunderbird 350cc 2014,2014,48500.0,first owner,ahmedabad,40.0,19.8,64100,350.0,Royal Enfield,10,0.05657142857142857
TVS Apache RTR 160 4V Drum 2018,2018,14000.0,first owner,ahmedabad,40.0,16.1,55900,160.0,TVS,6,0.100625
Bajaj Pulsar AS150 2015,2015,28000.0,first owner,pune,53.0,16.8,45000,150.0,Bajaj,9,0.112
Bajaj Pulsar RS200 ABS 2017,2017,35.0,second owner,pithampur,35.0,24.5,91600,200.0,Bajaj,7,0.1225
Bajaj Pulsar RS200 2018,2018,35.0,first owner,gorakhpur,35.0,24.5,90000,200.0,Bajaj,6,0.1225
Hero Karizma R 223cc 2011,2011,45000.0,first owner,howrah,40.0,17.0,24000,223.0,Hero,13,0.07623318385650224
Royal Enfield Thunderbird X 350cc ABS 2019,2019,32000.0,first owner,bangalore,40.0,19.8,163600,350.0,Royal Enfield,5,0.05657142857142857
Bajaj Pulsar 150cc 2012,2012,65.0,first owner,ghaziabad,65.0,14.85,48000,150.0,Bajaj,12,0.09899999999999999
Hero Karizma R 223cc 2008,2008,32000.0,first owner,delhi,40.0,17.0,16300,223.0,Hero,16,0.07623318385650224
Bajaj Pulsar ABS 150cc 2019,2019,65.0,first owner,jaipur,65.0,15.0,73000,150.0,Bajaj,5,0.1
Hero Splendor Plus IBS i3S 100cc 2019,2019,6300.0,first owner,delhi,55.0,8.2,68000,100.0,Hero,5,0.08199999999999999
Hero Glamour 125cc 2018,2018,14000.0,first owner,gurgaon,45.0,6.72,42000,125.0,Hero,6,0.053759999999999995
TVS Apache RTR 180cc 2016,2016,45.0,first owner,ahmedabad,45.0,17.3,35999,180.0,TVS,8,0.09611111111111112
TVS Apache RTR 200 4V ABS 2018,2018,40.0,first owner,nagpur,40.0,20.23,97500,200.0,TVS,6,0.10115
KTM Duke 390cc 2018,2018,6900.0,first owner,gurgaon,25.0,42.9,190100,390.0,KTM,6,0.11
Hero Glamour i3s 125cc 2017,2017,12000.0,first owner,delhi,40.0,11.4,37000,125.0,Hero,7,0.0912
Honda CB Shine 125cc 2019,2019,65.0,first owner,delhi,65.0,10.0,55000,125.0,Honda,5,0.08
Royal Enfield Continental GT 535cc 2015,2015,6200.0,first owner,chandigarh,26.0,29.1,125000,535.0,Royal Enfield,9,0.05439252336448598
Honda CB 1000R 2015,2015,17000.0,first owner,delhi,16.0,178.11,1175000,1000.0,Honda,9,0.17811000000000002
Yamaha FZ V 2.0 150cc 2016,2016,58.0,first owner,mumbai,58.0,13.0,50000,150.0,Yamaha,8,0.08666666666666667
Jawa Forty Two 295CC 2020,2020,8000.0,first owner,bangalore,40.0,27.0,165000,295.0,Jawa,4,0.09152542372881356
Yamaha YZF-R15 V3 150cc 2018,2018,25000.0,first owner,vadodara,40.0,18.7,114080,150.0,Yamaha,6,0.12466666666666666
Hero Passion Pro 100cc 2009,2009,45000.0,first owner,vadodara,5.0,8.2,24304,100.0,Hero,15,0.08199999999999999
Harley-Davidson Street Bob 2013,2013,24000.0,first owner,mumbai,18.0,65.0,195000,1868.0,Harley-Davidson,11,0.034796573875803
Honda CBF Stunner 125cc 2011,2011,65.0,second owner,bangalore,65.0,11.0,30000,125.0,Honda,13,0.088
KTM RC 125CC BS6 2020,2020,850.0,first owner,faridabad,40.0,14.5,155400,125.0,KTM,4,0.116
Honda CB Shine 125cc 2014,2014,65.0,first owner,jaipur,65.0,10.0,28000,125.0,Honda,10,0.08
Bajaj Avenger 220cc 2017,2017,14800.0,first owner,bangalore,40.0,19.0,76000,220.0,Bajaj,7,0.08636363636363636
Royal Enfield Himalayan 410cc 2018,2018,9600.0,first owner,mumbai,32.0,24.5,155625,410.0,Royal Enfield,6,0.05975609756097561
Yamaha FZS-FI V 3.0 150cc 2020,2020,7000.0,first owner,gorakhpur,40.0,13.0,74400,150.0,Yamaha,4,0.08666666666666667
Bajaj Pulsar 180cc 2015,2015,50000.0,third owner,muddebihal,45.0,17.0,52499,180.0,Bajaj,9,0.09444444444444444
Honda CB Trigger 150cc 2014,2014,30153.0,first owner,navi mumbai,60.0,14.0,37500,150.0,Honda,10,0.09333333333333334
KTM Duke 390cc 2020,2020,18000.0,first owner,mumbai,25.0,42.9,150000,390.0,KTM,4,0.11
Bajaj Pulsar RS200 2015,2015,35.0,first owner,pune,35.0,24.16,80000,200.0,Bajaj,9,0.1208
KTM RC 200cc ABS 2020,2020,6000.0,first owner,ahmednagar,35.0,25.1,198000,200.0,KTM,4,0.1255
Yamaha FZ S V 2.0 150cc 2016,2016,58.0,first owner,hyderabad,58.0,13.0,75000,150.0,Yamaha,8,0.08666666666666667
KTM Duke 390cc 2018,2018,4000.0,first owner,mumbai,25.0,42.9,207500,390.0,KTM,6,0.11
Bajaj Dominar 400 ABS 2018,2018,28.0,first owner,mumbai,28.0,34.5,129687,400.0,Bajaj,6,0.08625
Kawasaki Ninja ZX-10R 2020,2020,9200.0,first owner,delhi,12.5,197.3,1450000,1000.0,Kawasaki,4,0.1973
Yamaha FZs 150cc 2013,2013,47000.0,first owner,delhi,45.0,13.0,35000,150.0,Yamaha,11,0.08666666666666667
Honda CB ShineSP 125cc 2017,2017,65.0,first owner,ghaziabad,65.0,10.0,38000,125.0,Honda,7,0.08
Bajaj V15 150cc 2016,2016,7000.0,second owner,delhi,57.0,11.8,25500,150.0,Bajaj,8,0.07866666666666668
Bajaj Pulsar RS200 2016,2016,35.0,first owner,mumbai,35.0,24.5,70000,200.0,Bajaj,8,0.1225
Honda CB Hornet 160R STD 2017,2017,52.0,first owner,contai,52.0,15.44,55000,160.0,Honda,7,0.0965
Bajaj Pulsar NS200 2017,2017,42.0,first owner,kolkata,42.0,23.2,75300,200.0,Bajaj,7,0.11599999999999999
Honda CBR 650 F 2018,2018,9000.0,first owner,mumbai,18.0,84.11,830000,650.0,Honda,6,0.1294
Bajaj Pulsar RS200 ABS 2019,2019,35.0,first owner,delhi,35.0,24.5,118000,200.0,Bajaj,5,0.1225
Honda CBR 250R 2012,2012,29.0,first owner,indore,29.0,26.15,49999,250.0,Honda,12,0.1046
UM Renegade Commando 2018,2018,8000.0,first owner,lucknow,35.0,24.8,144500,279.0,UM,6,0.08888888888888889
Royal Enfield Thunderbird 350cc 2014,2014,75000.0,first owner,gurgaon,40.0,19.8,65000,350.0,Royal Enfield,10,0.05657142857142857
Suzuki Gixxer 150cc 2018,2018,2400.0,first owner,mumbai,63.0,14.0,66000,150.0,Suzuki,6,0.09333333333333334
Bajaj Pulsar 220F 2016,2016,26000.0,first owner,indore,38.0,21.0,85000,220.0,Bajaj,8,0.09545454545454546
Harley-Davidson Street 750 2016,2016,25000.0,third owner,delhi,20.0,47.0,295000,750.0,Harley-Davidson,8,0.06266666666666666
Royal Enfield Bullet 350cc KS EFI Black BS6 2020,2020,37.0,first owner,ahmedabad,37.0,19.8,165000,350.0,Royal Enfield,4,0.05657142857142857
Bajaj Pulsar RS200 ABS 2018,2018,35.0,first owner,ahmedabad,35.0,24.5,110000,200.0,Bajaj,6,0.1225
Hero Passion Pro 100cc Disc Alloy 2019,2019,1600.0,first owner,chennai,5.0,8.2,78000,100.0,Hero,5,0.08199999999999999
Bajaj Avenger Cruise 220 2017,2017,11000.0,first owner,cuttack,35.0,19.0,60000,220.0,Bajaj,7,0.08636363636363636
Bajaj Avenger Street 150 2016,2016,20232.0,first owner,bangalore,50.0,14.3,54000,150.0,Bajaj,8,0.09533333333333334
Yamaha Fazer 150cc 2013,2013,45.0,first owner,bangalore,45.0,13.0,43000,150.0,Yamaha,11,0.08666666666666667
Yamaha FZS-FI V 3.0 150cc 2019,2019,16213.0,first owner,bangalore,40.0,13.0,115000,150.0,Yamaha,5,0.08666666666666667
Bajaj Avenger Street 220 2016,2016,22811.0,first owner,bangalore,53.0,19.0,56000,220.0,Bajaj,8,0.08636363636363636
Bajaj Pulsar 220F 2018,2018,32000.0,first owner,raipur,38.0,21.0,80000,220.0,Bajaj,6,0.09545454545454546
Bajaj Pulsar 150cc 2012,2012,65.0,first owner,navi mumbai,65.0,14.85,50000,150.0,Bajaj,12,0.09899999999999999
Bajaj Discover 135cc 2008,2008,70000.0,first owner,lucknow,65.0,9.64,17900,135.0,Bajaj,16,0.0714074074074074
Yamaha YZF-R15 V3 150cc 2018,2018,13800.0,first owner,kanpur,40.0,18.7,109000,150.0,Yamaha,6,0.12466666666666666
Royal Enfield Continental GT 535cc 2017,2017,11000.0,second owner,mumbai,26.0,29.1,122550,535.0,Royal Enfield,7,0.05439252336448598
Royal Enfield Classic 350cc 2016,2016,29500.0,first owner,buxar,35.0,19.8,117600,350.0,Royal Enfield,8,0.05657142857142857
Royal Enfield Classic 350cc ABS BS6 2021,2021,1135.0,first owner,kharagpur,35.0,19.1,192000,350.0,Royal Enfield,3,0.054571428571428576
KTM Duke 125cc BS6 2021,2021,10000.0,first owner,kolkata,40.0,14.3,121500,125.0,KTM,3,0.1144
Royal Enfield Thunderbird 350cc 2015,2015,30000.0,first owner,noida,40.0,19.8,60000,350.0,Royal Enfield,9,0.05657142857142857
Royal Enfield Thunderbird 350cc 2010,2010,40000.0,first owner,noida,35.0,19.8,53775,350.0,Royal Enfield,14,0.05657142857142857
Bajaj Dominar 400 2017,2017,28.0,first owner,pune,28.0,34.5,110200,400.0,Bajaj,7,0.08625
Royal Enfield Bullet 500cc 2018,2018,13000.0,first owner,rajahmundry,25.0,26.1,160000,500.0,Royal Enfield,6,0.0522
Honda Hornet 2.0 2020,2020,26000.0,first owner,mumbai,40.0,17.03,60000,184.0,Honda,4,0.09255434782608696
Harley-Davidson Street Rod 2018,2018,16650.0,first owner,noida,25.0,70.0,472800,749.0,Harley-Davidson,6,0.09345794392523364
Yamaha YZF-R15 S 150cc 2015,2015,53000.0,fourth owner or more,bangalore,42.0,16.0,62600,150.0,Yamaha,9,0.10666666666666667
Honda CB Hornet 160R  ABS DLX 2019,2019,52.0,first owner,erode,52.0,15.44,86200,160.0,Honda,5,0.0965
Yamaha FZs 150cc 2019,2019,21709.0,first owner,mumbai,45.0,13.0,70000,150.0,Yamaha,5,0.08666666666666667
Bajaj Pulsar 150cc 2019,2019,65.0,first owner,kanpur,65.0,15.0,85000,150.0,Bajaj,5,0.1
Royal Enfield Classic 350cc 2015,2015,58530.0,first owner,delhi,35.0,19.8,110000,350.0,Royal Enfield,9,0.05657142857142857
Royal Enfield Classic Gunmetal Grey 350cc ABS Spoke BS6 2020,2020,5059.0,first owner,noida,35.0,19.1,184400,350.0,Royal Enfield,4,0.054571428571428576
Honda CD 110 Dream 2019,2019,84.0,first owner,nayahat,84.0,8.25,25000,110.0,Honda,5,0.075
Yamaha FZS FI 150cc 2016,2016,58.0,first owner,bangalore,58.0,13.0,75000,150.0,Yamaha,8,0.08666666666666667
TVS Apache RTR 160cc 2018,2018,60.0,first owner,delhi,60.0,15.2,75000,160.0,TVS,6,0.095
Bajaj Pulsar ABS 220F 2020,2020,4476.0,first owner,chennai,38.0,21.0,94000,220.0,Bajaj,4,0.09545454545454546
Jawa Forty Two 295CC 2019,2019,15451.0,first owner,chennai,40.0,27.0,139000,295.0,Jawa,5,0.09152542372881356
Bajaj Pulsar 150cc Rear Disc ABS 2020,2020,65.0,first owner,chennai,65.0,15.0,83000,150.0,Bajaj,4,0.1
Bajaj Dominar 400 ABS 2018,2018,28.0,first owner,mumbai,28.0,34.5,140000,400.0,Bajaj,6,0.08625
Ducati Monster 821 2018,2018,13.0,first owner,alappuzha,13.0,110.4,950000,821.0,Ducati,6,0.13447015834348355
Bajaj V12 125cc 2017,2017,55000.0,first owner,gandhinagar,57.0,12.0,40000,125.0,Bajaj,7,0.096
TVS Apache 150cc 2006,2006,45.0,second owner,mauranipur,45.0,13.7,20000,150.0,TVS,18,0.09133333333333332
Bajaj Pulsar NS160 2017,2017,23600.0,first owner,bhiwandi,40.0,15.5,60900,160.0,Bajaj,7,0.096875
Bajaj Avenger Street 180 2018,2018,10000.0,first owner,bangalore,45.0,15.3,85000,180.0,Bajaj,6,0.085
Bajaj Avenger Street 150 2017,2017,23250.0,first owner,bangalore,45.0,14.3,59800,150.0,Bajaj,7,0.09533333333333334
Hero Splendor Pro Classic 100cc 2015,2015,24000.0,second owner,chandigarh,55.0,8.1,30000,100.0,Hero,9,0.081
KTM RC 125CC 2020,2020,6000.0,first owner,mumbai,40.0,14.5,158000,125.0,KTM,4,0.116
Hero Honda Splendor Plus 100cc 2011,2011,50000.0,first owner,kolkata,45.0,6.15,30000,100.0,Hero,13,0.061500000000000006
Hero Hunk 150cc 2013,2013,45000.0,first owner,haridwar,53.0,14.0,35000,150.0,Hero,11,0.09333333333333334
Royal Enfield Thunderbird 500cc 2015,2015,15000.0,first owner,surat,25.0,27.2,102075,500.0,Royal Enfield,9,0.0544
TVS Star City 110cc 2013,2013,30000.0,first owner,jaipur,85.0,8.2,24000,110.0,TVS,11,0.07454545454545454
Bajaj Avenger Street 150 2016,2016,98000.0,second owner,jaipur,50.0,14.3,44000,150.0,Bajaj,8,0.09533333333333334
Honda CBR 250R 2013,2013,38.0,second owner,chennai,38.0,26.15,80000,250.0,Honda,11,0.1046
Bajaj Pulsar 180cc 2014,2014,20000.0,first owner,jaipur,45.0,17.0,28000,180.0,Bajaj,10,0.09444444444444444
Bajaj Platina 100cc 2011,2011,104.0,first owner,jaipur,104.0,8.2,24000,100.0,Bajaj,13,0.08199999999999999
Bajaj Avenger Street 150 2016,2016,19500.0,first owner,hyderabad,50.0,14.3,58000,150.0,Bajaj,8,0.09533333333333334
Bajaj Pulsar RS200 ABS 2018,2018,35.0,first owner,varanasi,35.0,24.5,113400,200.0,Bajaj,6,0.1225
Hero Xtreme 150cc 2014,2014,10000.0,first owner,bangalore,50.0,14.2,30000,150.0,Hero,10,0.09466666666666666
Hero Splendor iSmart 110cc 2016,2016,24000.0,second owner,delhi,55.0,9.3,38000,110.0,Hero,8,0.08454545454545455
Honda Dream Yuga 110cc 2014,2014,84.0,first owner,delhi,84.0,8.25,26000,110.0,Honda,10,0.075
Royal Enfield Classic 350cc ABS BS6 2021,2021,1035.0,first owner,kharagpur,35.0,19.1,190000,350.0,Royal Enfield,3,0.054571428571428576
Honda X-Blade 160cc 2020,2020,2700.0,first owner,bangalore,40.0,13.93,100000,160.0,Honda,4,0.0870625
Royal Enfield Classic 350cc 2015,2015,30000.0,first owner,mumbai,35.0,19.8,114125,350.0,Royal Enfield,9,0.05657142857142857
Bajaj Avenger Street 220 2015,2015,65000.0,second owner,thane,53.0,19.0,45000,220.0,Bajaj,9,0.08636363636363636
Bajaj Pulsar 180cc 2009,2009,28000.0,first owner,pune,65.0,15.0,18000,180.0,Bajaj,15,0.08333333333333333
Yamaha YZF-R15 150cc 2017,2017,25000.0,first owner,surat,42.0,16.0,67000,150.0,Yamaha,7,0.10666666666666667
Hero Hunk 150cc 2009,2009,53000.0,first owner,delhi,53.0,14.0,22000,150.0,Hero,15,0.09333333333333334
Kawasaki Ninja 650cc 2017,2017,14000.0,first owner,mumbai,21.0,67.2,363125,650.0,Kawasaki,7,0.1033846153846154
Royal Enfield Classic 350cc 2014,2014,7800.0,first owner,chandigarh,35.0,19.8,87000,350.0,Royal Enfield,10,0.05657142857142857
Honda CB Hornet 160R  ABS DLX 2019,2019,52.0,first owner,indore,52.0,15.44,90200,160.0,Honda,5,0.0965
KTM Duke 390cc 2017,2017,12000.0,first owner,pune,25.0,42.9,165147,390.0,KTM,7,0.11
Kawasaki Z650 2018,2018,12000.0,first owner,mumbai,30.0,67.2,470000,650.0,Kawasaki,6,0.1033846153846154
Jawa Forty Two 295CC 2020,2020,1100.0,first owner,ahmedabad,40.0,27.0,123750,295.0,Jawa,4,0.09152542372881356
TVS Apache RTR 180cc 2018,2018,45.0,second owner,pune,45.0,17.3,70000,180.0,TVS,6,0.09611111111111112
Royal Enfield Himalayan 410cc Fi ABS 2020,2020,9000.0,first owner,motihari,32.0,24.5,165000,410.0,Royal Enfield,4,0.05975609756097561
Suzuki Intruder 150cc 2018,2018,46700.0,first owner,faridabad,40.0,14.6,47175,150.0,Suzuki,6,0.09733333333333333
KTM Duke 200cc 2017,2017,18000.0,first owner,mumbai,35.0,24.6,100700,200.0,KTM,7,0.12300000000000001
Bajaj Pulsar 220cc 2012,2012,36000.0,first owner,pune,38.0,21.0,35000,220.0,Bajaj,12,0.09545454545454546
Royal Enfield Classic Gunmetal Grey 350cc ABS Alloy BS6 2020,2020,5000.0,first owner,delhi,35.0,19.1,185000,350.0,Royal Enfield,4,0.054571428571428576
TVS Apache RTR 160cc FRONT DISC ABS 2020,2020,60.0,first owner,agra,60.0,15.2,65925,160.0,TVS,4,0.095
Yamaha FZ S V 2.0 150cc 2018,2018,58.0,first owner,ludhiana,58.0,13.0,80000,150.0,Yamaha,6,0.08666666666666667
BMW G 310 GS 2018,2018,10000.0,first owner,mumbai,40.0,33.0,290000,310.0,BMW,6,0.1064516129032258
Royal Enfield Bullet 350 cc 1982,1982,124000.0,second owner,allahabad,40.0,19.0,80000,200.0,Royal Enfield,42,0.095
Royal Enfield Thunderbird 350cc 2004,2004,48000.0,first owner,bangalore,30.0,19.8,50000,350.0,Royal Enfield,20,0.05657142857142857
Bajaj Avenger Cruise 220 ABS FI BS6 2021,2021,6600.0,first owner,howrah,35.0,18.76,140700,220.0,Bajaj,3,0.08527272727272728
Bajaj Pulsar 180cc 2013,2013,50000.0,second owner,panipat,65.0,15.0,27000,180.0,Bajaj,11,0.08333333333333333
Bajaj Avenger Cruise 220 ABS FI BS6 2021,2021,6600.0,first owner,howrah,35.0,18.76,125000,220.0,Bajaj,3,0.08527272727272728
Bajaj Avenger Cruise 220 2016,2016,15000.0,first owner,agra,35.0,19.0,60000,220.0,Bajaj,8,0.08636363636363636
BenelliImperiale 400 2020,2020,7700.0,first owner,bangalore,40.0,20.7,220000,400.0,Benelli,4,0.05175
Royal Enfield Classic Gunmetal Grey 350cc 2018,2018,21000.0,first owner,ahmedabad,35.0,19.8,135000,350.0,Royal Enfield,6,0.05657142857142857
Royal Enfield Thunderbird 350cc 2003,2003,67872.0,second owner,jaipur,30.0,19.8,39999,350.0,Royal Enfield,21,0.05657142857142857
Hero Super Splendor 125cc 2006,2006,19000.0,first owner,delhi,75.0,9.0,16500,125.0,Hero,18,0.072
Yamaha FZs 150cc 2014,2014,40000.0,second owner,delhi,45.0,13.0,30000,150.0,Yamaha,10,0.08666666666666667
Hero Hunk 150cc 2014,2014,35700.0,second owner,kheda,53.0,14.0,22000,150.0,Hero,10,0.09333333333333334
Bajaj Pulsar RS200 2015,2015,35.0,first owner,faridabad,35.0,24.16,72800,200.0,Bajaj,9,0.1208
Royal Enfield Classic 500cc 2012,2012,16000.0,first owner,rewari,32.0,27.2,89500,500.0,Royal Enfield,12,0.0544
Royal Enfield Bullet Twinspark 350cc 2018,2018,37.0,first owner,bangalore,37.0,19.8,119200,350.0,Royal Enfield,6,0.05657142857142857
Husqvarna Svartpilen 250 2020,2020,8300.0,first owner,mumbai,31.85,29.63,195000,250.0,Husqvarna,4,0.11852
Royal Enfield Thunderbird X 350cc 2018,2018,9000.0,first owner,mumbai,40.0,19.8,160000,350.0,Royal Enfield,6,0.05657142857142857
Royal Enfield Continental GT 650cc 2019,2019,1400.0,first owner,mumbai,40.0,47.0,295000,650.0,Royal Enfield,5,0.07230769230769231
Bajaj Pulsar 150cc 2011,2011,65.0,first owner,pune,65.0,14.85,28000,150.0,Bajaj,13,0.09899999999999999
Hero Passion Plus 100cc 2008,2008,31203.0,third owner,bangalore,55.0,7.5,27500,100.0,Hero,16,0.075
Honda CB Shine 125cc CBS 2018,2018,65.0,second owner,delhi,65.0,10.0,58000,125.0,Honda,6,0.08
Yamaha YZF-R15 V3 150cc 2018,2018,10000.0,first owner,delhi,40.0,18.7,128000,150.0,Yamaha,6,0.12466666666666666
Hero Splendor Plus i3s 2019,2019,10000.0,first owner,delhi,81.0,8.2,68000,97.0,Hero,5,0.0845360824742268
TVS Apache RTR 160 4V DISC ABS 2019,2019,2200.0,first owner,pune,40.0,16.1,92000,160.0,TVS,5,0.100625
Hero Karizma ZMR 223cc 2011,2011,47000.0,first owner,delhi,48.0,20.0,25000,223.0,Hero,13,0.08968609865470852
TVS Victor 110cc Disc SBT 2019,2019,74.0,first owner,delhi,74.0,9.5,36000,110.0,TVS,5,0.08636363636363636
Honda CB Shine 125cc 2016,2016,65.0,first owner,ahmedabad,65.0,10.0,38500,125.0,Honda,8,0.08
Bajaj Pulsar 150cc 2011,2011,65.0,first owner,delhi,65.0,14.85,30000,150.0,Bajaj,13,0.09899999999999999
Kawasaki ER-6n 650cc 2016,2016,23500.0,first owner,chennai,17.0,71.0,315000,650.0,Kawasaki,8,0.10923076923076923
Bajaj Avenger 220cc 2017,2017,33000.0,first owner,pune,40.0,19.0,65533,220.0,Bajaj,7,0.08636363636363636
Ducati Monster 1200 2011,2011,15.0,first owner,ahmedabad,15.0,133.15,680000,200.0,Ducati,13,0.6657500000000001
Hero HF Deluxe 100cc 2009,2009,23711.0,first owner,jaipur,83.0,7.7,28000,100.0,Hero,15,0.077
Triumph Street Triple S 2018,2018,11000.0,first owner,mumbai,40.0,19.0,800000,200.0,Triumph,6,0.095
Bajaj Pulsar NS200 2012,2012,35.0,first owner,gurgaon,35.0,23.19,39000,200.0,Bajaj,12,0.11595000000000001
KTM RC 200cc 2018,2018,11000.0,first owner,indore,35.0,25.1,160000,200.0,KTM,6,0.1255
Royal Enfield Himalayan 410cc 2016,2016,27500.0,first owner,thane,32.0,24.5,110000,410.0,Royal Enfield,8,0.05975609756097561
Royal Enfield Thunderbird 350cc 2016,2016,11000.0,second owner,bangalore,40.0,19.8,125000,350.0,Royal Enfield,8,0.05657142857142857
Honda VT1300CX 1300cc 2013,2013,17000.0,first owner,delhi,20.3,57.0,850000,1300.0,Honda,11,0.04384615384615385
TVS Radeon 110cc Drum SBT Special Edition 2020,2020,20000.0,first owner,noida,40.0,8.0,51500,110.0,TVS,4,0.07272727272727272
Hero CBZ Xtreme 150cc 2014,2014,35000.0,first owner,ahmedabad,65.0,14.4,35000,150.0,Hero,10,0.096
Yamaha Fazer 150cc 2011,2011,45.0,second owner,kawardha,45.0,13.0,55000,150.0,Yamaha,13,0.08666666666666667
Royal Enfield Classic Desert Storm 500cc 2015,2015,18980.0,first owner,mumbai,32.0,27.2,140000,500.0,Royal Enfield,9,0.0544
Royal Enfield Classic 350cc Signals Edition 2019,2019,10000.0,first owner,mumbai,35.0,19.8,175000,350.0,Royal Enfield,5,0.05657142857142857
Suzuki GSX-S750 2018,2018,9500.0,first owner,delhi,40.0,113.0,699000,750.0,Suzuki,6,0.15066666666666667
Benelli TNT 600 GT 2018,2018,26500.0,first owner,hyderabad,19.0,82.7,515000,600.0,Benelli,6,0.13783333333333334
Ducati Scrambler 1100 2018,2018,1500.0,first owner,mumbai,40.0,83.2,932712,100.0,Ducati,6,0.8320000000000001
Triumph Bonneville Bobber 1200cc 2018,2018,6500.0,first owner,mumbai,29.0,76.0,830000,1200.0,Triumph,6,0.06333333333333334
Hero Splendor Plus 100cc 2010,2010,15000.0,first owner,ludhiana,81.0,8.2,22540,100.0,Hero,14,0.08199999999999999
Bajaj Pulsar 180cc 2014,2014,21000.0,first owner,bangalore,45.0,17.0,42000,180.0,Bajaj,10,0.09444444444444444
Bajaj Pulsar RS200 2016,2016,35.0,first owner,bangalore,35.0,24.5,90000,200.0,Bajaj,8,0.1225
Kawasaki Z1000 2015,2015,22000.0,second owner,bangalore,15.0,139.0,925000,1000.0,Kawasaki,9,0.139
Bajaj Pulsar 150cc 2013,2013,65.0,first owner,jodhpur,65.0,14.85,30000,150.0,Bajaj,11,0.09899999999999999
Hero Passion Pro 110cc Drum 2018,2018,37480.0,first owner,hyderabad,40.0,9.3,58500,110.0,Hero,6,0.08454545454545455
Yamaha FZ S V 2.0 150cc Rear Disc 2018,2018,58.0,first owner,patna,58.0,13.0,70000,150.0,Yamaha,6,0.08666666666666667
Yamaha FZs 150cc 2015,2015,26000.0,second owner,bangalore,45.0,13.0,49999,150.0,Yamaha,9,0.08666666666666667
Yamaha FZs 150cc 2019,2019,14900.0,first owner,bangalore,45.0,13.0,82000,150.0,Yamaha,5,0.08666666666666667
Royal Enfield Continental GT 535cc 2014,2014,23000.0,first owner,pune,26.0,29.1,165000,535.0,Royal Enfield,10,0.05439252336448598
TVS Apache RTR 160cc 2018,2018,60.0,third owner,jaipur,60.0,15.2,45000,160.0,TVS,6,0.095
Bajaj Pulsar AS200 2016,2016,42.0,first owner,pune,42.0,23.2,83000,200.0,Bajaj,8,0.11599999999999999
Yamaha FZs 150cc 2017,2017,31027.0,first owner,pune,45.0,13.0,85000,150.0,Yamaha,7,0.08666666666666667
Honda CB Unicorn 150cc 2013,2013,60.0,first owner,pune,60.0,14.0,77000,150.0,Honda,11,0.09333333333333334
TVS Apache RTR 180cc 2016,2016,45.0,third owner,jaipur,45.0,17.3,41000,180.0,TVS,8,0.09611111111111112
Bajaj Pulsar 220F 2015,2015,15238.0,first owner,pune,38.0,21.0,77000,220.0,Bajaj,9,0.09545454545454546
Yamaha YBR 110cc 2014,2014,42000.0,second owner,shimoga,55.0,7.6,17000,110.0,Yamaha,10,0.06909090909090909
Hero CD Deluxe 100cc 2011,2011,28000.0,first owner,delhi,65.0,7.7,28000,100.0,Hero,13,0.077
Bajaj Avenger Street 180 2018,2018,12200.0,first owner,delhi,45.0,15.3,70000,180.0,Bajaj,6,0.085
Kawasaki Ninja ZX-10R 2019,2019,5500.0,first owner,delhi,12.5,197.3,1375000,1000.0,Kawasaki,5,0.1973
Bajaj Dominar 400 ABS 2017,2017,28.0,second owner,kolkata,28.0,34.5,113000,400.0,Bajaj,7,0.08625
Harley-Davidson Iron 883 2011,2011,20000.0,first owner,delhi,20.0,50.0,410000,883.0,Harley-Davidson,13,0.056625141562853906
Yamaha FZs 150cc 2015,2015,31000.0,first owner,kolkata,45.0,13.0,49900,150.0,Yamaha,9,0.08666666666666667
Kawasaki Z650 2018,2018,17000.0,first owner,mumbai,30.0,67.2,466875,650.0,Kawasaki,6,0.1033846153846154
Kawasaki Ninja 650cc 2016,2016,26500.0,first owner,mumbai,21.0,67.2,330000,650.0,Kawasaki,8,0.1033846153846154
Honda CB Hornet 160R CBS 2018,2018,52.0,first owner,meerut,52.0,15.44,45000,160.0,Honda,6,0.0965
Bajaj Platina Alloy ES-110cc 2019,2019,104.0,first owner,kolkata,104.0,8.2,48400,110.0,Bajaj,5,0.07454545454545454
Honda CBR 150R 150cc 2013,2013,16000.0,first owner,ghaziabad,38.0,18.28,60000,150.0,Honda,11,0.12186666666666668
TVS Apache RTR 160 4V DISC ABS 2019,2019,4500.0,first owner,bangalore,40.0,16.1,85000,160.0,TVS,5,0.100625
Hero HF Deluxe IBS Kick Spoke 100cc BS6 2020,2020,5948.0,first owner,faridabad,45.0,7.91,44900,100.0,Hero,4,0.0791
Royal Enfield Classic 350cc ABS BS6 2020,2020,500.0,first owner,delhi,35.0,19.1,200000,350.0,Royal Enfield,4,0.054571428571428576
Hero Splendor iSmart 110cc 2017,2017,23000.0,first owner,jaipur,55.0,9.3,38000,110.0,Hero,7,0.08454545454545455
Bajaj V15 150cc 2017,2017,26000.0,first owner,jaipur,57.0,11.8,37000,150.0,Bajaj,7,0.07866666666666668
Honda CBR 150R 150cc 2014,2014,24000.0,first owner,jaipur,38.0,18.28,55000,150.0,Honda,10,0.12186666666666668
Honda CB Hornet 160R  ABS DLX 2019,2019,52.0,first owner,erode,52.0,15.44,88000,160.0,Honda,5,0.0965
Bajaj Platina 110 H Gear Disc BS6 2020,2020,20200.0,first owner,rewari,84.0,8.44,58000,110.0,Bajaj,4,0.07672727272727273
Hero Xpulse 200cc BS6 2020,2020,800.0,first owner,mumbai,46.4,17.8,128000,200.0,Hero,4,0.08900000000000001
Hero Passion Xpro 110cc 2012,2012,80000.0,first owner,secunderabad,55.0,6.72,25000,110.0,Hero,12,0.06109090909090909
Royal Enfield Thunderbird 500cc 2015,2015,2300.0,first owner,rampur,25.0,27.2,133800,500.0,Royal Enfield,9,0.0544
Royal Enfield Classic 350cc 2016,2016,12000.0,first owner,patna,35.0,19.8,125000,350.0,Royal Enfield,8,0.05657142857142857
TVS Apache RTR 200 4V SmartXonnect 2020,2020,40.0,first owner,hyderabad,40.0,20.23,135000,200.0,TVS,4,0.10115
Bajaj Avenger Street 150 2016,2016,14000.0,first owner,delhi,50.0,14.3,50000,150.0,Bajaj,8,0.09533333333333334
Bajaj Dominar 400 ABS 2019,2019,28.0,first owner,mumbai,28.0,34.5,160000,400.0,Bajaj,5,0.08625
Jawa Standard 295CC Dual ABS BS6 2021,2021,1000.0,first owner,indore,40.0,27.0,190000,295.0,Jawa,3,0.09152542372881356
Bajaj Platina 100cc 2010,2010,104.0,second owner,delhi,104.0,8.2,22000,100.0,Bajaj,14,0.08199999999999999
Bajaj Pulsar NS160 Rear Disc ABS FI BS6 2021,2021,1400.0,first owner,bangalore,40.0,17.03,124300,160.0,Bajaj,3,0.1064375
Royal Enfield Classic 350cc 2014,2014,15000.0,second owner,mangalore,35.0,19.8,95000,350.0,Royal Enfield,10,0.05657142857142857
Hero Splendor Plus i3s 2018,2018,24000.0,first owner,surat,81.0,8.2,43000,97.0,Hero,6,0.0845360824742268
Yamaha SZ RR V 2.0 150cc 2018,2018,5000.0,first owner,kolkata,40.0,12.0,55000,150.0,Yamaha,6,0.08
Royal Enfield Bullet 350cc 2000,2000,550000.0,third owner,bangalore,37.0,19.8,105000,350.0,Royal Enfield,24,0.05657142857142857
Suzuki Gixxer 150cc 2019,2019,11330.0,first owner,bangalore,63.0,14.0,100000,150.0,Suzuki,5,0.09333333333333334
Royal Enfield Classic 350cc 2016,2016,31520.0,first owner,noida,35.0,19.8,120000,350.0,Royal Enfield,8,0.05657142857142857
Hero Karizma ZMR 223cc 2015,2015,15000.0,second owner,ghaziabad,48.0,20.0,37389,223.0,Hero,9,0.08968609865470852
TVS Flame 125cc 2008,2008,65.0,first owner,kanpur nagar,65.0,10.3,30000,125.0,TVS,16,0.0824
Royal Enfield Bullet Electra 350cc 2015,2015,40822.0,first owner,areraj,40.0,19.8,90001,350.0,Royal Enfield,9,0.05657142857142857
KTM Duke 125cc BS6 2021,2021,2700.0,first owner,pune,40.0,14.3,155600,125.0,KTM,3,0.1144
TVS Sport 100cc 2015,2015,36000.0,first owner,mumbai,95.0,7.4,35000,100.0,TVS,9,0.07400000000000001
Triumph Speed Triple 1050cc 2016,2016,30000.0,first owner,delhi,17.0,133.0,630000,1050.0,Triumph,8,0.12666666666666668
Royal Enfield Thunderbird 350cc 2016,2016,22200.0,first owner,belgaum,40.0,19.8,125000,350.0,Royal Enfield,8,0.05657142857142857
Bajaj Avenger 220cc 2016,2016,18000.0,first owner,delhi,40.0,19.0,70000,220.0,Bajaj,8,0.08636363636363636
Bajaj Discover 125ST 2012,2012,95500.0,first owner,rajkot,65.0,12.5,25000,125.0,Bajaj,12,0.1
Bajaj Pulsar 150cc 2018,2018,65.0,first owner,muzaffarpur,65.0,15.0,70000,150.0,Bajaj,6,0.1
TVS Radeon 110cc DISC BS6 2020,2020,15000.0,first owner,delhi,63.97,8.0,60000,110.0,TVS,4,0.07272727272727272
Bajaj Pulsar 220F 2017,2017,44000.0,first owner,ahmedabad,38.0,21.0,53250,220.0,Bajaj,7,0.09545454545454546
Honda CB ShineSP 125cc Disc 2017,2017,65.0,second owner,ghaziabad,65.0,10.0,27000,125.0,Honda,7,0.08
TVS Apache RTR 200 4V Carburetor 2017,2017,40.0,second owner,bangalore,40.0,20.7,80000,200.0,TVS,7,0.1035
Honda CBR 250R 2016,2016,38.0,first owner,chennai,38.0,26.15,110000,250.0,Honda,8,0.1046
Bajaj Pulsar 150cc 2018,2018,65.0,first owner,bangalore,65.0,15.0,76999,150.0,Bajaj,6,0.1
Yamaha MT-15 150cc Special Edition BS6 2020,2020,1400.0,first owner,hyderabad,40.0,18.23,150100,150.0,Yamaha,4,0.12153333333333334
TVS Apache RTR 200 4V Carburetor 2017,2017,40.0,first owner,faridabad,40.0,20.7,61000,200.0,TVS,7,0.1035
Royal Enfield Thunderbird 350cc 2018,2018,18000.0,first owner,chennai,40.0,19.8,105000,350.0,Royal Enfield,6,0.05657142857142857
TVS Apache RTR 160cc 2012,2012,60.0,first owner,jaipur,60.0,15.2,19542,160.0,TVS,12,0.095
Royal Enfield Classic Chrome 500cc 2013,2013,10000.0,first owner,anand,32.0,27.2,110000,500.0,Royal Enfield,11,0.0544
Honda Dream Yuga 110cc 2019,2019,84.0,first owner,ahmedabad,84.0,8.25,60000,110.0,Honda,5,0.075
Honda Livo Disc 110cc 2016,2016,55.0,first owner,jaipur,55.0,8.25,42000,110.0,Honda,8,0.075
Royal Enfield Bullet Electra 350cc 2007,2007,41000.0,third owner,delhi,30.0,19.8,62000,350.0,Royal Enfield,17,0.05657142857142857
Royal Enfield Thunderbird 350cc 2011,2011,15000.0,first owner,delhi,35.0,19.8,92000,350.0,Royal Enfield,13,0.05657142857142857
Royal Enfield Bullet Electra 350cc 2012,2012,5000.0,second owner,delhi,40.0,19.8,82000,350.0,Royal Enfield,12,0.05657142857142857
KTM Duke 200cc 2013,2013,18000.0,second owner,delhi,35.0,25.0,85000,200.0,KTM,11,0.125
Honda CBF Stunner 125cc 2010,2010,65.0,first owner,pune,65.0,11.0,22000,125.0,Honda,14,0.088
Royal Enfield Thunderbird 350cc 2015,2015,2675.0,first owner,delhi,40.0,19.8,130000,350.0,Royal Enfield,9,0.05657142857142857
TVS Apache RTR 160cc 2009,2009,60.0,second owner,chennai,60.0,15.2,25000,160.0,TVS,15,0.095
Royal Enfield Classic Desert Storm 500cc 2013,2013,13000.0,second owner,jaipur,32.0,27.2,104000,500.0,Royal Enfield,11,0.0544
Honda CBR 250R 2016,2016,38.0,second owner,chennai,38.0,26.15,95999,250.0,Honda,8,0.1046
Royal Enfield Classic 350cc 2014,2014,20000.0,second owner,almora,35.0,19.8,107300,350.0,Royal Enfield,10,0.05657142857142857
Yamaha FZ S V 2.0 150cc Rear Disc 2019,2019,58.0,first owner,firozabad,58.0,13.0,105000,150.0,Yamaha,5,0.08666666666666667
Royal Enfield Classic 350cc Signals Edition 2019,2019,6700.0,first owner,delhi,35.0,19.8,170000,350.0,Royal Enfield,5,0.05657142857142857
Bajaj Avenger Street 220 2017,2017,16462.0,second owner,pune,53.0,19.0,60000,220.0,Bajaj,7,0.08636363636363636
KTM Duke 200cc 2019,2019,4900.0,first owner,gaya,35.0,24.6,120000,200.0,KTM,5,0.12300000000000001
Yamaha FZ S V 2.0 150cc 2016,2016,58.0,first owner,faridabad,58.0,13.0,45000,150.0,Yamaha,8,0.08666666666666667
Honda CB Unicorn 150cc 2005,2005,60.0,first owner,delhi,60.0,14.0,7000,150.0,Honda,19,0.09333333333333334
Yamaha FZs 150cc 2013,2013,16000.0,first owner,ahmedabad,45.0,13.0,42000,150.0,Yamaha,11,0.08666666666666667
Suzuki Intruder 150cc 2018,2018,19000.0,first owner,jajpur,40.0,14.6,68200,150.0,Suzuki,6,0.09733333333333333
Bajaj Pulsar AS150 2015,2015,12566.0,first owner,dhanbad,53.0,16.8,54999,150.0,Bajaj,9,0.112
Royal Enfield Classic 350cc ABS 2019,2019,15500.0,first owner,delhi,35.0,19.8,155000,350.0,Royal Enfield,5,0.05657142857142857
Yamaha YZF-R15 V3 150CC ABS 2019,2019,16500.0,first owner,delhi,40.0,18.7,130000,150.0,Yamaha,5,0.12466666666666666
Royal Enfield Classic Gunmetal Grey 350cc 2018,2018,17000.0,second owner,delhi,35.0,19.8,130000,350.0,Royal Enfield,6,0.05657142857142857
Royal Enfield Machismo 500cc 2009,2009,25.0,first owner,delhi,25.0,23.9,60000,500.0,Royal Enfield,15,0.047799999999999995
Suzuki Gixxer 150cc 2018,2018,10815.0,first owner,pune,63.0,14.0,75000,150.0,Suzuki,6,0.09333333333333334
Royal Enfield Classic 350cc 2012,2012,25000.0,first owner,delhi,35.0,19.8,75000,350.0,Royal Enfield,12,0.05657142857142857
Hero Splendor Plus i3s 2020,2020,9600.0,first owner,ludhiana,81.0,8.2,61000,97.0,Hero,4,0.0845360824742268
Bajaj Pulsar 180cc 2019,2019,15000.0,first owner,delhi,65.0,17.0,105000,180.0,Bajaj,5,0.09444444444444444
Royal Enfield‎ Bullet 350cc 2014,2014,21146.0,first owner,lucknow,37.0,19.8,90000,350.0,Royal Enfield,10,0.05657142857142857
Royal Enfield Interceptor 650cc 2020,2020,2000.0,first owner,kanchipuram,40.0,47.0,280000,650.0,Royal Enfield,4,0.07230769230769231
Royal Enfield Bullet 350cc 2015,2015,10874.0,first owner,chandigarh,37.0,19.8,130000,350.0,Royal Enfield,9,0.05657142857142857
Royal Enfield Bullet 350cc 2010,2010,17926.0,first owner,chandigarh,37.0,19.8,180000,350.0,Royal Enfield,14,0.05657142857142857
Benelli TNT 25 250cc 2016,2016,25000.0,second owner,pune,25.0,28.16,106000,250.0,Benelli,8,0.11264
Royal Enfield Bullet 500cc 2019,2019,6200.0,first owner,gurgaon,25.0,26.1,175000,500.0,Royal Enfield,5,0.0522
TVS Apache RTR 160cc 2016,2016,60.0,first owner,noida,60.0,15.2,49300,160.0,TVS,8,0.095
Yamaha YZF-R15 150cc 2009,2009,40000.0,third owner,ghaziabad,42.0,16.0,28000,150.0,Yamaha,15,0.10666666666666667
Bajaj Discover 100M 2014,2014,80.0,first owner,chennai,80.0,9.1,30000,100.0,Bajaj,10,0.091
KTM Duke 200cc 2015,2015,36000.0,second owner,mumbai,35.0,25.0,95000,200.0,KTM,9,0.125
Bajaj Avenger 220cc 2018,2018,20000.0,first owner,ramgarh,40.0,19.0,80000,220.0,Bajaj,6,0.08636363636363636
Honda CB Unicorn 150cc 2013,2013,60.0,first owner,bangalore,60.0,14.0,65000,150.0,Honda,11,0.09333333333333334
Royal Enfield Thunderbird X 350cc 2019,2019,10500.0,first owner,hyderabad,40.0,19.8,149000,350.0,Royal Enfield,5,0.05657142857142857
Royal Enfield Classic 350cc ABS Stealth Black BS6 2020,2020,134.0,first owner,mumbai,35.0,19.1,220000,350.0,Royal Enfield,4,0.054571428571428576
Bajaj Pulsar 180cc 2011,2011,29000.0,first owner,delhi,65.0,15.0,27499,180.0,Bajaj,13,0.08333333333333333
Bajaj Pulsar RS200 ABS 2018,2018,35.0,first owner,mumbai,35.0,24.5,124500,200.0,Bajaj,6,0.1225
KTM Duke 200cc 2015,2015,25000.0,first owner,mumbai,35.0,25.0,103750,200.0,KTM,9,0.125
Yamaha YZF-R15 V3 150cc ABS Racing Blue BS6 2020,2020,7300.0,first owner,mumbai,40.0,18.7,166000,150.0,Yamaha,4,0.12466666666666666
Hero Xpulse 200cc 2019,2019,25000.0,first owner,mumbai,40.0,18.1,119312,200.0,Hero,5,0.09050000000000001
Yamaha FZ 150cc 2014,2014,58.0,first owner,hyderabad,58.0,13.0,44100,150.0,Yamaha,10,0.08666666666666667
Hero CD Deluxe 100cc 2016,2016,18000.0,first owner,delhi,65.0,7.7,29000,100.0,Hero,8,0.077
Royal Enfield Classic 350cc 2015,2015,12000.0,first owner,gurgaon,35.0,19.8,135000,350.0,Royal Enfield,9,0.05657142857142857
Royal Enfield Classic 350cc 2015,2015,22500.0,first owner,indore,35.0,19.8,130000,350.0,Royal Enfield,9,0.05657142857142857
Hero Splendor Plus i3s 2018,2018,22000.0,first owner,gurgaon,81.0,8.2,42200,97.0,Hero,6,0.0845360824742268
TVS Radeon 110cc Drum SBT 2019,2019,15710.0,first owner,delhi,40.0,8.2,52000,110.0,TVS,5,0.07454545454545454
Bajaj Dominar 400 ABS 2018,2018,28.0,first owner,bangalore,28.0,34.5,130000,400.0,Bajaj,6,0.08625
Jawa Forty Two 295CC 2020,2020,9600.0,first owner,mumbai,40.0,27.0,150437,295.0,Jawa,4,0.09152542372881356
Hero Glamour 125cc 2019,2019,16500.0,first owner,kolkata,45.0,6.72,55000,125.0,Hero,5,0.053759999999999995
Royal Enfield Thunderbird X 350cc 2018,2018,21500.0,first owner,mumbai,40.0,19.8,135000,350.0,Royal Enfield,6,0.05657142857142857
Bajaj Pulsar 220cc 2011,2011,37000.0,first owner,vasai,38.0,21.0,27000,220.0,Bajaj,13,0.09545454545454546
Bajaj Pulsar 220cc 2011,2011,37000.0,first owner,vasai,38.0,21.0,21796,220.0,Bajaj,13,0.09545454545454546
Jawa Perak 330cc 2020,2020,2493.0,first owner,bhopal,40.0,30.0,200000,330.0,Jawa,4,0.09090909090909091
Royal Enfield Thunderbird 350cc 2013,2013,38000.0,first owner,mumbai,40.0,19.8,100000,350.0,Royal Enfield,11,0.05657142857142857
Royal Enfield Classic 350cc 2016,2016,49376.0,first owner,hyderabad,35.0,19.8,160000,350.0,Royal Enfield,8,0.05657142857142857
Yamaha FZ25 250cc 2017,2017,47388.0,first owner,hyderabad,43.0,20.3,120000,250.0,Yamaha,7,0.08120000000000001
KTM RC 200cc 2018,2018,5000.0,first owner,bulandshahr,35.0,25.1,152700,200.0,KTM,6,0.1255
Bajaj Dominar 250 BS6 2020,2020,5200.0,first owner,coimbatore,40.0,26.63,175000,250.0,Bajaj,4,0.10651999999999999
Yamaha FZ S V 2.0 150cc 2015,2015,58.0,first owner,bangalore,58.0,13.0,57400,150.0,Yamaha,9,0.08666666666666667
KTM RC 125CC BS6 2021,2021,3000.0,first owner,jalgaon,40.0,14.5,160000,125.0,KTM,3,0.116
Bajaj Pulsar AS150 2015,2015,19500.0,first owner,pune,53.0,16.8,42000,150.0,Bajaj,9,0.112
Bajaj Pulsar AS150 2015,2015,19500.0,first owner,pune,53.0,16.8,47000,150.0,Bajaj,9,0.112
Bajaj Pulsar 220F 2017,2017,20431.0,first owner,ahmedabad,38.0,21.0,80000,220.0,Bajaj,7,0.09545454545454546
TVS Apache RTR 160 4V DISC ABS 2019,2019,4200.0,first owner,jaipur,40.0,16.1,100000,160.0,TVS,5,0.100625
Honda Dream Yuga 110cc 2018,2018,84.0,first owner,gurgaon,84.0,8.25,45000,110.0,Honda,6,0.075
TVS Star City Plus 110cc 2015,2015,13000.0,first owner,gurgaon,85.0,8.2,25000,110.0,TVS,9,0.07454545454545454
Hero HF Deluxe 100cc 2016,2016,21511.0,first owner,gurgaon,83.0,7.7,34000,100.0,Hero,8,0.077
Bajaj Platina  Alloy ES-100cc 2017,2017,104.0,first owner,gurgaon,104.0,8.2,30000,100.0,Bajaj,7,0.08199999999999999
Bajaj Platina 100cc 2015,2015,104.0,first owner,lucknow,104.0,8.2,25000,100.0,Bajaj,9,0.08199999999999999
Bajaj Pulsar 180cc 2014,2014,25600.0,first owner,bihar shariff,45.0,17.0,48000,180.0,Bajaj,10,0.09444444444444444
Harley-Davidson Breakout 2016,2016,9000.0,first owner,ahmedabad,17.85,19.0,1050000,200.0,Harley-Davidson,8,0.095
KTM Duke 250cc 2018,2018,7840.0,first owner,chennai,40.0,29.6,135000,250.0,KTM,6,0.1184
Yamaha FZ S V 2.0 150cc Rear Disc 2018,2018,58.0,first owner,kolkata,58.0,13.0,120000,150.0,Yamaha,6,0.08666666666666667
Harley-Davidson Superlow 2012,2012,9500.0,second owner,bangalore,20.0,50.0,376300,883.0,Harley-Davidson,12,0.056625141562853906
Yamaha YZF-R15 2.0 150cc 2012,2012,38000.0,first owner,hindupur,42.0,16.7,37575,150.0,Yamaha,12,0.11133333333333333
KTM RC 390cc 2016,2016,4500.0,first owner,nagpur,26.0,42.3,160000,390.0,KTM,8,0.10846153846153846
Honda CB ShineSP 125cc 2016,2016,65.0,first owner,alwar,65.0,10.0,40000,125.0,Honda,8,0.08
Bajaj Pulsar ABS 150cc 2019,2019,65.0,first owner,ahmedabad,65.0,15.0,60000,150.0,Bajaj,5,0.1
Royal Enfield Standard 350cc 2018,2018,37.0,first owner,ahmedabad,37.0,19.8,115000,350.0,Royal Enfield,6,0.05657142857142857
Yamaha FZ16 150cc 2013,2013,58.0,first owner,mumbai,58.0,13.0,30000,150.0,Yamaha,11,0.08666666666666667
Hero Glamour 125cc 2019,2019,16500.0,first owner,kolkata,45.0,6.72,60000,125.0,Hero,5,0.053759999999999995
Hero Glamour 125cc 2017,2017,2600.0,first owner,hyderabad,45.0,6.72,69000,125.0,Hero,7,0.053759999999999995
Hero Achiever 150cc 2017,2017,14999.0,first owner,ludhiana,45.0,13.0,35000,150.0,Hero,7,0.08666666666666667
TVS Sport 100cc 2016,2016,21023.0,first owner,gurgaon,95.0,7.4,26000,100.0,TVS,8,0.07400000000000001
Hero Passion Pro 100cc 2016,2016,21000.0,first owner,vadodara,5.0,8.2,38500,100.0,Hero,8,0.08199999999999999
Bajaj V15 150cc 2016,2016,19845.0,first owner,bangalore,57.0,11.8,33172,150.0,Bajaj,8,0.07866666666666668
Bajaj Discover 100cc 2012,2012,80.0,first owner,sarni,80.0,7.7,20000,100.0,Bajaj,12,0.077
Yamaha RX 100 100cc 1996,1996,25000.0,second owner,bangalore,40.0,11.0,75000,100.0,Yamaha,28,0.11
Royal Enfield Bullet Twinspark 350cc 2017,2017,37.0,first owner,jalandhar,37.0,19.8,109000,350.0,Royal Enfield,7,0.05657142857142857
Hero Karizma R 223cc 2014,2014,19666.0,first owner,thane,40.0,17.0,57062,223.0,Hero,10,0.07623318385650224
Honda CB Hornet 160R STD 2016,2016,52.0,first owner,thane,52.0,15.44,67437,160.0,Honda,8,0.0965
Honda CB Unicorn 150cc 2016,2016,60.0,first owner,thane,60.0,14.0,67437,150.0,Honda,8,0.09333333333333334
Honda CB Unicorn 150cc 2009,2009,60.0,second owner,thane,60.0,14.0,33200,150.0,Honda,15,0.09333333333333334
Yamaha YZF-R15 2.0 150cc 2015,2015,28000.0,first owner,delhi,42.0,16.7,54300,150.0,Yamaha,9,0.11133333333333333
Triumph Street Triple 765 2019,2019,3500.0,first owner,bangalore,20.0,111.0,855000,765.0,Triumph,5,0.1450980392156863
Royal Enfield Thunderbird X 350cc 2018,2018,8500.0,first owner,faridabad,40.0,19.8,131400,350.0,Royal Enfield,6,0.05657142857142857
Royal Enfield Thunderbird X 350cc 2018,2018,9130.0,first owner,chennai,40.0,19.8,124000,350.0,Royal Enfield,6,0.05657142857142857
Royal Enfield Classic 350cc 2015,2015,20000.0,first owner,siliguri,35.0,19.8,97749,350.0,Royal Enfield,9,0.05657142857142857
Royal Enfield Standard 350cc 2019,2019,30.0,first owner,chandigarh,30.0,18.0,162000,350.0,Royal Enfield,5,0.05142857142857143
Bajaj Pulsar 180cc 2017,2017,45000.0,first owner,hyderabad,65.0,17.0,60000,180.0,Bajaj,7,0.09444444444444444
Bajaj Pulsar 220F 2016,2016,310000.0,first owner,mumbai,38.0,21.0,50000,220.0,Bajaj,8,0.09545454545454546
KTM RC 390cc 2018,2018,14000.0,first owner,delhi,26.0,42.3,190000,390.0,KTM,6,0.10846153846153846
Royal Enfield Standard 350cc 2018,2018,37.0,first owner,chandigarh,37.0,19.8,150000,350.0,Royal Enfield,6,0.05657142857142857
Honda CBR 250R 2012,2012,29.0,third owner,gurgaon,29.0,26.15,55000,250.0,Honda,12,0.1046
Suzuki Gixxer SF 150cc 2016,2016,68000.0,first owner,ghaziabad,40.0,14.6,51300,150.0,Suzuki,8,0.09733333333333333
Honda CBF Stunner 125cc 2012,2012,65.0,first owner,delhi,65.0,11.0,14000,125.0,Honda,12,0.088
Honda CB Shine 125cc 2011,2011,65.0,third owner,mumbai,65.0,10.0,34000,125.0,Honda,13,0.08
Hero Karizma R 223cc 2011,2011,48000.0,first owner,bangalore,40.0,17.0,320000,223.0,Hero,13,0.07623318385650224
Bajaj Pulsar 220cc 2009,2009,35000.0,first owner,pune,38.0,21.0,35000,220.0,Bajaj,15,0.09545454545454546
Benelli 302R 300CC 2019,2019,2500.0,first owner,bangalore,40.0,38.26,310000,300.0,Benelli,5,0.12753333333333333
Royal Enfield Himalayan 410cc 2018,2018,28500.0,first owner,pune,32.0,24.5,170000,410.0,Royal Enfield,6,0.05975609756097561
Bajaj Avenger Street 160 ABS 2019,2019,1055.0,first owner,24 pargana,40.0,15.3,98800,160.0,Bajaj,5,0.095625
Royal Enfield Classic 350cc 2018,2018,18000.0,first owner,ludhiana,35.0,19.8,130000,350.0,Royal Enfield,6,0.05657142857142857
TVS Apache RTR 180cc 2011,2011,45.0,second owner,pune,45.0,17.2,32000,180.0,TVS,13,0.09555555555555555
Bajaj Dominar 400 ABS 2017,2017,28.0,first owner,bangalore,28.0,34.5,120000,400.0,Bajaj,7,0.08625
Hero Xpulse 200cc FI 2020,2020,6900.0,first owner,pune,40.0,18.1,105000,200.0,Hero,4,0.09050000000000001
Royal Enfield Classic 350cc 2016,2016,17500.0,first owner,hyderabad,35.0,19.8,125000,350.0,Royal Enfield,8,0.05657142857142857
Bajaj Avenger 220cc 2011,2011,52000.0,first owner,secunderabad,40.0,19.0,53000,220.0,Bajaj,13,0.08636363636363636
Royal Enfield Classic 500cc 2010,2010,18000.0,second owner,belgaum,32.0,27.2,95000,500.0,Royal Enfield,14,0.0544
Royal Enfield Bullet Electra 350cc 2013,2013,45200.0,first owner,jaipur,40.0,19.8,115000,350.0,Royal Enfield,11,0.05657142857142857
Hero Super Splendor Self Drum Alloy 125cc BS6 2021,2021,850.0,second owner,jaipur,75.0,10.72,70000,125.0,Hero,3,0.08576
Royal Enfield Classic 350cc 2015,2015,38500.0,first owner,noida,35.0,19.8,108000,350.0,Royal Enfield,9,0.05657142857142857
Yamaha SZ-RR 150cc 2016,2016,45000.0,first owner,kendrapara,55.0,12.0,19425,150.0,Yamaha,8,0.08
Hero Splendor Plus i3s 2017,2017,34000.0,first owner,vadodara,81.0,8.2,39000,97.0,Hero,7,0.0845360824742268
Honda CB Shine 125cc 2013,2013,65.0,first owner,hyderabad,65.0,10.0,35000,125.0,Honda,11,0.08
Hero Passion Pro 100cc 2014,2014,16834.0,first owner,chandigarh,40.0,8.2,40000,100.0,Hero,10,0.08199999999999999
Bajaj Discover 100cc 2009,2009,80.0,second owner,chandigarh,80.0,7.7,27000,100.0,Bajaj,15,0.077
Royal Enfield Bullet 500cc 2017,2017,24762.0,first owner,chandigarh,25.0,26.37,125000,500.0,Royal Enfield,7,0.05274
Bajaj Avenger 220cc 2012,2012,45000.0,first owner,chennai,40.0,19.0,30000,220.0,Bajaj,12,0.08636363636363636
Royal Enfield Thunderbird 350cc 2006,2006,49500.0,first owner,gurgaon,30.0,19.8,70000,350.0,Royal Enfield,18,0.05657142857142857
Bajaj V15 150cc 2017,2017,48200.0,first owner,begusarai,57.0,11.8,45000,150.0,Bajaj,7,0.07866666666666668
TVS Apache RTR 200 4V Fi 2016,2016,40.0,first owner,ahmedabad,40.0,20.23,55000,200.0,TVS,8,0.10115
Suzuki Slingshot Plus 125cc 2011,2011,35000.0,second owner,bangalore,59.0,8.5,15000,125.0,Suzuki,13,0.068
Bajaj Pulsar 180cc 2011,2011,44500.0,first owner,chennai,65.0,15.0,25000,180.0,Bajaj,13,0.08333333333333333
Bajaj Pulsar 180cc 2013,2013,82000.0,first owner,chandigarh,40.0,15.0,40000,180.0,Bajaj,11,0.08333333333333333
Yamaha YZF-R15 2.0 150cc 2017,2017,27000.0,first owner,delhi,42.0,16.7,56950,150.0,Yamaha,7,0.11133333333333333
Yamaha YZF-R15 2.0 150cc 2014,2014,12000.0,first owner,hyderabad,42.0,16.7,80000,150.0,Yamaha,10,0.11133333333333333
TVS Apache RTR 200 4V Carburetor 2017,2017,40.0,first owner,delhi,40.0,20.7,91400,200.0,TVS,7,0.1035
Yamaha Saluto 125cc Disc Special Edition 2017,2017,70.0,first owner,vadodara,70.0,8.2,45000,125.0,Yamaha,7,0.06559999999999999
Bajaj Pulsar RS200 2016,2016,35.0,first owner,delhi,35.0,24.5,83000,200.0,Bajaj,8,0.1225
Bajaj Discover 100cc 2011,2011,80.0,first owner,ahmedabad,80.0,7.7,13600,100.0,Bajaj,13,0.077
Bajaj Pulsar 150cc 2018,2018,65.0,first owner,chandigarh,65.0,15.0,82000,150.0,Bajaj,6,0.1
Bajaj Dominar 400 ABS 2018,2018,28.0,first owner,chandigarh,28.0,34.5,170000,400.0,Bajaj,6,0.08625
Hero Xpulse 200T 2020,2020,5000.0,first owner,chandigarh,40.0,18.1,100000,200.0,Hero,4,0.09050000000000001
Hero HF Deluxe 100cc 2012,2012,24500.0,first owner,jaipur,83.0,7.7,33000,100.0,Hero,12,0.077
Hero Passion Pro 100cc Drum Alloy 2018,2018,26000.0,first owner,jaipur,5.0,8.2,45000,100.0,Hero,6,0.08199999999999999
Hero Glamour Disc 125cc 2017,2017,20000.0,first owner,jaipur,55.0,8.9,38000,125.0,Hero,7,0.0712
Royal Enfield Thunderbird 350cc 2018,2018,8100.0,first owner,mumbai,40.0,19.8,130000,350.0,Royal Enfield,6,0.05657142857142857
Royal Enfield Bullet 350cc ES EFI BS6 2020,2020,37.0,first owner,chandigarh,37.0,19.8,170000,350.0,Royal Enfield,4,0.05657142857142857
Royal Enfield Classic 350cc-Redditch Edition 2017,2017,14000.0,first owner,chandigarh,35.0,19.8,160000,350.0,Royal Enfield,7,0.05657142857142857
Royal Enfield Classic 350cc 2016,2016,16000.0,first owner,chandigarh,35.0,19.8,135000,350.0,Royal Enfield,8,0.05657142857142857
Bajaj Pulsar 180cc 2010,2010,58000.0,first owner,pune,65.0,15.0,23000,180.0,Bajaj,14,0.08333333333333333
Hero Passion Pro 100cc 2013,2013,10000.0,first owner,bangalore,5.0,8.2,35000,100.0,Hero,11,0.08199999999999999
Royal Enfield Thunderbird 350cc 2015,2015,18729.0,first owner,noida,40.0,19.8,90000,350.0,Royal Enfield,9,0.05657142857142857
Bajaj Pulsar RS200 ABS 2015,2015,35.0,first owner,bangalore,35.0,24.16,85000,200.0,Bajaj,9,0.1208
Royal Enfield Classic Gunmetal Grey 350cc 2019,2019,6000.0,first owner,mumbai,35.0,19.8,181562,350.0,Royal Enfield,5,0.05657142857142857
Kawasaki Ninja 300 ABS 2019,2019,11000.0,first owner,mumbai,25.0,39.0,300875,300.0,Kawasaki,5,0.13
Hero Splendor Plus Self Alloy 100cc 2018,2018,12000.0,first owner,gurgaon,55.0,8.2,41000,100.0,Hero,6,0.08199999999999999
Royal Enfield Continental GT Twin 650cc 2017,2017,3900.0,first owner,bangalore,40.0,47.0,300000,650.0,Royal Enfield,7,0.07230769230769231
Bajaj Pulsar 135LS 2010,2010,60000.0,first owner,delhi,64.0,13.0,18000,135.0,Bajaj,14,0.0962962962962963
KTM Duke 125cc 2020,2020,3260.0,first owner,faridabad,40.0,14.3,150000,125.0,KTM,4,0.1144
Bajaj Platina 100cc 2014,2014,104.0,first owner,noida,104.0,8.2,14250,100.0,Bajaj,10,0.08199999999999999
TVS Apache RTR 160 4V Disc 2018,2018,25500.0,first owner,avadi,40.0,16.1,25000,160.0,TVS,6,0.100625
Bajaj Pulsar 180cc 2009,2009,48263.0,first owner,jaipur,65.0,15.0,25000,180.0,Bajaj,15,0.08333333333333333
Honda CB Unicorn Dazzler 150cc 2012,2012,60.0,first owner,bangalore,60.0,14.0,38000,150.0,Honda,12,0.09333333333333334
Royal Enfield Classic 350cc 2017,2017,30000.0,second owner,vadodara,35.0,19.8,133920,350.0,Royal Enfield,7,0.05657142857142857
Honda Dream Yuga 110cc 2015,2015,24000.0,first owner,vadodara,84.0,8.0,35145,110.0,Honda,9,0.07272727272727272
Hero Passion Pro 100cc 2016,2016,42000.0,first owner,pune,5.0,8.2,51480,100.0,Hero,8,0.08199999999999999
KTM RC 200cc 2016,2016,22900.0,second owner,mumbai,35.0,25.1,100000,200.0,KTM,8,0.1255
Royal Enfield Bullet Electra 350cc 2019,2019,4100.0,first owner,kanpur,40.0,19.8,160000,350.0,Royal Enfield,5,0.05657142857142857
Yamaha FZ S V 2.0 150cc 2017,2017,58.0,second owner,chandigarh,58.0,13.0,80000,150.0,Yamaha,7,0.08666666666666667
Yamaha FZs 150cc 2018,2018,12000.0,first owner,hyderabad,45.0,13.0,63750,150.0,Yamaha,6,0.08666666666666667
Royal Enfield Classic 350cc 2018,2018,14000.0,first owner,chandigarh,35.0,19.8,160000,350.0,Royal Enfield,6,0.05657142857142857
Royal Enfield Bullet 350cc 2019,2019,9000.0,second owner,chandigarh,40.0,19.8,160000,350.0,Royal Enfield,5,0.05657142857142857
Royal Enfield Bullet 500cc 2015,2015,13000.0,first owner,chandigarh,25.0,26.37,125000,500.0,Royal Enfield,9,0.05274
Hyosung GT250R 2016,2016,9600.0,first owner,chennai,30.0,28.0,209500,250.0,Hyosung,8,0.112
Triumph Street Triple 765 2018,2018,7700.0,first owner,mumbai,20.0,111.0,850750,765.0,Triumph,6,0.1450980392156863
Yamaha Fazer FI V 2.0 150cc 2018,2018,45.0,first owner,vadodara,45.0,13.0,69650,150.0,Yamaha,6,0.08666666666666667
Bajaj Pulsar 150cc Rear Disc 2019,2019,65.0,first owner,mangalore,65.0,15.0,86565,150.0,Bajaj,5,0.1
Benelli TRK 502 2019,2019,3250.0,first owner,bangalore,40.0,47.0,500000,502.0,Benelli,5,0.09362549800796813
Bajaj Discover 125cc Disc 2018,2018,9946.0,first owner,gurgaon,65.0,10.9,24958,125.0,Bajaj,6,0.0872
Royal Enfield‎ Bullet 350cc 2012,2012,30000.0,first owner,bhubaneshwar,37.0,19.8,90000,350.0,Royal Enfield,12,0.05657142857142857
Bajaj Discover 100M 2013,2013,80.0,first owner,jaipur,80.0,9.1,21000,100.0,Bajaj,11,0.091
Bajaj Avenger Cruise 220 2019,2019,5000.0,first owner,jaipur,35.0,19.0,100000,220.0,Bajaj,5,0.08636363636363636
Royal Enfield Classic 350cc 2019,2019,7500.0,first owner,mumbai,35.0,19.8,181562,350.0,Royal Enfield,5,0.05657142857142857
Royal Enfield Classic 350cc 2019,2019,5000.0,first owner,mumbai,35.0,19.8,181562,350.0,Royal Enfield,5,0.05657142857142857
Royal Enfield Thunderbird 350cc 2017,2017,44900.0,first owner,hyderabad,40.0,19.8,150000,350.0,Royal Enfield,7,0.05657142857142857
KTM Duke 200cc 2014,2014,20000.0,first owner,bangalore,35.0,25.0,90000,200.0,KTM,10,0.125
Bajaj Pulsar 135LS 2012,2012,51000.0,first owner,pune,64.0,13.0,26000,135.0,Bajaj,12,0.0962962962962963
Bajaj Avenger Cruise 220 2017,2017,14500.0,first owner,thane,35.0,19.0,75000,220.0,Bajaj,7,0.08636363636363636
Yamaha YZF-R15 2.0 150cc 2018,2018,10000.0,first owner,chandigarh,42.0,16.7,140000,150.0,Yamaha,6,0.11133333333333333
Royal Enfield Classic 350cc 2019,2019,10000.0,first owner,chandigarh,35.0,19.8,175000,350.0,Royal Enfield,5,0.05657142857142857
KTM Duke 200cc 2017,2017,11000.0,second owner,chandigarh,35.0,24.6,140000,200.0,KTM,7,0.12300000000000001
Bajaj V12 125cc 2017,2017,33360.0,first owner,delhi,57.0,12.0,40000,125.0,Bajaj,7,0.096
Bajaj Pulsar 150cc 2016,2016,65.0,first owner,kanpur,65.0,15.0,70000,150.0,Bajaj,8,0.1
Yamaha Fazer25 250cc 2018,2018,10000.0,first owner,delhi,43.0,20.3,85000,250.0,Yamaha,6,0.08120000000000001
Kawasaki Vulcan S 650cc 2018,2018,6000.0,first owner,mumbai,16.0,60.0,466875,650.0,Kawasaki,6,0.09230769230769231
Royal Enfield Thunderbird 500cc 2014,2014,23000.0,first owner,chennai,25.0,27.2,125000,500.0,Royal Enfield,10,0.0544
Bajaj Pulsar 150cc 2014,2014,65.0,second owner,hyderabad,65.0,14.85,45000,150.0,Bajaj,10,0.09899999999999999
Suzuki Gixxer SF 150cc SP Rear Disc 2017,2017,31000.0,second owner,ambala,40.0,14.6,53300,150.0,Suzuki,7,0.09733333333333333
Bajaj Pulsar AS200 2015,2015,42.0,first owner,bhopal,42.0,23.2,60000,200.0,Bajaj,9,0.11599999999999999
Royal Enfield Bullet 350cc 2009,2009,19026.0,third owner,chandigarh,37.0,19.8,170000,350.0,Royal Enfield,15,0.05657142857142857
Hero Passion Plus 100cc 2009,2009,17381.0,first owner,chandigarh,55.0,7.5,25000,100.0,Hero,15,0.075
Bajaj V12 125cc 2018,2018,26000.0,first owner,sultanpur,57.0,12.0,40000,125.0,Bajaj,6,0.096
Bajaj Pulsar 220F 2011,2011,70000.0,second owner,ahmedabad,38.0,21.0,25500,220.0,Bajaj,13,0.09545454545454546
TVS Apache RTR 200 4V Carburetor 2017,2017,40.0,first owner,chandigarh,40.0,20.7,85000,200.0,TVS,7,0.1035
Royal Enfield Thunderbird 350cc 2013,2013,35000.0,first owner,hyderabad,40.0,19.8,50000,350.0,Royal Enfield,11,0.05657142857142857
Yamaha YZF-R15 V3 Darknight edition 2019,2019,5000.0,first owner,kolkata,40.0,18.7,138000,150.0,Yamaha,5,0.12466666666666666
Husqvarna Svartpilen 250 2020,2020,6800.0,first owner,nagpur,31.85,29.63,200000,250.0,Husqvarna,4,0.11852
Honda CB Unicorn 150cc 2007,2007,60.0,first owner,bahadurgarh,60.0,14.0,10000,150.0,Honda,17,0.09333333333333334
Bajaj Pulsar 150cc 2013,2013,65.0,first owner,jaipur,65.0,14.85,42000,150.0,Bajaj,11,0.09899999999999999
Royal Enfield Classic 350cc 2014,2014,9767.0,first owner,delhi,35.0,19.8,107900,350.0,Royal Enfield,10,0.05657142857142857
Royal Enfield Classic 350cc 2013,2013,15000.0,first owner,delhi,35.0,19.8,97100,350.0,Royal Enfield,11,0.05657142857142857
Bajaj Pulsar RS200 ABS 2015,2015,35.0,first owner,mumbai,35.0,24.16,105000,200.0,Bajaj,9,0.1208
Yamaha YZF-R15 2.0 150cc 2015,2015,6500.0,first owner,ambala,42.0,16.7,75000,150.0,Yamaha,9,0.11133333333333333
Yamaha YZF-R15 S 150cc 2017,2017,6000.0,first owner,howrah,42.0,16.0,113600,150.0,Yamaha,7,0.10666666666666667
TVS Apache RTR 200 4V ABS 2018,2018,40.0,first owner,nayagarh,40.0,20.23,104300,200.0,TVS,6,0.10115
KTM Duke 250cc 2018,2018,930.0,first owner,balaghat,40.0,29.6,198599,250.0,KTM,6,0.1184
Yamaha SZR 150cc 2011,2011,55000.0,first owner,hyderabad,40.0,12.0,25000,150.0,Yamaha,13,0.08
Royal Enfield Bullet Electra 350cc 2007,2007,100000.0,first owner,faridabad,30.0,19.8,60300,350.0,Royal Enfield,17,0.05657142857142857
Honda CB Unicorn 150cc 2010,2010,60.0,first owner,nashik,60.0,14.0,55000,150.0,Honda,14,0.09333333333333334
Bajaj Pulsar RS200 ABS 2017,2017,35.0,first owner,hyderabad,35.0,24.5,124100,200.0,Bajaj,7,0.1225
Bajaj Pulsar RS200 2016,2016,35.0,first owner,delhi,35.0,24.5,70000,200.0,Bajaj,8,0.1225
Bajaj Pulsar NS200 2017,2017,42.0,first owner,agra,42.0,23.2,70000,200.0,Bajaj,7,0.11599999999999999
Yamaha Saluto RX 110cc 2017,2017,70.0,first owner,jaipur,70.0,7.0,37000,110.0,Yamaha,7,0.06363636363636363
Honda CBF Stunner 125cc 2014,2014,65.0,first owner,satna,65.0,11.0,27800,125.0,Honda,10,0.088
Bajaj Pulsar 150cc 2014,2014,65.0,first owner,pune,65.0,14.85,45000,150.0,Bajaj,10,0.09899999999999999
Benelli TNT 300 2017,2017,10000.0,first owner,mumbai,25.0,37.73,230000,300.0,Benelli,7,0.12576666666666667
Royal Enfield Interceptor 650cc 2019,2019,10000.0,first owner,mumbai,40.0,47.0,260000,650.0,Royal Enfield,5,0.07230769230769231
Royal Enfield Interceptor 650cc 2019,2019,6500.0,first owner,mumbai,40.0,47.0,310000,650.0,Royal Enfield,5,0.07230769230769231
Royal Enfield Interceptor 650cc 2018,2018,11000.0,first owner,thane,40.0,47.0,265000,650.0,Royal Enfield,6,0.07230769230769231
Harley-Davidson Street 750 2016,2016,11000.0,first owner,delhi,20.0,47.0,390000,750.0,Harley-Davidson,8,0.06266666666666666
Harley-Davidson Street Rod XG750A ABS 2017,2017,2100.0,first owner,thane,25.0,70.0,508600,750.0,Harley-Davidson,7,0.09333333333333334
Hyosung Aquila GV250 2015,2015,3000.0,first owner,pune,27.0,26.21,170000,250.0,Hyosung,9,0.10484
Harley-Davidson Street 750 2015,2015,3000.0,first owner,noida,20.0,47.0,400000,750.0,Harley-Davidson,9,0.06266666666666666
Harley-Davidson Street 750 2016,2016,600.0,first owner,delhi,20.0,47.0,430000,750.0,Harley-Davidson,8,0.06266666666666666
Indian Chief Classic 1800cc 2015,2015,14.0,first owner,chennai,14.0,100.0,1900000,1800.0,Indian,9,0.05555555555555555
Harley-Davidson Superlow 2013,2013,7000.0,first owner,delhi,20.0,50.0,425000,883.0,Harley-Davidson,11,0.056625141562853906
Harley-Davidson Street 750 2014,2014,10800.0,first owner,delhi,20.0,47.0,375000,750.0,Harley-Davidson,10,0.06266666666666666
Royal Enfield Bullet 350 cc 1982,1982,16500.0,first owner,hyderabad,40.0,19.0,125000,200.0,Royal Enfield,42,0.095
Bajaj Pulsar 200 NS 200cc 2015,2015,35.0,first owner,gurgaon,35.0,23.19,62000,200.0,Bajaj,9,0.11595000000000001
KTM Duke 200cc 2016,2016,8000.0,first owner,chikkaballapur,35.0,24.6,135000,200.0,KTM,8,0.12300000000000001
Bajaj V15 150cc 2017,2017,4000.0,first owner,delhi,57.0,11.8,60000,150.0,Bajaj,7,0.07866666666666668
Yamaha YZF-R15 150cc 2014,2014,22000.0,first owner,guwahati,42.0,16.0,79000,150.0,Yamaha,10,0.10666666666666667
Bajaj Pulsar RS200 ABS 2016,2016,35.0,first owner,mumbai,35.0,24.5,108000,200.0,Bajaj,8,0.1225
Royal Enfield Himalayan 410cc 2016,2016,15000.0,first owner,navi mumbai,32.0,24.5,140000,410.0,Royal Enfield,8,0.05975609756097561
Bajaj Pulsar RS200 2016,2016,35.0,first owner,delhi,35.0,24.5,102000,200.0,Bajaj,8,0.1225
Bajaj Avenger 220cc 2015,2015,3500.0,first owner,thane,40.0,19.0,60000,220.0,Bajaj,9,0.08636363636363636
KTM RC 200cc 2016,2016,3800.0,first owner,sonepat,35.0,25.1,150000,200.0,KTM,8,0.1255
KTM RC 200cc 2016,2016,14000.0,first owner,nagpur,35.0,25.1,140000,200.0,KTM,8,0.1255
Royal Enfield Classic Squadron Blue 500cc 2017,2017,7000.0,first owner,noida,25.0,27.2,170000,500.0,Royal Enfield,7,0.0544
UM Renegade Commando Mojave 2017,2017,5000.0,first owner,delhi,35.0,24.8,125000,279.0,UM,7,0.08888888888888889
Royal Enfield Thunderbird 350cc 2016,2016,20000.0,first owner,delhi,40.0,19.8,120000,350.0,Royal Enfield,8,0.05657142857142857
Honda CB Twister 110cc 2008,2008,71.0,first owner,pune,71.0,9.0,30000,110.0,Honda,16,0.08181818181818182
Bajaj Pulsar 180cc 2017,2017,3500.0,first owner,gurgaon,65.0,17.0,60000,180.0,Bajaj,7,0.09444444444444444
KTM RC 390cc 2016,2016,5860.0,first owner,nagpur,26.0,42.3,180000,390.0,KTM,8,0.10846153846153846
KTM RC 200cc 2015,2015,26000.0,first owner,ghaziabad,35.0,25.0,108000,200.0,KTM,9,0.125
Royal Enfield Thunderbird 500cc 2013,2013,14000.0,first owner,vadodara,25.0,27.2,110000,500.0,Royal Enfield,11,0.0544
Bajaj V15 150cc 2017,2017,4900.0,first owner,surat,57.0,11.8,60000,150.0,Bajaj,7,0.07866666666666668
Bajaj Avenger 220cc 2016,2016,15000.0,first owner,bangalore,40.0,19.0,65000,220.0,Bajaj,8,0.08636363636363636
Honda CBR 150R 150cc 2012,2012,30000.0,first owner,gohana,38.0,18.28,60000,150.0,Honda,12,0.12186666666666668
UM Renegade Commando 2017,2017,6000.0,first owner,delhi,35.0,24.8,150000,279.0,UM,7,0.08888888888888889
KTM RC 390cc 2016,2016,23000.0,first owner,ghaziabad,26.0,42.3,160000,390.0,KTM,8,0.10846153846153846
Bajaj Pulsar RS200 ABS 2017,2017,35.0,first owner,thane,35.0,24.5,125000,200.0,Bajaj,7,0.1225
Hero Passion PRO  100 cc 2003,2003,22000.0,second owner,delhi,45.0,6.15,16000,200.0,Hero,21,0.030750000000000003
Bajaj  Pulsar 180cc 2009,2009,60000.0,second owner,delhi,45.0,17.0,0,180.0,Bajaj,15,0.09444444444444444
Honda CB Unicorn 150cc 2005,2005,60.0,first owner,gurgaon,60.0,14.0,12000,150.0,Honda,19,0.09333333333333334
UM Renegade Sport S 2018,2018,3000.0,first owner,delhi,35.0,24.8,150000,279.0,UM,6,0.08888888888888889
Yamaha YZF-R15 2.0 150cc 2014,2014,40000.0,first owner,ahmedabad,42.0,16.7,58000,150.0,Yamaha,10,0.11133333333333333
KTM RC 390cc 2017,2017,5200.0,first owner,patna,26.0,42.3,195000,390.0,KTM,7,0.10846153846153846
Bajaj Pulsar 150cc 2018,2018,65.0,first owner,mumbai,65.0,15.0,74400,150.0,Bajaj,6,0.1
Mahindra Mojo 300cc 2018,2018,5500.0,first owner,barasat,35.0,26.45,170000,300.0,Mahindra,6,0.08816666666666667
Yamaha YZF-R15 150cc 2014,2014,11000.0,first owner,kolar,42.0,16.0,40173,150.0,Yamaha,10,0.10666666666666667
Royal Enfield Thunderbird 350cc 2012,2012,21000.0,first owner,faridabad,40.0,19.8,47000,350.0,Royal Enfield,12,0.05657142857142857
KTM RC 390cc 2016,2016,8000.0,first owner,durgapur,26.0,42.3,170000,390.0,KTM,8,0.10846153846153846
Royal Enfield Thunderbird 500cc 2014,2014,9000.0,first owner,ganganagar,25.0,27.2,110000,500.0,Royal Enfield,10,0.0544
Royal Enfield Classic 350cc 2014,2014,31000.0,first owner,gautam buddha nagar,35.0,19.8,100000,350.0,Royal Enfield,10,0.05657142857142857
Bajaj Discover 135cc 2008,2008,95000.0,first owner,noida,65.0,9.64,18000,135.0,Bajaj,16,0.0714074074074074
Bajaj Pulsar 220F 2018,2018,17000.0,first owner,delhi,38.0,21.0,82600,220.0,Bajaj,6,0.09545454545454546
Royal Enfield Thunderbird 500cc 2013,2013,25000.0,first owner,bangalore,25.0,27.2,100000,500.0,Royal Enfield,11,0.0544
KTM RC 390cc 2017,2017,9600.0,first owner,noida,26.0,42.3,215000,390.0,KTM,7,0.10846153846153846
UM Renegade Commando 2017,2017,4500.0,first owner,lucknow,35.0,24.8,139999,279.0,UM,7,0.08888888888888889
Bajaj Pulsar RS200 ABS 2017,2017,35.0,first owner,gorakhpur,35.0,24.5,125000,200.0,Bajaj,7,0.1225
Bajaj V15 150cc 2017,2017,4400.0,first owner,bangalore,57.0,11.8,55000,150.0,Bajaj,7,0.07866666666666668
Honda CBR 150R 150cc 2013,2013,25000.0,third owner,jodhpur,38.0,18.28,55000,150.0,Honda,11,0.12186666666666668
UM Renegade Commando 2017,2017,2600.0,first owner,pune,35.0,24.8,175000,279.0,UM,7,0.08888888888888889
KTM Duke 200cc 2017,2017,7500.0,first owner,tirunelveli,35.0,24.6,155000,200.0,KTM,7,0.12300000000000001
Hero Karizma R 223cc 2009,2009,56500.0,first owner,delhi,40.0,17.0,22000,223.0,Hero,15,0.07623318385650224
Bajaj Pulsar 150cc 2014,2014,65.0,second owner,alwar,65.0,14.85,34000,150.0,Bajaj,10,0.09899999999999999
Hero Ignitor 125cc 2017,2017,10000.0,first owner,bhilwara,55.0,11.0,55000,125.0,Hero,7,0.088
Royal Enfield Thunderbird 500cc 2013,2013,13500.0,first owner,mumbai,25.0,27.2,112000,500.0,Royal Enfield,11,0.0544
Bajaj Pulsar 150cc 2007,2007,65.0,second owner,gurgaon,65.0,14.85,12200,150.0,Bajaj,17,0.09899999999999999
Hero Passion Plus 100cc 2011,2011,51000.0,first owner,gautam buddha nagar,55.0,7.5,20000,100.0,Hero,13,0.075
TVS Sport 100cc 2016,2016,36000.0,first owner,mandi,95.0,7.4,28000,100.0,TVS,8,0.07400000000000001
Bajaj Pulsar RS200 2016,2016,35.0,first owner,thane,35.0,24.5,92197,200.0,Bajaj,8,0.1225
UM Renegade Commando 2017,2017,700.0,first owner,delhi,35.0,24.8,160000,279.0,UM,7,0.08888888888888889
Hero Passion Plus 100cc 2008,2008,43000.0,first owner,surat,55.0,7.5,19000,100.0,Hero,16,0.075
Hyosung GT250R 2012,2012,21000.0,first owner,nashik,30.0,28.0,95000,250.0,Hyosung,12,0.112
Bajaj Avenger Cruise 220 2017,2017,3600.0,first owner,ranchi,35.0,19.0,80000,220.0,Bajaj,7,0.08636363636363636
KTM RC 200cc 2016,2016,7500.0,first owner,kota,35.0,25.1,150000,200.0,KTM,8,0.1255
Royal Enfield Thunderbird 350cc 2014,2014,31000.0,first owner,mumbai,40.0,19.8,85000,350.0,Royal Enfield,10,0.05657142857142857
Mahindra Mojo 300cc 2016,2016,35000.0,first owner,gurgaon,25.0,26.45,115000,300.0,Mahindra,8,0.08816666666666667
KTM RC 390cc 2016,2016,12300.0,first owner,delhi,26.0,42.3,170000,390.0,KTM,8,0.10846153846153846
Hero Karizma R 223cc 2016,2016,8100.0,second owner,kasba,40.0,17.0,52000,223.0,Hero,8,0.07623318385650224
Bajaj Pulsar RS200 ABS 2017,2017,35.0,first owner,pune,35.0,24.5,125000,200.0,Bajaj,7,0.1225
Royal Enfield Classic Desert Storm 500cc 2017,2017,3400.0,first owner,pune,32.0,27.2,170000,500.0,Royal Enfield,7,0.0544
Honda CB Trigger 150cc 2014,2014,24000.0,first owner,bangalore,60.0,14.0,49000,150.0,Honda,10,0.09333333333333334
TVS Apache RTR 200 4V Carburetor 2017,2017,40.0,first owner,delhi,40.0,20.7,95000,200.0,TVS,7,0.1035
Hero Passion Xpro 110cc 2013,2013,26000.0,first owner,nanjangud,55.0,6.72,30000,110.0,Hero,11,0.06109090909090909
UM Renegade Commando 2016,2016,9000.0,first owner,gurgaon,35.0,24.8,145000,279.0,UM,8,0.08888888888888889
KTM RC 390cc 2016,2016,9868.0,first owner,haridwar,26.0,42.3,180000,390.0,KTM,8,0.10846153846153846
KTM Duke 200cc 2015,2015,27800.0,first owner,tiruchirappalli,35.0,25.0,95000,200.0,KTM,9,0.125
Royal Enfield Thunderbird 500cc 2016,2016,17300.0,second owner,bangalore,25.0,27.2,140000,500.0,Royal Enfield,8,0.0544
Suzuki Gixxer 150cc 2016,2016,24950.0,first owner,bangalore,63.0,14.0,55000,150.0,Suzuki,8,0.09333333333333334
UM Renegade Commando 2017,2017,2000.0,first owner,bangalore,35.0,24.8,120000,279.0,UM,7,0.08888888888888889
Bajaj Pulsar NS200 2017,2017,42.0,first owner,delhi,42.0,23.2,70000,200.0,Bajaj,7,0.11599999999999999
KTM RC 390cc 2015,2015,18580.0,third owner,pune,26.0,43.0,125000,390.0,KTM,9,0.11025641025641025
Yamaha YZF-R15 2.0 150cc 2018,2018,7850.0,first owner,gurgaon,42.0,16.7,95000,150.0,Yamaha,6,0.11133333333333333
Royal Enfield Classic 350cc 2016,2016,13320.0,first owner,meerut,35.0,19.8,112000,350.0,Royal Enfield,8,0.05657142857142857
Yamaha FZ25 250cc 2018,2018,2126.0,first owner,delhi,43.0,20.3,115800,250.0,Yamaha,6,0.08120000000000001
TVS Apache RTR 200 4V ABS Race Edition 2018,2018,40.0,first owner,delhi,40.0,20.23,93000,200.0,TVS,6,0.10115
UM Renegade Sport S 2018,2018,5000.0,first owner,delhi,35.0,24.8,120000,279.0,UM,6,0.08888888888888889
Suzuki Gixxer SF Fi 150cc 2018,2018,2600.0,first owner,bihar shariff,40.0,14.6,85000,150.0,Suzuki,6,0.09733333333333333
UM Renegade Commando 2017,2017,25700.0,first owner,delhi,35.0,24.8,120000,279.0,UM,7,0.08888888888888889
Bajaj Pulsar RS200 2016,2016,35.0,first owner,hamirpur(hp),35.0,24.5,82000,200.0,Bajaj,8,0.1225
Bajaj Platina 125cc 2008,2008,82.0,first owner,ghaziabad,82.0,8.5,19000,125.0,Bajaj,16,0.068
Royal Enfield Bullet Electra 350cc 2009,2009,23000.0,first owner,delhi,30.0,19.8,75000,350.0,Royal Enfield,15,0.05657142857142857
Royal Enfield Thunderbird 350cc 2012,2012,66650.0,second owner,delhi,40.0,19.8,58000,350.0,Royal Enfield,12,0.05657142857142857
TVS Apache RR310 2018,2018,7500.0,first owner,mumbai,22.0,33.0,190000,310.0,TVS,6,0.1064516129032258
Royal Enfield Thunderbird 500cc 2017,2017,8300.0,first owner,delhi,25.0,27.2,140000,500.0,Royal Enfield,7,0.0544
TVS New Apache RTR 180cc 2019,2019,45.0,first owner,gautam buddha nagar,45.0,17.3,70000,180.0,TVS,5,0.09611111111111112
Royal Enfield Thunderbird 350cc 2015,2015,55000.0,first owner,mumbai,40.0,19.8,75000,350.0,Royal Enfield,9,0.05657142857142857
Bajaj Pulsar AS150 2015,2015,33000.0,first owner,yamuna nagar,53.0,16.8,34000,150.0,Bajaj,9,0.112
Hero Passion Pro 100cc 2013,2013,23000.0,first owner,delhi,5.0,8.2,30000,100.0,Hero,11,0.08199999999999999
Hero Achiever Disc 150cc 2017,2017,13400.0,first owner,rajahmundry,45.0,13.0,45000,150.0,Hero,7,0.08666666666666667
Royal Enfield Bullet Electra 350cc 2014,2014,42650.0,first owner,karnal,40.0,19.8,80000,350.0,Royal Enfield,10,0.05657142857142857
UM Renegade Commando 2017,2017,5700.0,first owner,tiruvallur,35.0,24.8,115000,279.0,UM,7,0.08888888888888889
Bajaj Avenger 220cc 2015,2015,23299.0,first owner,faridabad,40.0,19.0,38000,220.0,Bajaj,9,0.08636363636363636
Royal Enfield Classic 350cc Signals Edition 2019,2019,3000.0,first owner,jalpaiguri,35.0,19.8,150600,350.0,Royal Enfield,5,0.05657142857142857
KTM RC 390cc 2017,2017,2100.0,first owner,bhilwara,26.0,42.3,170000,390.0,KTM,7,0.10846153846153846
Suzuki Gixxer SF 150cc SP Rear Disc 2017,2017,23833.0,first owner,delhi,40.0,14.6,50500,150.0,Suzuki,7,0.09733333333333333
UM Renegade Commando 2018,2018,14434.0,first owner,delhi,35.0,24.8,104500,279.0,UM,6,0.08888888888888889
Bajaj Pulsar RS200 ABS 2018,2018,35.0,first owner,jalandhar,35.0,24.5,120000,200.0,Bajaj,6,0.1225
KTM RC 390cc 2019,2019,4061.0,first owner,ghaziabad,26.0,42.3,220000,390.0,KTM,5,0.10846153846153846
KTM Duke 125cc 2018,2018,1914.0,first owner,belgaum,40.0,14.3,108000,125.0,KTM,6,0.1144
Yamaha YZF-R15 2.0 150cc 2017,2017,16800.0,first owner,simdega,42.0,16.7,72300,150.0,Yamaha,7,0.11133333333333333
TVS Apache RTR 160 4V Disc 2019,2019,3710.0,first owner,rudrapur,40.0,16.1,78700,160.0,TVS,5,0.100625
Royal Enfield Classic 350cc 2016,2016,29000.0,first owner,delhi,35.0,19.8,102500,350.0,Royal Enfield,8,0.05657142857142857
Honda Dream Neo 110cc 2017,2017,84.0,first owner,katihar,84.0,8.25,45000,110.0,Honda,7,0.075
UM Renegade Sport S 2019,2019,668.0,first owner,delhi,35.0,24.8,140000,279.0,UM,5,0.08888888888888889
Royal Enfield Classic 350cc 2017,2017,7500.0,first owner,delhi,35.0,19.8,114000,350.0,Royal Enfield,7,0.05657142857142857
Yamaha YZF-R15 150cc 2014,2014,28000.0,first owner,tiruvallur,42.0,16.0,57000,150.0,Yamaha,10,0.10666666666666667
TVS Apache RTR 200 4V Carburetor Race Edition 2.0 2018,2018,40.0,first owner,delhi,40.0,20.7,78000,200.0,TVS,6,0.1035
Honda CB ShineSP 125cc 2018,2018,65.0,first owner,jaipur,65.0,10.0,47414,125.0,Honda,6,0.08
Bajaj Avenger Street 220 ABS 2019,2019,7000.0,first owner,pune,45.0,14.3,100000,220.0,Bajaj,5,0.065
Royal Enfield Thunderbird 350cc 2018,2018,2000.0,first owner,hubli,40.0,19.8,133700,350.0,Royal Enfield,6,0.05657142857142857
Bajaj Avenger Cruise 220 2016,2016,28000.0,first owner,gurgaon,35.0,19.0,51000,220.0,Bajaj,8,0.08636363636363636
Hero Karizma ZMR 223cc 2014,2014,32000.0,first owner,hyderabad,48.0,20.0,55000,223.0,Hero,10,0.08968609865470852
Royal Enfield Thunderbird 350cc 2017,2017,27000.0,first owner,bangalore,40.0,19.8,140000,350.0,Royal Enfield,7,0.05657142857142857
Bajaj Pulsar 150cc 2008,2008,65.0,first owner,delhi,65.0,14.85,12000,150.0,Bajaj,16,0.09899999999999999
Bajaj V15 150cc 2016,2016,17619.0,first owner,thane,57.0,11.8,48000,150.0,Bajaj,8,0.07866666666666668
Royal Enfield Thunderbird 500cc 2017,2017,3000.0,first owner,mumbai,25.0,27.2,145000,500.0,Royal Enfield,7,0.0544
Yamaha FZS FI 150cc 2016,2016,58.0,first owner,angul,58.0,13.0,65000,150.0,Yamaha,8,0.08666666666666667
Bajaj Avenger 220cc 2012,2012,80000.0,third owner,vadodara,40.0,19.0,32000,220.0,Bajaj,12,0.08636363636363636
Royal Enfield Thunderbird 350cc 2016,2016,7000.0,first owner,mumbai,40.0,19.8,125000,350.0,Royal Enfield,8,0.05657142857142857
Bajaj V15 150cc 2017,2017,20000.0,first owner,vadodara,57.0,11.8,39400,150.0,Bajaj,7,0.07866666666666668
Harley-Davidson Street 750 2014,2014,10536.0,third owner,noida,20.0,47.0,240000,750.0,Harley-Davidson,10,0.06266666666666666
Royal Enfield Thunderbird 350cc 2018,2018,15000.0,first owner,nagaon,40.0,19.8,105000,350.0,Royal Enfield,6,0.05657142857142857
TVS Apache RTR 160 4V Disc 2019,2019,20194.0,first owner,gautam buddha nagar,40.0,16.1,74700,160.0,TVS,5,0.100625
Yamaha FZ25 250cc 2017,2017,20000.0,first owner,chennai,43.0,20.3,100000,250.0,Yamaha,7,0.08120000000000001
Royal Enfield Classic 500cc Dual Disc 2018,2018,16786.0,first owner,mumbai,35.0,27.2,175000,500.0,Royal Enfield,6,0.0544
UM Renegade Commando 2018,2018,14500.0,first owner,korba,35.0,24.8,160000,279.0,UM,6,0.08888888888888889
Royal Enfield Thunderbird 350cc 2016,2016,25000.0,second owner,gandhinagar,40.0,19.8,92000,350.0,Royal Enfield,8,0.05657142857142857
Hero Passion 100cc  2003,2003,22113.0,first owner,mughalsarai,55.0,7.5,25000,100.0,Hero,21,0.075
Bajaj Pulsar 180cc 2012,2012,27391.0,first owner,delhi,45.0,17.0,18000,180.0,Bajaj,12,0.09444444444444444
TVS Apache RTR 160cc 2018,2018,60.0,first owner,bhind,60.0,15.2,70000,160.0,TVS,6,0.095
Yamaha YZF-R15 2.0 150cc 2017,2017,29000.0,first owner,jamnagar,42.0,16.7,71000,150.0,Yamaha,7,0.11133333333333333
Bajaj V15 150cc 2017,2017,30000.0,first owner,bangalore,57.0,11.8,42000,150.0,Bajaj,7,0.07866666666666668
Bajaj V15 150cc 2016,2016,40000.0,first owner,meerut,57.0,11.8,40000,150.0,Bajaj,8,0.07866666666666668
Bajaj Pulsar NS160 Rear Disc 2018,2018,6100.0,first owner,jaipur,40.0,15.5,86000,160.0,Bajaj,6,0.096875
Yamaha Fazer 150cc 2010,2010,45.0,first owner,ashok nagar,45.0,13.0,25000,150.0,Yamaha,14,0.08666666666666667
Bajaj Avenger Street 150 2016,2016,48500.0,first owner,ghaziabad,50.0,14.3,42999,150.0,Bajaj,8,0.09533333333333334
Bajaj CT 100 ES Alloy 2018,2018,13825.0,second owner,karnal,67.0,8.1,45000,100.0,Bajaj,6,0.081
Royal Enfield Classic 350cc 2016,2016,30000.0,first owner,faridabad,35.0,19.8,105875,350.0,Royal Enfield,8,0.05657142857142857
Royal Enfield Classic 500cc 2014,2014,10000.0,first owner,24 pargana,32.0,27.2,99700,500.0,Royal Enfield,10,0.0544
Royal Enfield Classic 350cc 2015,2015,28000.0,second owner,mahboobnagar,35.0,19.8,129000,350.0,Royal Enfield,9,0.05657142857142857
Suzuki Gixxer 150cc ABS 2017,2019,7000.0,first owner,mumbai,63.0,14.0,79999,150.0,Suzuki,5,0.09333333333333334
Yamaha FZ16 150cc 2014,2014,58.0,second owner,thalassery,58.0,13.0,35000,150.0,Yamaha,10,0.08666666666666667
Royal Enfield Classic Stealth Black 500cc 2018,2018,16000.0,first owner,ahmedabad,32.0,27.2,180000,500.0,Royal Enfield,6,0.0544
Honda CB Shine 125cc Drum BS6 2020,2020,65.0,first owner,pali,65.0,10.5,81500,125.0,Honda,4,0.084
Jawa Forty Two 295CC 2019,2019,2100.0,first owner,hosur,40.0,27.0,210000,295.0,Jawa,5,0.09152542372881356
Bajaj Pulsar 150cc 2010,2010,65.0,first owner,kota,65.0,14.85,42100,150.0,Bajaj,14,0.09899999999999999
TVS Apache RTR 200 4V Dual Channel ABS BS6 2020,2020,40.0,first owner,bangalore,40.0,20.2,130000,200.0,TVS,4,0.10099999999999999
Bajaj Pulsar RS200 ABS 2015,2015,35.0,first owner,gurgaon,35.0,24.16,90000,200.0,Bajaj,9,0.1208
Royal Enfield Thunderbird 500cc 2016,2016,8554.0,first owner,muvattupuzha,25.0,27.2,125000,500.0,Royal Enfield,8,0.0544
Yamaha YZF-R15 2.0 150cc 2017,2017,20000.0,second owner,kaithal,42.0,16.7,80000,150.0,Yamaha,7,0.11133333333333333
KTM Duke 200cc 2013,2013,100000.0,second owner,nashik,35.0,25.0,70000,200.0,KTM,11,0.125
Hero Passion 100cc  2001,2001,39000.0,second owner,dharwad,55.0,7.5,33100,100.0,Hero,23,0.075
Suzuki Gixxer SF 150cc 2015,2015,70000.0,first owner,jaipur,40.0,14.6,47000,150.0,Suzuki,9,0.09733333333333333
Honda X-Blade 160cc 2019,2019,12000.0,first owner,kolkata,40.0,13.93,80000,160.0,Honda,5,0.0870625
Suzuki Gixxer SF Fi 150cc ABS 2019,2019,4200.0,first owner,yamuna nagar,40.0,14.6,120000,150.0,Suzuki,5,0.09733333333333333
KTM RC 390cc 2017,2017,17700.0,first owner,pune,26.0,42.3,180000,390.0,KTM,7,0.10846153846153846
UM Renegade Commando 2018,2018,4000.0,first owner,bangalore,35.0,24.8,160000,279.0,UM,6,0.08888888888888889
Hero Karizma ZMR 223cc 2014,2014,68000.0,second owner,surat,48.0,20.0,55786,223.0,Hero,10,0.08968609865470852
Royal Enfield Thunderbird 350cc 2015,2015,54000.0,first owner,chennai,40.0,19.8,85000,350.0,Royal Enfield,9,0.05657142857142857
Royal Enfield Thunderbird X 350cc 2018,2018,15000.0,first owner,bangalore,40.0,19.8,150000,350.0,Royal Enfield,6,0.05657142857142857
KTM Duke 390cc 2018,2018,7520.0,first owner,delhi,25.0,42.9,200000,390.0,KTM,6,0.11
Bajaj Avenger Cruise 220 2017,2017,24000.0,first owner,ahmedabad,35.0,19.0,75000,220.0,Bajaj,7,0.08636363636363636
Bajaj Discover 125cc 2007,2007,3500.0,first owner,amethi,65.0,12.5,12500,125.0,Bajaj,17,0.1
Hero Hunk 150cc 2010,2010,42000.0,first owner,bijnor,53.0,14.0,42000,150.0,Hero,14,0.09333333333333334
Royal Enfield Classic Stealth Black 500cc 2018,2018,79361.0,first owner,delhi,32.0,27.2,150000,500.0,Royal Enfield,6,0.0544
Hero Hunk 150cc 2008,2008,35717.0,first owner,gautam buddha nagar,53.0,14.0,15000,150.0,Hero,16,0.09333333333333334
Bajaj Pulsar 150cc 2009,2009,65.0,third owner,auraiya,65.0,14.85,15000,150.0,Bajaj,15,0.09899999999999999
Suzuki Intruder 150cc 2018,2018,20200.0,first owner,pune,40.0,14.6,80000,150.0,Suzuki,6,0.09733333333333333
Suzuki Gixxer 150cc 2014,2014,30102.0,first owner,sirohi,63.0,14.0,45000,150.0,Suzuki,10,0.09333333333333334
Hero Splendor Plus Self Alloy 100cc 2018,2018,31000.0,first owner,gautam buddha nagar,55.0,8.2,60000,100.0,Hero,6,0.08199999999999999
Bajaj Discover 125ST 2012,2012,28000.0,first owner,vasai,65.0,12.5,22000,125.0,Bajaj,12,0.1
Bajaj Pulsar 150cc 2007,2007,65.0,first owner,ajmer,65.0,14.85,19999,150.0,Bajaj,17,0.09899999999999999
Yamaha FZs 150cc 2015,2015,26700.0,second owner,salem,45.0,13.0,70000,150.0,Yamaha,9,0.08666666666666667
Royal Enfield Classic 350cc 2014,2014,49000.0,first owner,delhi,35.0,19.8,83500,350.0,Royal Enfield,10,0.05657142857142857
Royal Enfield Bullet Electra Twinspark 350cc 2017,2017,20000.0,first owner,meerut,35.0,19.8,110000,350.0,Royal Enfield,7,0.05657142857142857
Royal Enfield Bullet Electra 350cc 2013,2013,57000.0,first owner,chennai,40.0,19.8,92000,350.0,Royal Enfield,11,0.05657142857142857
TVS Apache RTR 200 4V ABS 2018,2018,40.0,first owner,delhi,40.0,20.23,90000,200.0,TVS,6,0.10115
Royal Enfield Thunderbird 350cc 2015,2015,15780.0,first owner,delhi,40.0,19.8,105000,350.0,Royal Enfield,9,0.05657142857142857
Yamaha YZF-R15 150cc 2017,2017,15000.0,first owner,chandigarh,42.0,16.0,75200,150.0,Yamaha,7,0.10666666666666667
Suzuki Gixxer 150cc 2017,2017,5600.0,first owner,asansol,63.0,14.0,65000,150.0,Suzuki,7,0.09333333333333334
Yamaha YZF-R15 V3 150cc 2018,2018,14250.0,second owner,bangalore,40.0,18.7,135000,150.0,Yamaha,6,0.12466666666666666
Royal Enfield Standard 350cc 2013,2013,37.0,first owner,amritsar,37.0,19.8,110000,350.0,Royal Enfield,11,0.05657142857142857
Bajaj V15 150cc 2017,2017,9186.0,first owner,howrah,57.0,11.8,56000,150.0,Bajaj,7,0.07866666666666668
Yamaha YZF-R15 S 150cc 2016,2016,3912.0,second owner,panipat,42.0,16.0,90000,150.0,Yamaha,8,0.10666666666666667
Bajaj Pulsar RS200 2015,2015,35.0,first owner,noida,35.0,24.16,85000,200.0,Bajaj,9,0.1208
KTM RC 390cc 2017,2017,20000.0,first owner,bangalore,26.0,42.3,240000,390.0,KTM,7,0.10846153846153846
Royal Enfield Classic 350cc 2017,2017,19300.0,first owner,ernakulam,35.0,19.8,125000,350.0,Royal Enfield,7,0.05657142857142857
Bajaj V15 150cc 2016,2016,20000.0,first owner,gurdaspur,57.0,11.8,42000,150.0,Bajaj,8,0.07866666666666668
Hero Glamour PGM Fi 125cc 2012,2012,46000.0,first owner,varanasi,45.0,6.72,34000,125.0,Hero,12,0.053759999999999995
Royal Enfield Classic 500cc 2018,2018,9000.0,first owner,sambalpur,35.0,27.2,140000,500.0,Royal Enfield,6,0.0544
Yamaha Fazer 150cc 2014,2014,45.0,first owner,ghaziabad,45.0,13.0,30000,150.0,Yamaha,10,0.08666666666666667
Bajaj Dominar 400 2017,2017,28.0,first owner,faridabad,28.0,34.5,91300,400.0,Bajaj,7,0.08625
UM Renegade Commando Classic 2017,2017,18500.0,first owner,gurgaon,35.0,25.0,130100,279.0,UM,7,0.08960573476702509
Bajaj Avenger 220cc 2016,2016,24000.0,first owner,nathdwara,40.0,19.0,55000,220.0,Bajaj,8,0.08636363636363636
Bajaj Caliber 110cc 2003,2003,200000.0,first owner,gwalior,67.0,7.8,20000,110.0,Bajaj,21,0.07090909090909091
Honda CB Unicorn 160 STD 2015,2015,52.0,first owner,midnapore,52.0,13.82,45000,160.0,Honda,9,0.08637500000000001
Royal Enfield Thunderbird 350cc 2014,2014,15000.0,first owner,delhi,40.0,19.8,115000,350.0,Royal Enfield,10,0.05657142857142857
Bajaj Pulsar RS200 2017,2017,35.0,first owner,gurgaon,35.0,24.5,95000,200.0,Bajaj,7,0.1225
Yamaha Gladiator 125cc 2009,2009,34000.0,second owner,chakan,64.0,10.8,25000,125.0,Yamaha,15,0.0864
TVS Apache RR310 Slipper Clutch 2020,2020,6300.0,first owner,madurai,22.0,33.0,230000,310.0,TVS,4,0.1064516129032258
Bajaj Avenger Street 220 2019,2019,6358.0,first owner,vidisha,45.0,14.3,85000,220.0,Bajaj,5,0.065
Royal Enfield Bullet Electra Twinspark 350cc 2016,2016,35000.0,first owner,dindigul,35.0,19.8,100000,350.0,Royal Enfield,8,0.05657142857142857
Suzuki Gixxer 150cc 2014,2014,53000.0,first owner,delhi,63.0,14.0,38300,150.0,Suzuki,10,0.09333333333333334
Bajaj Avenger 220cc 2014,2014,23500.0,second owner,ahmedabad,40.0,19.0,40000,220.0,Bajaj,10,0.08636363636363636
Yamaha FZ25 ABS 250cc 2019,2019,12000.0,first owner,gurgaon,43.0,20.3,130000,250.0,Yamaha,5,0.08120000000000001
Honda CB Unicorn 150cc 2010,2010,60.0,first owner,ghaziabad,60.0,14.0,30000,150.0,Honda,14,0.09333333333333334
Royal Enfield Thunderbird 350cc 2015,2015,25000.0,first owner,udhampur,40.0,19.8,95000,350.0,Royal Enfield,9,0.05657142857142857
UM Renegade Sport S 2018,2018,8500.0,first owner,kakinada,35.0,24.8,129600,279.0,UM,6,0.08888888888888889
Yamaha FZ16 150cc 2013,2013,58.0,first owner,vapi,58.0,13.0,30000,150.0,Yamaha,11,0.08666666666666667
Bajaj Pulsar RS200 ABS 2016,2016,35.0,first owner,faridabad,35.0,24.5,86800,200.0,Bajaj,8,0.1225
Bajaj Avenger Cruise 220 2017,2017,10300.0,second owner,delhi,35.0,19.0,75000,220.0,Bajaj,7,0.08636363636363636
Bajaj Dominar 400 2017,2017,28.0,first owner,gandhinagar,28.0,34.5,128000,400.0,Bajaj,7,0.08625
Bajaj Pulsar 150cc 2006,2006,65.0,first owner,delhi,65.0,14.85,10000,150.0,Bajaj,18,0.09899999999999999
Royal Enfield Bullet Electra 350cc 2009,2009,39000.0,second owner,ghaziabad,30.0,19.8,80000,350.0,Royal Enfield,15,0.05657142857142857
Royal Enfield Classic 350cc Signals Edition 2019,2019,20047.0,first owner,ahmedabad,35.0,19.8,165000,350.0,Royal Enfield,5,0.05657142857142857
Royal Enfield Thunderbird 500cc 2015,2015,12700.0,first owner,hyderabad,25.0,27.2,101000,500.0,Royal Enfield,9,0.0544
Royal Enfield Thunderbird 350cc 2016,2016,5006.0,first owner,howli,40.0,19.8,110000,350.0,Royal Enfield,8,0.05657142857142857
Royal Enfield Electra 350cc 2017,2017,22000.0,first owner,gurgaon,25.0,19.8,115000,350.0,Royal Enfield,7,0.05657142857142857
Bajaj Pulsar 220F 2012,2012,25000.0,first owner,bharatpur,38.0,21.0,35000,220.0,Bajaj,12,0.09545454545454546
Royal Enfield Classic 500cc 2016,2016,8000.0,first owner,mumbai,32.0,27.2,123000,500.0,Royal Enfield,8,0.0544
Bajaj Pulsar 180cc 2011,2011,27000.0,first owner,pune,65.0,15.0,45000,180.0,Bajaj,13,0.08333333333333333
Bajaj Discover 135cc 2005,2005,65000.0,first owner,thane,65.0,9.64,12500,135.0,Bajaj,19,0.0714074074074074
Bajaj Dominar 400 ABS 2018,2018,28.0,first owner,kolkata,28.0,34.5,140000,400.0,Bajaj,6,0.08625
Royal Enfield Thunderbird 350cc 2014,2014,19000.0,first owner,bangalore,40.0,19.8,100000,350.0,Royal Enfield,10,0.05657142857142857
Yamaha YZF-R15 V3 150cc 2018,2018,13500.0,second owner,baraut,40.0,18.7,130000,150.0,Yamaha,6,0.12466666666666666
Royal Enfield Classic 500cc 2016,2016,5000.0,first owner,delhi,32.0,27.2,156000,500.0,Royal Enfield,8,0.0544
Royal Enfield Thunderbird 350cc 2014,2014,25256.0,second owner,ghaziabad,40.0,19.8,110000,350.0,Royal Enfield,10,0.05657142857142857
Bajaj  Pulsar 180cc 2011,2011,94000.0,first owner,delhi,45.0,17.0,20000,180.0,Bajaj,13,0.09444444444444444
Royal Enfield Thunderbird X 350cc ABS 2019,2019,1650.0,first owner,vadodara,40.0,19.8,155000,350.0,Royal Enfield,5,0.05657142857142857
Bajaj Pulsar RS200 ABS 2015,2015,35.0,first owner,kolkata,35.0,24.16,80000,200.0,Bajaj,9,0.1208
Benelli TNT 300 2016,2016,6400.0,second owner,pune,25.0,37.73,200000,300.0,Benelli,8,0.12576666666666667
Benelli TNT 300 2016,2016,32000.0,first owner,mumbai,25.0,37.73,218100,300.0,Benelli,8,0.12576666666666667
UM Renegade Commando 2017,2017,14320.0,first owner,bangalore,35.0,24.8,140000,279.0,UM,7,0.08888888888888889
Royal Enfield Thunderbird 500cc 2015,2015,36883.0,first owner,bangalore,25.0,27.2,110000,500.0,Royal Enfield,9,0.0544
TVS Flame 125cc 2009,2009,65.0,second owner,jammu,65.0,10.3,25000,125.0,TVS,15,0.0824
Royal Enfield Thunderbird 500cc 2014,2014,21800.0,first owner,bangalore,25.0,27.2,130000,500.0,Royal Enfield,10,0.0544
Yamaha FZ S V 2.0 150cc 2014,2014,58.0,first owner,hyderabad,58.0,13.0,55000,150.0,Yamaha,10,0.08666666666666667
Yamaha FZ16 150cc 2010,2010,58.0,first owner,bangalore,58.0,13.0,29000,150.0,Yamaha,14,0.08666666666666667
Bajaj Avenger Cruise 220 2017,2017,8553.0,first owner,bellary,35.0,19.0,75000,220.0,Bajaj,7,0.08636363636363636
Royal Enfield Classic 350cc 2014,2014,21000.0,first owner,gurgaon,35.0,19.8,79555,350.0,Royal Enfield,10,0.05657142857142857
Bajaj V15 150cc 2018,2018,5187.0,first owner,delhi,57.0,11.8,50000,150.0,Bajaj,6,0.07866666666666668
Hero Xtreme 150cc 2014,2014,50000.0,first owner,guntur,50.0,14.2,55000,150.0,Hero,10,0.09466666666666666
Yamaha YZF-R15 S 150cc 2017,2017,12500.0,first owner,mumbai,42.0,16.0,85000,150.0,Yamaha,7,0.10666666666666667
Bajaj Avenger 220cc 2013,2013,51280.0,second owner,ahmedabad,40.0,19.0,40500,220.0,Bajaj,11,0.08636363636363636
Royal Enfield Machismo 500cc 2009,2009,25.0,second owner,chennai,25.0,23.9,98000,500.0,Royal Enfield,15,0.047799999999999995
KTM Duke 390cc 2017,2017,10500.0,first owner,delhi,25.0,42.9,140000,390.0,KTM,7,0.11
Honda CB Unicorn 150cc 2007,2007,60.0,first owner,kochi,60.0,14.0,33000,150.0,Honda,17,0.09333333333333334
Royal Enfield Classic 350cc 2011,2011,35600.0,first owner,delhi,35.0,19.8,85000,350.0,Royal Enfield,13,0.05657142857142857
Hero Karizma 223cc 2006,2006,34000.0,first owner,noida,40.0,17.0,15000,223.0,Hero,18,0.07623318385650224
Bajaj V15 150cc 2017,2017,32000.0,first owner,gurgaon,57.0,11.8,52000,150.0,Bajaj,7,0.07866666666666668
Royal Enfield‎ Bullet 350cc 2014,2014,23875.0,second owner,vadodara,37.0,19.8,85000,350.0,Royal Enfield,10,0.05657142857142857
Royal Enfield Electra 350cc 2010,2010,10583.0,first owner,gurgaon,37.0,19.0,69000,350.0,Royal Enfield,14,0.054285714285714284
Bajaj Pulsar 150cc 2009,2009,65.0,first owner,delhi,65.0,14.85,25000,150.0,Bajaj,15,0.09899999999999999
Bajaj Avenger Street 220 ABS 2019,2019,2550.0,first owner,bangalore,45.0,14.3,110000,220.0,Bajaj,5,0.065
Royal Enfield Thunderbird 350cc 2017,2017,10400.0,first owner,bangalore,40.0,19.8,110000,350.0,Royal Enfield,7,0.05657142857142857
Yamaha FZ25 ABS 250cc 2019,2019,3900.0,first owner,chennai,43.0,20.3,146000,250.0,Yamaha,5,0.08120000000000001
Harley-Davidson 1200 Custom 2017,2017,1470.0,first owner,hyderabad,18.0,67.7,1000000,200.0,Harley-Davidson,7,0.3385
Bajaj Pulsar 150cc 2011,2011,65.0,second owner,agra,65.0,14.85,18000,150.0,Bajaj,13,0.09899999999999999
Bajaj Pulsar 220cc 2014,2014,41000.0,second owner,ratangarh,38.0,21.0,39000,220.0,Bajaj,10,0.09545454545454546
Bajaj Avenger Cruise 220 2016,2016,24000.0,second owner,pune,35.0,19.0,69999,220.0,Bajaj,8,0.08636363636363636
Royal Enfield Thunderbird 500cc 2014,2014,10000.0,first owner,mumbai,25.0,27.2,135000,500.0,Royal Enfield,10,0.0544
KTM Duke 200cc 2016,2016,10000.0,second owner,delhi,35.0,24.6,95000,200.0,KTM,8,0.12300000000000001
Bajaj Pulsar NS200 ABS 2018,2018,42.0,second owner,mumbai,42.0,23.2,96000,200.0,Bajaj,6,0.11599999999999999
Bajaj Avenger 220cc 2017,2017,3100.0,first owner,virar,40.0,19.0,60000,220.0,Bajaj,7,0.08636363636363636
Fb Mondial HPS 300 250cc 2019,2019,3100.0,first owner,kukatpally,40.0,24.5,300000,250.0,Fb,5,0.098
Royal Enfield Classic 350cc 2011,2011,22500.0,first owner,chandigarh,35.0,19.8,88000,350.0,Royal Enfield,13,0.05657142857142857
Bajaj Pulsar 200 NS 200cc 2012,2012,35.0,first owner,bhopal,35.0,23.19,65000,200.0,Bajaj,12,0.11595000000000001
Royal Enfield Himalayan 410cc 2017,2017,19800.0,first owner,palakkad,32.0,24.5,160000,410.0,Royal Enfield,7,0.05975609756097561
UM Renegade Commando Classic 2017,2017,7200.0,first owner,vadodara,35.0,25.0,133000,279.0,UM,7,0.08960573476702509
UM Renegade Commando 2017,2017,4500.0,second owner,delhi,35.0,24.8,96698,279.0,UM,7,0.08888888888888889
Yamaha FZ25 250cc 2018,2018,17000.0,first owner,bangalore,43.0,20.3,119000,250.0,Yamaha,6,0.08120000000000001
Royal Enfield Himalayan 410cc 2016,2016,30000.0,first owner,gopalganj,32.0,24.5,140100,410.0,Royal Enfield,8,0.05975609756097561
Royal Enfield Thunderbird 350cc 2015,2015,3198.0,first owner,bangalore,40.0,19.8,125000,350.0,Royal Enfield,9,0.05657142857142857
Royal Enfield Standard 350cc 2014,2014,40.0,first owner,chennai,40.0,19.8,96000,350.0,Royal Enfield,10,0.05657142857142857
Royal Enfield Classic 350cc 2018,2018,6221.0,first owner,vadodara,35.0,19.8,150000,350.0,Royal Enfield,6,0.05657142857142857
Hero Xtreme 200R 2018,2018,7576.0,first owner,rishikesh,39.4,18.1,73800,200.0,Hero,6,0.09050000000000001
Bajaj Pulsar 200 NS 200cc 2012,2012,35.0,second owner,lucknow,35.0,23.19,65000,200.0,Bajaj,12,0.11595000000000001
Bajaj Pulsar AS200 2016,2016,42.0,second owner,saharanpur,42.0,23.2,44200,200.0,Bajaj,8,0.11599999999999999
Honda CB Hornet 160R CBS 2016,2016,52.0,first owner,delhi,52.0,15.44,60000,160.0,Honda,8,0.0965
Yamaha FZS FI 150cc 2016,2016,58.0,first owner,nabarangapur,58.0,13.0,65000,150.0,Yamaha,8,0.08666666666666667
Honda CB Shine 125cc 2019,2019,65.0,first owner,chennai,65.0,10.0,68000,125.0,Honda,5,0.08
Royal Enfield Thunderbird 500cc 2018,2018,6355.0,first owner,ghaziabad,25.0,27.2,185000,500.0,Royal Enfield,6,0.0544
KTM RC 390cc 2017,2017,14400.0,first owner,mumbai,26.0,42.3,158000,390.0,KTM,7,0.10846153846153846
Hero Passion Pro 100cc 2010,2010,22000.0,first owner,agra,5.0,8.2,23000,100.0,Hero,14,0.08199999999999999
Royal Enfield Classic 500cc 2015,2015,13000.0,second owner,panipat,32.0,27.2,110900,500.0,Royal Enfield,9,0.0544
Royal Enfield Classic 500cc 2014,2014,37000.0,first owner,pune,32.0,27.2,135000,500.0,Royal Enfield,10,0.0544
Royal Enfield Thunderbird 350cc 2015,2015,26850.0,first owner,bangalore,40.0,19.8,105000,350.0,Royal Enfield,9,0.05657142857142857
Royal Enfield Bullet Electra 350cc 2014,2014,10000.0,first owner,mumbai,40.0,19.8,89000,350.0,Royal Enfield,10,0.05657142857142857
Yamaha YZF-R15 V3 150cc 2018,2018,22555.0,second owner,pune,40.0,18.7,105000,150.0,Yamaha,6,0.12466666666666666
Royal Enfield Classic 350cc 2014,2014,9365.0,first owner,chandigarh,35.0,19.8,114000,350.0,Royal Enfield,10,0.05657142857142857
Jawa Forty Two 295CC 2019,2019,2388.0,first owner,chennai,40.0,27.0,175000,295.0,Jawa,5,0.09152542372881356
Yamaha FZs 150cc 2014,2014,53000.0,first owner,ahmedabad,45.0,13.0,35000,150.0,Yamaha,10,0.08666666666666667
Benelli TNT 300 2017,2017,9500.0,first owner,chennai,25.0,37.73,215000,300.0,Benelli,7,0.12576666666666667
Suzuki Gixxer SF Fi 150cc 2017,2017,3200.0,first owner,pune,40.0,14.6,81000,150.0,Suzuki,7,0.09733333333333333
Bajaj Avenger Cruise 220 2017,2017,26386.0,first owner,bangalore,35.0,19.0,75000,220.0,Bajaj,7,0.08636363636363636
Bajaj Dominar 400 ABS 2019,2019,28.0,first owner,mandya,28.0,34.5,190000,400.0,Bajaj,5,0.08625
TVS Apache RR310 2018,2018,1733.0,first owner,chinchwad,22.0,33.0,199000,310.0,TVS,6,0.1064516129032258
Bajaj Pulsar RS200 ABS 2018,2018,35.0,first owner,mumbai,35.0,24.5,115000,200.0,Bajaj,6,0.1225
Yamaha FZs 150cc 2013,2013,59000.0,first owner,kalyan,45.0,13.0,37700,150.0,Yamaha,11,0.08666666666666667
Triumph Thunderbird Storm 1700cc 2017,2017,16000.0,first owner,thane,40.0,96.6,1150000,1700.0,Triumph,7,0.0568235294117647
Harley-Davidson Night Rod Special 2015,2015,10800.0,second owner,mumbai,18.0,115.0,1500000,1247.0,Harley-Davidson,9,0.09222133119486768
KTM RC 200cc 2016,2016,17000.0,first owner,amravati,35.0,25.1,145000,200.0,KTM,8,0.1255
Royal Enfield Thunderbird 350cc 2016,2016,9900.0,second owner,ghaziabad,40.0,19.8,100000,350.0,Royal Enfield,8,0.05657142857142857
KTM RC 200cc ABS 2019,2019,4600.0,first owner,jind,35.0,25.1,170000,200.0,KTM,5,0.1255
KTM RC 390cc 2017,2017,8000.0,first owner,bangalore,26.0,42.3,210000,390.0,KTM,7,0.10846153846153846
KTM Duke 200cc 2015,2015,31000.0,first owner,belgaum,35.0,25.0,90000,200.0,KTM,9,0.125
Royal Enfield Thunderbird 500cc 2016,2016,32000.0,first owner,chennai,25.0,27.2,128000,500.0,Royal Enfield,8,0.0544
Bajaj XCD 135 2009,2009,37000.0,first owner,vadodara,60.0,9.4,35000,135.0,Bajaj,15,0.06962962962962964
Yamaha YZF-R15 2.0 150cc 2017,2017,25500.0,first owner,delhi,42.0,16.7,85000,150.0,Yamaha,7,0.11133333333333333
Royal Enfield Classic 350cc Dual Disc 2018,2018,6700.0,first owner,bathinda,35.0,19.8,140300,350.0,Royal Enfield,6,0.05657142857142857
Royal Enfield Bullet 500cc 2017,2017,20000.0,first owner,angul,25.0,26.37,145000,500.0,Royal Enfield,7,0.05274
Bajaj Pulsar 150cc 2016,2016,65.0,first owner,dehradun,65.0,15.0,65000,150.0,Bajaj,8,0.1
Bajaj Pulsar RS200 ABS 2019,2019,35.0,first owner,jabalpur,35.0,24.5,135000,200.0,Bajaj,5,0.1225
Bajaj Discover 125ST 2013,2013,21000.0,first owner,jamnagar,65.0,12.5,40000,125.0,Bajaj,11,0.1
Yamaha YZF-R15 150cc 2010,2010,30090.0,first owner,mumbai,42.0,16.0,42000,150.0,Yamaha,14,0.10666666666666667
TVS Flame 125cc 2009,2009,65.0,first owner,mohali,65.0,10.3,15000,125.0,TVS,15,0.0824
Royal Enfield Thunderbird 350cc 2015,2015,20000.0,first owner,hapur,40.0,19.8,85000,350.0,Royal Enfield,9,0.05657142857142857
Honda X-Blade 160cc 2018,2018,8700.0,first owner,bangalore,40.0,13.93,80000,160.0,Honda,6,0.0870625
Suzuki Gixxer SF 150cc 2017,2017,28000.0,first owner,delhi,40.0,14.6,65000,150.0,Suzuki,7,0.09733333333333333
Bajaj V15 150cc 2017,2017,23000.0,first owner,delhi,57.0,11.8,48000,150.0,Bajaj,7,0.07866666666666668
Harley-Davidson Street 750 ABS 2020,2020,4000.0,first owner,mumbai,20.0,47.0,530000,750.0,Harley-Davidson,4,0.06266666666666666
Royal Enfield Classic Desert Storm 500cc 2016,2016,12000.0,first owner,mumbai,32.0,27.2,150000,500.0,Royal Enfield,8,0.0544
Yamaha YZF-R15 V3 150cc 2018,2018,7500.0,first owner,bangalore,40.0,18.7,142000,150.0,Yamaha,6,0.12466666666666666
Jawa Perak 330cc 2020,2020,750.0,first owner,delhi,40.0,30.0,230000,330.0,Jawa,4,0.09090909090909091
Royal Enfield Thunderbird 500cc 2014,2014,12000.0,first owner,bangalore,25.0,27.2,120000,500.0,Royal Enfield,10,0.0544
Royal Enfield Bullet 350cc 2000,2000,60000.0,second owner,dehradun,37.0,19.8,80000,350.0,Royal Enfield,24,0.05657142857142857
Royal Enfield Classic Chrome 500cc 2015,2015,20000.0,first owner,ahmedabad,32.0,27.2,135000,500.0,Royal Enfield,9,0.0544
Yamaha YZF-R15 V3 150CC ABS 2019,2019,11200.0,first owner,gurgaon,40.0,18.7,125000,150.0,Yamaha,5,0.12466666666666666
Hero Hunk 150cc 2011,2011,49000.0,second owner,vadodara,53.0,14.0,28000,150.0,Hero,13,0.09333333333333334
UM Renegade Sport S 2017,2017,16655.0,second owner,thrissur,35.0,24.8,115800,279.0,UM,7,0.08888888888888889
Royal Enfield Thunderbird 350cc 2017,2017,17000.0,first owner,vadodara,40.0,19.8,125000,350.0,Royal Enfield,7,0.05657142857142857
Bajaj Pulsar 135LS 2015,2015,19000.0,first owner,kolkata,64.0,13.0,55000,135.0,Bajaj,9,0.0962962962962963
KTM RC 390cc 2018,2018,9000.0,first owner,chennai,26.0,42.3,210000,390.0,KTM,6,0.10846153846153846
Bajaj Pulsar 135LS 2012,2012,18000.0,second owner,delhi,64.0,13.0,22000,135.0,Bajaj,12,0.0962962962962963
Bajaj Pulsar RS200 ABS 2015,2015,35.0,first owner,faridabad,35.0,24.16,115000,200.0,Bajaj,9,0.1208
TVS Apache RTR 180cc 2017,2017,45.0,first owner,ahmedabad,45.0,17.2,58200,180.0,TVS,7,0.09555555555555555
Royal Enfield Bullet Twinspark 500cc 2015,2015,15000.0,first owner,noida,25.0,26.1,155000,500.0,Royal Enfield,9,0.0522
Yamaha FZ 150cc 2014,2014,58.0,first owner,nadiad,58.0,13.0,33000,150.0,Yamaha,10,0.08666666666666667
Royal Enfield Thunderbird 500cc 2013,2013,25000.0,first owner,bangalore,25.0,27.2,118800,500.0,Royal Enfield,11,0.0544
Royal Enfield Classic Chrome 500cc 2015,2015,19000.0,first owner,ahmedabad,32.0,27.2,128600,500.0,Royal Enfield,9,0.0544
Yamaha SZX 150cc 2016,2016,55.0,first owner,panchkula,55.0,12.0,39900,150.0,Yamaha,8,0.08
Yamaha YZF-R15 2.0 150cc 2014,2014,34000.0,first owner,guwahati,42.0,16.7,65900,150.0,Yamaha,10,0.11133333333333333
Bajaj Avenger 220cc 2012,2012,25978.0,first owner,gurgaon,40.0,19.0,32900,220.0,Bajaj,12,0.08636363636363636
KTM RC 200cc 2019,2019,15333.0,first owner,ghaziabad,35.0,25.1,170000,200.0,KTM,5,0.1255
Bajaj Pulsar NS160 2017,2017,16300.0,first owner,patna,40.0,15.5,70000,160.0,Bajaj,7,0.096875
Bajaj Pulsar 135LS 2008,2008,65.0,second owner,surat,65.0,13.37,11999,135.0,Bajaj,16,0.09903703703703703
TVS Victor 110cc 2016,2016,74.0,first owner,bhubaneshwar,74.0,9.4,38000,110.0,TVS,8,0.08545454545454546
Bajaj Pulsar 150cc 2014,2014,65.0,first owner,deoria,65.0,14.85,41000,150.0,Bajaj,10,0.09899999999999999
Harley-Davidson Fat Boy 2013,2013,18.0,second owner,mumbai,18.0,65.0,950000,1868.0,Harley-Davidson,11,0.034796573875803
Royal Enfield Classic Desert Storm 500cc 2017,2017,10000.0,first owner,bangalore,32.0,27.2,200000,500.0,Royal Enfield,7,0.0544
Royal Enfield Thunderbird 500cc 2014,2014,15000.0,first owner,chandigarh,25.0,27.2,110000,500.0,Royal Enfield,10,0.0544
Royal Enfield Thunderbird 350cc 2015,2015,19286.0,first owner,delhi,40.0,19.8,107300,350.0,Royal Enfield,9,0.05657142857142857
Hero Karizma ZMR 223cc 2015,2015,36950.0,first owner,pune,48.0,20.0,45000,223.0,Hero,9,0.08968609865470852
Yamaha Fazer 150cc 2013,2013,45.0,first owner,churu,45.0,13.0,43000,150.0,Yamaha,11,0.08666666666666667
Honda CB Unicorn 160 STD 2016,2016,52.0,first owner,neral,52.0,13.82,45000,160.0,Honda,8,0.08637500000000001
Royal Enfield Classic 350cc 2017,2017,17700.0,first owner,dehradun,35.0,19.8,120000,350.0,Royal Enfield,7,0.05657142857142857
Bajaj Pulsar 220cc 2014,2014,32500.0,first owner,bangalore,38.0,21.0,60000,220.0,Bajaj,10,0.09545454545454546
Bajaj Avenger 220cc 2013,2013,34000.0,first owner,ahmedabad,40.0,19.0,38000,220.0,Bajaj,11,0.08636363636363636
Honda CB Hornet 160R  ABS DLX 2018,2018,52.0,first owner,daund,52.0,15.44,85000,160.0,Honda,6,0.0965
Hero Xtreme 200R 2019,2019,1500.0,first owner,delhi,39.4,18.1,90000,200.0,Hero,5,0.09050000000000001
Bajaj Pulsar RS200 ABS 2016,2016,35.0,first owner,pondicherry,35.0,24.5,94800,200.0,Bajaj,8,0.1225
KTM RC 200cc 2016,2016,27970.0,first owner,gurgaon,35.0,25.1,110000,200.0,KTM,8,0.1255
Bajaj Pulsar 135LS 2017,2017,65.0,first owner,howrah,65.0,13.0,48000,135.0,Bajaj,7,0.0962962962962963
Yamaha YZF-R15 2.0 150cc 2016,2016,40000.0,second owner,coimbatore,42.0,16.7,90000,150.0,Yamaha,8,0.11133333333333333
Royal Enfield Thunderbird 350cc 2015,2015,13200.0,first owner,mumbai,40.0,19.8,120000,350.0,Royal Enfield,9,0.05657142857142857
Bajaj Pulsar AS150 2015,2015,18700.0,second owner,bangalore,53.0,16.8,55000,150.0,Bajaj,9,0.112
Honda CB300R 2021,2021,100.0,first owner,ahmedabad,40.0,30.0,300000,300.0,Honda,3,0.1
Yamaha Fazer FI V 2.0 150cc 2018,2018,45.0,second owner,zirakpur,45.0,13.0,72000,150.0,Yamaha,6,0.08666666666666667
TVS Apache RTR 160cc 2017,2017,60.0,first owner,surat,60.0,15.2,50000,160.0,TVS,7,0.095
Bajaj Pulsar 150cc 2007,2007,65.0,first owner,ranchi,65.0,14.85,25000,150.0,Bajaj,17,0.09899999999999999
Bajaj Pulsar RS200 2016,2016,35.0,first owner,gurgaon,35.0,24.5,85000,200.0,Bajaj,8,0.1225
Bajaj Pulsar 180cc 2010,2010,10000.0,first owner,gurgaon,65.0,15.0,35000,180.0,Bajaj,14,0.08333333333333333
Mahindra Mojo 300cc 2016,2016,7000.0,first owner,mumbai,25.0,26.45,140000,300.0,Mahindra,8,0.08816666666666667
Bajaj Pulsar RS200 2015,2015,35.0,second owner,jalandhar,35.0,24.16,90000,200.0,Bajaj,9,0.1208
Honda CBR 250R 2014,2014,38.0,first owner,delhi,38.0,26.15,80000,250.0,Honda,10,0.1046
Honda Dream Neo 110cc 2018,2018,84.0,first owner,delhi,84.0,8.25,36500,110.0,Honda,6,0.075
Hero Passion Pro 110cc Drum 2019,2019,10000.0,first owner,delhi,40.0,9.3,56500,110.0,Hero,5,0.08454545454545455
Honda CB Unicorn 150cc 2012,2012,60.0,first owner,gurgaon,60.0,14.0,19000,150.0,Honda,12,0.09333333333333334
TVS Apache RTR 180cc ABS 2017,2017,45.0,first owner,ahmedabad,45.0,17.3,70000,180.0,TVS,7,0.09611111111111112
Hero Splendor ISmart Self Drum Alloy 2017,2017,26000.0,first owner,ahmedabad,45.0,7.0,40000,97.0,Hero,7,0.07216494845360824
Bajaj Pulsar 150cc 2016,2016,65.0,second owner,ahmedabad,65.0,15.0,40000,150.0,Bajaj,8,0.1
Hero Ignitor 125cc 2016,2016,15000.0,first owner,udaipur,55.0,11.0,42000,125.0,Hero,8,0.088
Hero Passion Pro 100cc 2013,2013,18000.0,first owner,delhi,5.0,8.2,24000,100.0,Hero,11,0.08199999999999999
TVS Star City Plus 110cc 2015,2015,40700.0,first owner,mandi dabwali,85.0,8.2,21000,110.0,TVS,9,0.07454545454545454
Bajaj Pulsar NS160 2018,2018,8100.0,first owner,delhi,40.0,15.5,68500,160.0,Bajaj,6,0.096875
Royal Enfield Classic 350cc 2016,2016,5800.0,first owner,delhi,35.0,19.8,133280,350.0,Royal Enfield,8,0.05657142857142857
KTM Duke 250cc 2018,2018,7900.0,first owner,delhi,40.0,29.6,174500,250.0,KTM,6,0.1184
Royal Enfield Classic 350cc 2016,2016,20000.0,first owner,delhi,35.0,19.8,108000,350.0,Royal Enfield,8,0.05657142857142857
Bajaj V15 150cc 2017,2017,15071.0,first owner,ghaziabad,57.0,11.8,35000,150.0,Bajaj,7,0.07866666666666668
Suzuki Intruder 150cc 2018,2018,17545.0,first owner,ghaziabad,40.0,14.6,66000,150.0,Suzuki,6,0.09733333333333333
Bajaj Pulsar 150cc 2017,2017,65.0,first owner,delhi,65.0,15.0,74000,150.0,Bajaj,7,0.1
TVS Apache RTR 200 4V Fi 2016,2016,40.0,first owner,delhi,40.0,20.23,80000,200.0,TVS,8,0.10115
Bajaj Discover 125ST 2013,2013,27140.0,first owner,bangalore,65.0,12.5,32000,125.0,Bajaj,11,0.1
KTM RC 200cc ABS 2019,2019,6000.0,first owner,mumbai,35.0,25.1,185000,200.0,KTM,5,0.1255
Royal Enfield Classic 350cc-Redditch Edition 2017,2017,10000.0,first owner,mumbai,35.0,19.8,150000,350.0,Royal Enfield,7,0.05657142857142857
KTM Duke 200cc 2017,2017,20000.0,first owner,mumbai,35.0,24.6,130000,200.0,KTM,7,0.12300000000000001
Yamaha FZs 150cc 2016,2016,25000.0,second owner,ratlam,45.0,13.0,50700,150.0,Yamaha,8,0.08666666666666667
Royal Enfield Thunderbird 350cc 2005,2005,24000.0,first owner,patna,30.0,19.8,110000,350.0,Royal Enfield,19,0.05657142857142857
KTM RC 390cc 2015,2015,12146.0,first owner,ahmedabad,26.0,43.0,169000,390.0,KTM,9,0.11025641025641025
Bajaj V15 150cc 2017,2017,15000.0,first owner,rajkot,57.0,11.8,44000,150.0,Bajaj,7,0.07866666666666668
Royal Enfield‎ Bullet 350cc 1986,1986,8990.0,second owner,thane,37.0,19.8,100000,350.0,Royal Enfield,38,0.05657142857142857
Yamaha YZF-R15 150cc 2017,2017,4300.0,first owner,mumbai,42.0,16.0,94000,150.0,Yamaha,7,0.10666666666666667
Yamaha MT-15 150cc 2019,2019,12950.0,first owner,gurgaon,40.0,19.0,139000,150.0,Yamaha,5,0.12666666666666668
Bajaj Avenger Cruise 220 ABS FI BS6 2020,2020,3000.0,first owner,mohali,35.0,18.76,120000,220.0,Bajaj,4,0.08527272727272728
Hero Passion Pro 100cc 2010,2010,38000.0,first owner,delhi,5.0,8.2,12000,100.0,Hero,14,0.08199999999999999
Royal Enfield Standard 350cc 2014,2014,40.0,first owner,mumbai,40.0,19.8,85000,350.0,Royal Enfield,10,0.05657142857142857
KTM Duke 390cc 2016,2016,10000.0,first owner,bangalore,25.0,42.9,171125,390.0,KTM,8,0.11
Honda CB Hornet 160R Special Edition-CBS 2017,2017,52.0,first owner,chennai,52.0,15.44,80000,160.0,Honda,7,0.0965
Royal Enfield Thunderbird 500cc 2014,2014,23350.0,first owner,hyderabad,25.0,27.2,110000,500.0,Royal Enfield,10,0.0544
Honda CB Unicorn Dazzler 150cc 2010,2010,60.0,first owner,gautam buddha nagar,60.0,14.0,16900,150.0,Honda,14,0.09333333333333334
BenelliImperiale 400 2020,2020,1900.0,first owner,secunderabad,40.0,20.7,240000,400.0,Benelli,4,0.05175
Yamaha FZs 150cc 2013,2013,19500.0,second owner,delhi,45.0,13.0,39999,150.0,Yamaha,11,0.08666666666666667
Honda CBF Stunner 125cc 2009,2009,65.0,first owner,jaipur,65.0,11.0,25000,125.0,Honda,15,0.088
Suzuki Gixxer SF Fi 150cc ABS 2019,2019,2600.0,first owner,panvel,40.0,14.6,99000,150.0,Suzuki,5,0.09733333333333333
Hero Splendor NXG 100cc 2008,2008,25526.0,first owner,delhi,65.0,7.0,15600,100.0,Hero,16,0.07
Honda Livo Disc 110cc CBS 2020,2020,10300.0,second owner,ghaziabad,40.0,8.25,65000,110.0,Honda,4,0.075
Harley-Davidson Street 750 2016,2016,4500.0,first owner,delhi,20.0,47.0,385200,750.0,Harley-Davidson,8,0.06266666666666666
Honda CB Unicorn 150cc 2009,2009,60.0,first owner,mumbai,60.0,14.0,30000,150.0,Honda,15,0.09333333333333334
Honda CBR 250R 2014,2014,38.0,second owner,panipat,38.0,26.15,75000,250.0,Honda,10,0.1046
Royal Enfield Bullet Electra Twinspark 350cc 2018,2018,9000.0,first owner,faridabad,35.0,19.8,130000,350.0,Royal Enfield,6,0.05657142857142857
Royal Enfield Bullet Twinspark 350cc 2018,2018,37.0,first owner,delhi,37.0,19.8,127000,350.0,Royal Enfield,6,0.05657142857142857
Yamaha FZS FI 150cc Rear Disc 2018,2018,5500.0,first owner,chennai,52.0,12.9,80000,150.0,Yamaha,6,0.08600000000000001
Hero Karizma ZMR 223cc 2011,2011,48200.0,second owner,delhi,48.0,20.0,21500,223.0,Hero,13,0.08968609865470852
Royal Enfield Thunderbird 350cc 2016,2016,26000.0,first owner,chennai,40.0,19.8,105000,350.0,Royal Enfield,8,0.05657142857142857
Royal Enfield Thunderbird 500cc 2017,2017,22800.0,first owner,bangalore,25.0,27.2,155000,500.0,Royal Enfield,7,0.0544
Harley-Davidson Street 750 2014,2014,11000.0,first owner,jabalpur,20.0,47.0,351000,750.0,Harley-Davidson,10,0.06266666666666666
Royal Enfield Classic 350cc 2015,2015,43000.0,first owner,thrissur,35.0,19.8,115200,350.0,Royal Enfield,9,0.05657142857142857
KTM Duke 200cc 2018,2018,20000.0,first owner,bangalore,35.0,24.6,155000,200.0,KTM,6,0.12300000000000001
Royal Enfield Continental GT 535cc 2014,2014,22000.0,second owner,navi mumbai,26.0,29.1,140000,535.0,Royal Enfield,10,0.05439252336448598
TVS Apache RTR 200 4V ABS Race Edition 2018,2018,40.0,first owner,chennai,40.0,20.23,80000,200.0,TVS,6,0.10115
Bajaj V15 150cc 2018,2018,23000.0,first owner,delhi,57.0,11.8,57000,150.0,Bajaj,6,0.07866666666666668
KTM Duke 200cc 2018,2018,29000.0,first owner,virudhunagar,35.0,24.6,130000,200.0,KTM,6,0.12300000000000001
TVS Radeon 110cc Drum SBT 2018,2018,6000.0,first owner,delhi,40.0,8.2,48000,110.0,TVS,6,0.07454545454545454
Royal Enfield Thunderbird 500cc 2013,2013,12000.0,first owner,delhi,25.0,27.2,90000,500.0,Royal Enfield,11,0.0544
Honda CBR 150R 150cc 2015,2015,38.0,first owner,jaipur,38.0,18.28,88150,150.0,Honda,9,0.12186666666666668
Royal Enfield Thunderbird 500cc 2014,2014,6900.0,first owner,bangalore,25.0,27.2,120000,500.0,Royal Enfield,10,0.0544
Honda CB Shine 125cc 2014,2014,65.0,first owner,jaipur,65.0,10.0,29800,125.0,Honda,10,0.08
Royal Enfield Thunderbird 350cc ABS 2019,2019,4525.0,first owner,delhi,40.0,19.8,148000,350.0,Royal Enfield,5,0.05657142857142857
TVS Apache RTR 160cc 2013,2013,60.0,first owner,faridabad,60.0,15.2,23000,160.0,TVS,11,0.095
Royal Enfield Thunderbird 350cc 2015,2015,22749.0,first owner,faridabad,40.0,19.8,76000,350.0,Royal Enfield,9,0.05657142857142857
KTM RC 125CC 2019,2019,3000.0,first owner,mumbai,40.0,14.5,175000,125.0,KTM,5,0.116
Royal Enfield Thunderbird 350cc 2018,2018,8500.0,first owner,mumbai,40.0,19.8,150000,350.0,Royal Enfield,6,0.05657142857142857
Royal Enfield Thunderbird X 350cc 2018,2018,13000.0,first owner,mumbai,40.0,19.8,170000,350.0,Royal Enfield,6,0.05657142857142857
Royal Enfield Standard 350cc 2008,2008,30.0,first owner,delhi,30.0,18.0,115000,350.0,Royal Enfield,16,0.05142857142857143
Yamaha YZF-R15 150cc 2017,2017,19854.0,first owner,gurgaon,42.0,16.0,63000,150.0,Yamaha,7,0.10666666666666667
TVS Apache RTR 160cc 2016,2016,60.0,first owner,delhi,60.0,15.2,59475,160.0,TVS,8,0.095
Bajaj Avenger Cruise 220 2018,2018,2700.0,first owner,ludhiana,35.0,19.0,71000,220.0,Bajaj,6,0.08636363636363636
Yamaha Fazer 150cc 2013,2013,45.0,first owner,delhi,45.0,13.0,34000,150.0,Yamaha,11,0.08666666666666667
KTM RC 390cc 2016,2016,15500.0,first owner,mumbai,26.0,42.3,155000,390.0,KTM,8,0.10846153846153846
Royal Enfield Classic 350cc 2014,2014,11600.0,first owner,jalandhar,35.0,19.8,105000,350.0,Royal Enfield,10,0.05657142857142857
Bajaj Pulsar 180cc 2018,2018,2055.0,first owner,delhi,65.0,17.0,73000,180.0,Bajaj,6,0.09444444444444444
Bajaj Discover 100M 2012,2012,80.0,first owner,jaipur,80.0,9.1,23800,100.0,Bajaj,12,0.091
TVS Apache RTR 200 4V ABS Race Edition 2018,2018,40.0,second owner,delhi,40.0,20.23,85000,200.0,TVS,6,0.10115
Yamaha FZ 150cc 2014,2014,58.0,second owner,delhi,58.0,13.0,39285,150.0,Yamaha,10,0.08666666666666667
Yamaha FZ25 250cc 2017,2017,13000.0,first owner,delhi,43.0,20.3,85000,250.0,Yamaha,7,0.08120000000000001
Yamaha YZF-R15 150cc 2017,2017,13000.0,first owner,delhi,42.0,16.0,99000,150.0,Yamaha,7,0.10666666666666667
Hero Splendor plus i3s 2018,2018,9000.0,first owner,delhi,81.0,8.2,46000,97.0,Hero,6,0.0845360824742268
Hero HF Deluxe 100cc 2017,2017,19000.0,first owner,delhi,55.0,6.15,36000,100.0,Hero,7,0.061500000000000006
Hero Passion Xpro Disc Self Alloy 2017,2017,13000.0,first owner,delhi,55.0,8.0,45500,109.0,Hero,7,0.07339449541284404
Royal Enfield Classic 350cc 2017,2017,24000.0,first owner,delhi,35.0,19.8,130000,350.0,Royal Enfield,7,0.05657142857142857
Yamaha YZF-R15 150cc 2016,2016,36226.0,first owner,faridabad,42.0,16.0,52000,150.0,Yamaha,8,0.10666666666666667
Bajaj Discover150 150cc 2015,2015,70.0,first owner,jaipur,70.0,13.0,41800,150.0,Bajaj,9,0.08666666666666667
Hero Passion Pro i3S Alloy 100cc 2018,2018,2780.0,first owner,delhi,84.0,8.2,52000,100.0,Hero,6,0.08199999999999999
Bajaj Avenger Street 150 2016,2016,24000.0,first owner,jaipur,50.0,14.3,60000,150.0,Bajaj,8,0.09533333333333334
Bajaj Pulsar 220F 2016,2016,56000.0,first owner,jaipur,38.0,21.0,65000,220.0,Bajaj,8,0.09545454545454546
Honda Dream Yuga 110cc 2017,2017,84.0,first owner,betia,84.0,8.25,35000,110.0,Honda,7,0.075
KTM Duke 200cc 2018,2018,18700.0,first owner,bangalore,35.0,24.6,150000,200.0,KTM,6,0.12300000000000001
KTM Duke 200cc ABS 2018,2018,17500.0,first owner,bangalore,35.0,24.6,160000,200.0,KTM,6,0.12300000000000001
Royal Enfield Standard 350cc 2014,2014,40.0,first owner,chandigarh,40.0,19.8,95000,350.0,Royal Enfield,10,0.05657142857142857
Royal Enfield Classic 350cc 2018,2018,11000.0,first owner,mumbai,35.0,19.8,155000,350.0,Royal Enfield,6,0.05657142857142857
Royal Enfield Classic Gunmetal Grey 350cc 2018,2018,8000.0,first owner,mumbai,35.0,19.8,165000,350.0,Royal Enfield,6,0.05657142857142857
Royal Enfield Classic 350cc 2012,2012,6465.0,first owner,delhi,35.0,19.8,85000,350.0,Royal Enfield,12,0.05657142857142857
Bajaj CT 100 ES Alloy 2019,2019,11434.0,first owner,faridabad,67.0,8.1,35000,100.0,Bajaj,5,0.081
KTM Duke 200cc 2012,2012,26545.0,first owner,delhi,35.0,25.0,63375,200.0,KTM,12,0.125
Bajaj Pulsar 220cc 2015,2015,28435.0,first owner,delhi,38.0,21.0,56550,220.0,Bajaj,9,0.09545454545454546
KTM RC 390cc 2015,2015,7965.0,first owner,delhi,26.0,43.0,156000,390.0,KTM,9,0.11025641025641025
Yamaha YZF-R15 150cc 2015,2015,32542.0,first owner,bangalore,42.0,16.0,72000,150.0,Yamaha,9,0.10666666666666667
Royal Enfield Thunderbird 350cc ABS 2019,2019,12485.0,first owner,bangalore,40.0,19.8,190000,350.0,Royal Enfield,5,0.05657142857142857
Yamaha FZs 150cc 2013,2013,19214.0,first owner,ludhiana,45.0,13.0,60000,150.0,Yamaha,11,0.08666666666666667
Royal Enfield Classic 350cc 2014,2014,65000.0,first owner,hyderabad,35.0,19.8,115000,350.0,Royal Enfield,10,0.05657142857142857
KTM Duke 200cc 2018,2018,18000.0,first owner,bangalore,35.0,24.6,145000,200.0,KTM,6,0.12300000000000001
Royal Enfield Classic 350cc 2016,2016,64000.0,first owner,mumbai,35.0,19.8,110000,350.0,Royal Enfield,8,0.05657142857142857
Bajaj Dominar 400 ABS BS6 2020,2020,28.0,first owner,ghaziabad,28.0,39.42,215000,400.0,Bajaj,4,0.09855
Honda CBR 150R 150cc 2013,2013,29099.0,first owner,pune,38.0,18.28,75000,150.0,Honda,11,0.12186666666666668
Hero Karizma R 223cc 2009,2009,20000.0,first owner,kanpur nagar,40.0,17.0,28000,223.0,Hero,15,0.07623318385650224
Bajaj Pulsar RS200 ABS 2015,2015,35.0,first owner,bangalore,35.0,24.16,100000,200.0,Bajaj,9,0.1208
Bajaj Pulsar 150cc 2018,2018,65.0,first owner,bhilwara,65.0,15.0,65000,150.0,Bajaj,6,0.1
Yamaha YZF-R15 2.0 150cc 2014,2014,48000.0,first owner,guwahati,42.0,16.7,63300,150.0,Yamaha,10,0.11133333333333333
Yamaha FZ S V 2.0 150cc 2015,2015,58.0,first owner,bangalore,58.0,13.0,60000,150.0,Yamaha,9,0.08666666666666667
Yamaha YZF-R15 V3 150cc 2018,2018,24100.0,second owner,vaijapur,40.0,18.7,115000,150.0,Yamaha,6,0.12466666666666666
Yamaha FZs 150cc 2013,2013,40000.0,first owner,bangalore,45.0,13.0,44000,150.0,Yamaha,11,0.08666666666666667
Bajaj Pulsar 150cc 2011,2011,65.0,first owner,bhiwadi,65.0,14.85,27499,150.0,Bajaj,13,0.09899999999999999
Royal Enfield Standard 500cc 2015,2015,33033.0,first owner,bangalore,37.0,26.1,115000,500.0,Royal Enfield,9,0.0522
Bajaj Pulsar 180cc 2017,2017,30000.0,first owner,ahmedabad,65.0,17.0,58000,180.0,Bajaj,7,0.09444444444444444
Bajaj Dominar 400 ABS 2017,2017,28.0,first owner,chennai,28.0,34.5,120000,400.0,Bajaj,7,0.08625
UM Renegade Sport S 2017,2017,16881.0,first owner,panvel,35.0,24.8,90000,279.0,UM,7,0.08888888888888889
Royal Enfield Thunderbird 350cc 2015,2015,23000.0,first owner,bangalore,40.0,19.8,116700,350.0,Royal Enfield,9,0.05657142857142857
KTM Duke 250cc 2018,2018,11000.0,first owner,ambikapur,40.0,29.6,160000,250.0,KTM,6,0.1184
Yamaha FZs 150cc 2011,2011,82898.0,first owner,udaipur,45.0,13.0,30000,150.0,Yamaha,13,0.08666666666666667
Bajaj Pulsar 135LS 2012,2012,45000.0,first owner,haridwar,64.0,13.0,30000,135.0,Bajaj,12,0.0962962962962963
Bajaj Dominar 400 ABS 2019,2019,28.0,first owner,akola,28.0,34.5,199999,400.0,Bajaj,5,0.08625
Bajaj Avenger 220cc 2011,2011,20000.0,first owner,noida,40.0,19.0,32000,220.0,Bajaj,13,0.08636363636363636
Honda CBR 150R 150cc 2015,2015,38.0,first owner,ludhiana,38.0,18.28,72000,150.0,Honda,9,0.12186666666666668
Honda CB Shine 125cc 2015,2015,65.0,first owner,raigarh,65.0,10.0,38000,125.0,Honda,9,0.08
TVS Apache RTR 200 4V ABS 2018,2018,40.0,first owner,bangalore,40.0,20.23,100389,200.0,TVS,6,0.10115
Hero Splendor plus Kick Alloy 100cc 2018,2018,4000.0,first owner,delhi,81.0,8.2,47040,100.0,Hero,6,0.08199999999999999
Hero Hunk 150cc 2014,2014,28755.0,first owner,gurgaon,53.0,14.0,21000,150.0,Hero,10,0.09333333333333334
KTM RC 200cc 2019,2019,10000.0,first owner,delhi,35.0,25.1,168000,200.0,KTM,5,0.1255
Bajaj Discover 125T 2014,2014,21000.0,first owner,delhi,68.0,12.5,28130,125.0,Bajaj,10,0.1
Hero Passion Pro 100cc 2014,2014,19000.0,first owner,ludhiana,5.0,8.2,34000,100.0,Hero,10,0.08199999999999999
Hero Passion Pro 100cc 2009,2009,36183.0,first owner,gurgaon,5.0,8.2,15000,100.0,Hero,15,0.08199999999999999
Bajaj CT 100 ES Alloy 2019,2019,7329.0,first owner,gurgaon,67.0,8.1,37000,100.0,Bajaj,5,0.081
Royal Enfield Thunderbird 350cc 2013,2013,14159.0,first owner,gurgaon,40.0,19.8,61000,350.0,Royal Enfield,11,0.05657142857142857
TVS Apache RTR 160cc 2016,2016,60.0,first owner,delhi,60.0,15.2,62000,160.0,TVS,8,0.095
Bajaj Dominar 400 ABS 2017,2017,28.0,first owner,chandigarh,28.0,34.5,130000,400.0,Bajaj,7,0.08625
Yamaha YZF-R15 2.0 150cc 2012,2012,55000.0,first owner,chinchwad,42.0,16.7,52100,150.0,Yamaha,12,0.11133333333333333
Mahindra Centuro 110cc 2014,2014,40900.0,first owner,patna,60.0,8.5,29999,110.0,Mahindra,10,0.07727272727272727
Suzuki Gixxer 150cc 2016,2016,34000.0,first owner,chennai,63.0,14.0,48000,150.0,Suzuki,8,0.09333333333333334
Royal Enfield Himalayan 410cc 2016,2016,2000.0,first owner,navi mumbai,32.0,24.5,155000,410.0,Royal Enfield,8,0.05975609756097561
Bajaj Dominar 400 ABS 2017,2017,28.0,first owner,kanpur,28.0,34.5,102400,400.0,Bajaj,7,0.08625
Yamaha Fazer 150cc 2015,2015,45.0,first owner,ahmedabad,45.0,13.0,40000,150.0,Yamaha,9,0.08666666666666667
Bajaj Pulsar ABS 220F 2019,2019,6460.0,first owner,hyderabad,38.0,21.0,101700,220.0,Bajaj,5,0.09545454545454546
Honda CD 110 Dream 2017,2017,84.0,first owner,gurgaon,84.0,8.25,23000,110.0,Honda,7,0.075
Bajaj Pulsar 150cc 2014,2014,65.0,second owner,hyderabad,65.0,14.85,50000,150.0,Bajaj,10,0.09899999999999999
Royal Enfield Classic 350cc 2015,2015,18200.0,first owner,ahmedabad,35.0,19.8,130000,350.0,Royal Enfield,9,0.05657142857142857
Bajaj Discover 110cc 2018,2018,6415.0,first owner,bangalore,40.0,8.6,48000,110.0,Bajaj,6,0.07818181818181817
Hyosung GT250R 2015,2015,12500.0,second owner,berhampur,30.0,28.0,170700,250.0,Hyosung,9,0.112
Royal Enfield Thunderbird 500cc 2017,2017,2800.0,first owner,bhubaneshwar,25.0,27.2,181000,500.0,Royal Enfield,7,0.0544
Royal Enfield Classic 500cc 2010,2010,28000.0,third owner,delhi,32.0,27.2,100000,500.0,Royal Enfield,14,0.0544
Hero Karizma R 223cc 2014,2014,38000.0,first owner,hyderabad,40.0,17.0,40000,223.0,Hero,10,0.07623318385650224
Hero Karizma R 223cc 2017,2017,8514.0,second owner,gurgaon,40.0,17.0,58000,223.0,Hero,7,0.07623318385650224
Bajaj Avenger 220cc 2013,2013,30000.0,first owner,lucknow,40.0,19.0,45000,220.0,Bajaj,11,0.08636363636363636
Royal Enfield Thunderbird 350cc 2015,2015,40000.0,first owner,bangalore,40.0,19.8,100000,350.0,Royal Enfield,9,0.05657142857142857
Harley-Davidson Street 750 2014,2014,2400.0,first owner,delhi,20.0,47.0,300000,750.0,Harley-Davidson,10,0.06266666666666666
Suzuki Gixxer 150cc 2019,2019,4463.0,first owner,delhi,63.0,14.0,110000,150.0,Suzuki,5,0.09333333333333334
KTM Duke 390cc 2014,2014,53000.0,first owner,mumbai,25.0,44.0,100000,390.0,KTM,10,0.11282051282051282
KTM Duke 390cc 2015,2015,25000.0,first owner,gurgaon,25.0,44.0,99999,390.0,KTM,9,0.11282051282051282
Honda CB Trigger 150cc 2014,2014,52000.0,first owner,gurgaon,60.0,14.0,35000,150.0,Honda,10,0.09333333333333334
Benelli TNT 25 250cc 2018,2018,14000.0,first owner,chennai,25.0,28.16,170000,250.0,Benelli,6,0.11264
Royal Enfield Classic 350cc Signals Edition 2018,2018,9000.0,first owner,mumbai,35.0,19.8,175000,350.0,Royal Enfield,6,0.05657142857142857
Honda CB Twister 110cc 2011,2011,71.0,first owner,ajmer,71.0,9.0,19000,110.0,Honda,13,0.08181818181818182
Yamaha Fazer25 250cc 2018,2018,22000.0,first owner,delhi,43.0,20.3,80000,250.0,Yamaha,6,0.08120000000000001
KTM RC 390cc 2016,2016,13500.0,first owner,pune,26.0,42.3,175000,390.0,KTM,8,0.10846153846153846
Yamaha FZs 150cc 2018,2018,9900.0,first owner,mumbai,45.0,13.0,70000,150.0,Yamaha,6,0.08666666666666667
Bajaj Pulsar RS200 ABS 2019,2019,35.0,first owner,vadodara,35.0,24.5,128000,200.0,Bajaj,5,0.1225
Yamaha FZ V 2.0 150cc 2018,2018,58.0,first owner,hyderabad,58.0,13.0,73322,150.0,Yamaha,6,0.08666666666666667
Bajaj Pulsar NS200 ABS FI BS6 2020,2020,3200.0,first owner,bangalore,40.0,23.2,147000,200.0,Bajaj,4,0.11599999999999999
KTM RC 200cc 2019,2019,4500.0,first owner,delhi,35.0,25.1,170000,200.0,KTM,5,0.1255
Bajaj Pulsar 220F 2016,2016,39067.0,first owner,bangalore,38.0,21.0,66000,220.0,Bajaj,8,0.09545454545454546
Bajaj Avenger 220cc 2012,2012,39000.0,first owner,mumbai,40.0,19.0,30000,220.0,Bajaj,12,0.08636363636363636
Bajaj Pulsar 150cc 2017,2017,65.0,first owner,ahmedabad,65.0,15.0,59500,150.0,Bajaj,7,0.1
Bajaj Pulsar 150cc 2016,2016,65.0,first owner,delhi,65.0,15.0,48800,150.0,Bajaj,8,0.1
Royal Enfield Thunderbird 350cc 2015,2015,15000.0,first owner,anand,40.0,19.8,125000,350.0,Royal Enfield,9,0.05657142857142857
Hero HF Deluxe i3s 100cc 2019,2019,1300.0,first owner,pendra,55.0,8.2,53000,100.0,Hero,5,0.08199999999999999
Suzuki Gixxer SF 150cc ABS 2019,2019,4000.0,first owner,mumbai,40.0,14.6,100000,150.0,Suzuki,5,0.09733333333333333
Royal Enfield Thunderbird 350cc 2014,2014,23000.0,first owner,mumbai,40.0,19.8,80000,350.0,Royal Enfield,10,0.05657142857142857
Royal Enfield Thunderbird 500cc 2014,2014,7483.0,first owner,mumbai,25.0,27.2,107000,500.0,Royal Enfield,10,0.0544
Royal Enfield Thunderbird 500cc 2014,2014,26000.0,first owner,mumbai,25.0,27.2,95000,500.0,Royal Enfield,10,0.0544
Royal Enfield Classic 350cc 2015,2015,19700.0,first owner,mumbai,35.0,19.8,95000,350.0,Royal Enfield,9,0.05657142857142857
UM Renegade Sport S 2019,2019,5000.0,first owner,delhi,35.0,24.8,90000,279.0,UM,5,0.08888888888888889
Bajaj Avenger Street 150 2016,2016,9430.0,first owner,faridabad,50.0,14.3,43000,150.0,Bajaj,8,0.09533333333333334
Yamaha FZ S V 2.0 150cc 2018,2018,58.0,first owner,jaipur,58.0,13.0,78000,150.0,Yamaha,6,0.08666666666666667
Yamaha YZF-R15 V3 150cc 2018,2018,12000.0,first owner,chennai,40.0,18.7,115000,150.0,Yamaha,6,0.12466666666666666
Yamaha FZ V 2.0 150cc 2015,2015,58.0,first owner,jaipur,58.0,13.0,55000,150.0,Yamaha,9,0.08666666666666667
Bajaj Pulsar NS200 2015,2015,31957.0,fourth owner or more,jaipur,40.0,24.2,63000,200.0,Bajaj,9,0.121
TVS Apache RTR 160 4V Carburetor With Rear Disc 2019,2019,36000.0,first owner,jaipur,40.0,16.1,79999,160.0,TVS,5,0.100625
Royal Enfield Classic 500cc 2015,2015,30000.0,first owner,pune,32.0,27.2,129800,500.0,Royal Enfield,9,0.0544
Hero Splendor Plus Kick Alloy 100cc IBS 2020,2020,7000.0,first owner,ghaziabad,81.0,8.2,74000,100.0,Hero,4,0.08199999999999999
Harley-Davidson Street 750 ABS 2017,2017,21913.0,first owner,bangalore,20.0,47.0,450000,750.0,Harley-Davidson,7,0.06266666666666666
Bajaj Pulsar RS200 2019,2019,35.0,first owner,ghaziabad,35.0,24.5,95000,200.0,Bajaj,5,0.1225
Royal Enfield Bullet Electra Twinspark 350cc 2015,2015,10517.0,first owner,jammu,35.0,19.8,95000,350.0,Royal Enfield,9,0.05657142857142857
Royal Enfield Standard 500cc 2016,2016,12000.0,first owner,bangalore,25.0,26.1,90000,500.0,Royal Enfield,8,0.0522
KTM Duke 125cc 2019,2019,8000.0,first owner,noida,40.0,14.3,111300,125.0,KTM,5,0.1144
Suzuki Gixxer 150cc ABS 2018,2018,6400.0,first owner,mumbai,63.0,14.0,89999,150.0,Suzuki,6,0.09333333333333334
Bajaj Pulsar NS160 2018,2018,11329.0,first owner,mumbai,40.0,15.5,76500,160.0,Bajaj,6,0.096875
Royal Enfield Bullet Electra 350cc 2013,2013,49000.0,first owner,indore,40.0,19.8,89600,350.0,Royal Enfield,11,0.05657142857142857
Bajaj Discover 125M 2014,2014,20000.0,first owner,ahmedabad,65.0,12.5,27000,125.0,Bajaj,10,0.1
Honda CB Shine 125cc 2013,2013,65.0,first owner,hyderabad,65.0,10.0,37000,125.0,Honda,11,0.08
Bajaj Pulsar 150cc 2010,2010,65.0,fourth owner or more,bangalore,65.0,14.85,20000,150.0,Bajaj,14,0.09899999999999999
Hero Super Splendor 125cc 2005,2005,29305.0,first owner,ahmedabad,75.0,9.0,20000,125.0,Hero,19,0.072
Yamaha SZ RR V 2.0 150cc 2016,2016,27900.0,first owner,faridabad,55.0,12.0,38700,150.0,Yamaha,8,0.08
Yamaha YZF-R15 150cc 2015,2015,18900.0,first owner,bangalore,42.0,16.0,85000,150.0,Yamaha,9,0.10666666666666667
Bajaj Platina 100cc 2009,2009,104.0,first owner,delhi,104.0,8.2,20000,100.0,Bajaj,15,0.08199999999999999
Royal Enfield Himalayan 410cc 2018,2018,8100.0,first owner,mumbai,32.0,24.5,190000,410.0,Royal Enfield,6,0.05975609756097561
Royal Enfield Classic Squadron Blue 500cc 2017,2017,25000.0,first owner,delhi,25.0,27.2,140000,500.0,Royal Enfield,7,0.0544
Bajaj Pulsar 150cc 2017,2017,65.0,first owner,kolkata,65.0,15.0,58000,150.0,Bajaj,7,0.1
Yamaha YZF-R15 2.0 150cc 2011,2011,33000.0,first owner,lucknow,42.0,16.7,46000,150.0,Yamaha,13,0.11133333333333333
Royal Enfield Machismo 350cc 2004,2004,32000.0,first owner,bhatinda,30.0,18.0,45000,350.0,Royal Enfield,20,0.05142857142857143
Royal Enfield Himalayan 410cc 2016,2016,15064.0,first owner,gurgaon,32.0,24.5,119000,410.0,Royal Enfield,8,0.05975609756097561
Hero Splendor Plus Self Alloy 100cc IBS 2019,2019,14028.0,first owner,delhi,55.0,8.2,41347,100.0,Hero,5,0.08199999999999999
Royal Enfield Classic Desert Storm 500cc 2015,2015,8000.0,first owner,delhi,32.0,27.2,118000,500.0,Royal Enfield,9,0.0544
Bajaj Avenger Street 150 2015,2015,21000.0,first owner,navi mumbai,50.0,14.3,48000,150.0,Bajaj,9,0.09533333333333334
TVS Apache RTR 160cc 2013,2013,60.0,first owner,hyderabad,60.0,15.2,37500,160.0,TVS,11,0.095
Hero Splendor Plus Self Alloy 100cc 2019,2019,3121.0,first owner,delhi,55.0,8.2,48000,100.0,Hero,5,0.08199999999999999
TVS Apache RTR 200 4V FI Race Edition 2.0 2018,2018,40.0,first owner,kolkata,40.0,20.7,80000,200.0,TVS,6,0.1035
Hero Splendor Plus Self Alloy 100cc 2019,2019,2800.0,first owner,palakkad,55.0,8.2,51300,100.0,Hero,5,0.08199999999999999
Honda CBR 250R ABS 2017,2017,38.0,first owner,wardha,38.0,26.15,145000,250.0,Honda,7,0.1046
Royal Enfield Bullet Electra Twinspark 350cc 2015,2015,13000.0,first owner,bangalore,35.0,19.8,92700,350.0,Royal Enfield,9,0.05657142857142857
KTM Duke 200cc 2017,2017,21000.0,first owner,gurgaon,35.0,24.6,105000,200.0,KTM,7,0.12300000000000001
Royal Enfield Thunderbird X 350cc 2018,2018,20603.0,first owner,jaipur,40.0,19.8,140000,350.0,Royal Enfield,6,0.05657142857142857
KTM Duke 390cc 2019,2019,1850.0,first owner,mumbai,25.0,42.9,256000,390.0,KTM,5,0.11
KTM Duke 250cc 2017,2017,17500.0,second owner,gandhidham,40.0,29.6,130000,250.0,KTM,7,0.1184
Royal Enfield Standard 350cc 2018,2018,37.0,first owner,chandigarh,37.0,19.8,130000,350.0,Royal Enfield,6,0.05657142857142857
UM Renegade Commando 2018,2018,4500.0,first owner,gwalior,35.0,24.8,165000,279.0,UM,6,0.08888888888888889
TVS Apache RTR 200 4V Carburetor 2018,2018,40.0,first owner,bahadurgarh,40.0,20.7,63000,200.0,TVS,6,0.1035
Honda Livo 110cc 2016,2016,55.0,first owner,ludhiana,55.0,8.25,40000,110.0,Honda,8,0.075
TVS Apache RTR 160 4V FI ABS 2020,2020,308.0,first owner,faridabad,40.0,16.1,90000,160.0,TVS,4,0.100625
Bajaj Pulsar 150cc 2005,2005,65.0,first owner,ambala,65.0,14.85,15000,150.0,Bajaj,19,0.09899999999999999
Hero Glamour 125cc 2007,2007,75000.0,first owner,bangalore,55.0,8.9,20999,125.0,Hero,17,0.0712
Honda CB Unicorn Dazzler 150cc 2010,2010,60.0,first owner,vasai,60.0,14.0,16900,150.0,Honda,14,0.09333333333333334
Bajaj Avenger 220cc 2011,2011,45000.0,second owner,mumbai,40.0,19.0,28000,220.0,Bajaj,13,0.08636363636363636
Bajaj Pulsar NS160 Rear Disc ABS 2019,2019,500.0,first owner,delhi,40.0,15.5,100000,160.0,Bajaj,5,0.096875
Yamaha FZ S V 2.0 150cc 2017,2017,58.0,first owner,pune,58.0,13.0,80000,150.0,Yamaha,7,0.08666666666666667
Royal Enfield Thunderbird 350cc 2014,2014,30000.0,first owner,gurgaon,40.0,19.8,75000,350.0,Royal Enfield,10,0.05657142857142857
Royal Enfield Thunderbird 350cc 2010,2010,18000.0,first owner,gurgaon,35.0,19.8,63499,350.0,Royal Enfield,14,0.05657142857142857
Royal Enfield Thunderbird 500cc 2017,2017,15400.0,first owner,chennai,25.0,27.2,110000,500.0,Royal Enfield,7,0.0544
Benelli TNT 899 2018,2018,4500.0,first owner,delhi,17.0,119.37,700000,899.0,Benelli,6,0.1327808676307008
Bajaj Pulsar 200cc 2008,2008,40.0,first owner,jaipur,40.0,16.78,20000,200.0,Bajaj,16,0.0839
Bajaj Dominar 400 2019,2019,28.0,first owner,patna,28.0,34.5,145000,400.0,Bajaj,5,0.08625
Bajaj Avenger 220cc 2015,2015,7606.0,first owner,bhiwani,40.0,19.0,47500,220.0,Bajaj,9,0.08636363636363636
Bajaj Avenger 220cc 2015,2015,40000.0,first owner,mumbai,40.0,19.0,38000,220.0,Bajaj,9,0.08636363636363636
Hero Ignitor Disc 125cc 2013,2013,25757.0,first owner,mysore,55.0,11.0,27500,125.0,Hero,11,0.088
Bajaj Pulsar NS 200 2014,2014,29324.0,first owner,faridabad,40.0,24.2,41000,200.0,Bajaj,10,0.121
KTM Duke 250cc ABS 2019,2019,7976.0,first owner,faridabad,40.0,29.6,170000,250.0,KTM,5,0.1184
Bajaj Pulsar AS150 2015,2015,25000.0,first owner,delhi,53.0,16.8,48000,150.0,Bajaj,9,0.112
Royal Enfield Himalayan 410cc 2017,2017,15700.0,first owner,lucknow,32.0,24.5,123700,410.0,Royal Enfield,7,0.05975609756097561
Bajaj Dominar 400 2019,2019,28.0,first owner,lucknow,28.0,34.5,170000,400.0,Bajaj,5,0.08625
TVS Apache RTR 200 4V FI 2017,2017,40.0,first owner,lucknow,40.0,20.7,82200,200.0,TVS,7,0.1035
Royal Enfield Bullet Electra 350cc 2018,2018,10000.0,first owner,hyderabad,40.0,19.8,140000,350.0,Royal Enfield,6,0.05657142857142857
Kawasaki Ninja 300cc 2015,2015,9400.0,first owner,thane,25.0,39.0,250000,300.0,Kawasaki,9,0.13
KTM RC 200cc 2015,2015,6200.0,first owner,ludhiana,35.0,25.0,141600,200.0,KTM,9,0.125
Royal Enfield Classic 350cc 2015,2015,31254.0,first owner,faridabad,35.0,19.8,73000,350.0,Royal Enfield,9,0.05657142857142857
Royal Enfield Classic 350cc 2015,2015,17900.0,first owner,delhi,35.0,19.8,90000,350.0,Royal Enfield,9,0.05657142857142857
Harley-Davidson Street Rod 2018,2018,1800.0,first owner,amritsar,25.0,70.0,515000,749.0,Harley-Davidson,6,0.09345794392523364
Ducati XDiavel 1262CC S 2017,2017,7000.0,first owner,alibag,19.0,153.8,1500000,1262.0,Ducati,7,0.12187004754358162
Yamaha Fazer 150cc 2011,2011,45.0,first owner,surat,45.0,13.0,20001,150.0,Yamaha,13,0.08666666666666667
Bajaj Pulsar RS200 2016,2016,35.0,first owner,chandigarh,35.0,24.5,85000,200.0,Bajaj,8,0.1225
Royal Enfield Bullet 350cc 2016,2016,7000.0,first owner,lucknow,37.0,19.8,120000,350.0,Royal Enfield,8,0.05657142857142857
Bajaj Pulsar NS160 2018,2018,7200.0,first owner,delhi,40.0,15.5,65000,160.0,Bajaj,6,0.096875
Jawa Forty Two 295CC 2019,2019,5400.0,first owner,bangalore,40.0,27.0,168000,295.0,Jawa,5,0.09152542372881356
Honda CB Shine 125cc 2013,2013,65.0,fourth owner or more,mumbai,65.0,10.0,37000,125.0,Honda,11,0.08
Hero Karizma ZMR 223cc 2010,2010,28700.0,first owner,ambala,48.0,20.0,30000,223.0,Hero,14,0.08968609865470852
KTM Duke 200cc 2017,2017,15000.0,first owner,dahod,35.0,24.6,117700,200.0,KTM,7,0.12300000000000001
Triumph Tiger 800 XR 2016,2016,27000.0,first owner,mumbai,40.0,94.0,950000,800.0,Triumph,8,0.1175
Harley-Davidson Superlow 2013,2013,17000.0,first owner,bangalore,20.0,50.0,385000,883.0,Harley-Davidson,11,0.056625141562853906
KTM Duke 250cc 2017,2017,18000.0,first owner,pune,40.0,29.6,158097,250.0,KTM,7,0.1184
Royal Enfield Classic 350cc 2017,2017,10300.0,first owner,pune,35.0,19.8,125000,350.0,Royal Enfield,7,0.05657142857142857
Royal Enfield Electra 350cc 2017,2017,27000.0,first owner,pune,25.0,19.8,125000,350.0,Royal Enfield,7,0.05657142857142857
Yamaha Fazer 150cc 2010,2010,45.0,first owner,ahmedabad,45.0,13.0,23000,150.0,Yamaha,14,0.08666666666666667
Royal Enfield Classic Gunmetal Grey 350cc ABS 2019,2019,1800.0,first owner,bardhaman,35.0,19.8,150000,350.0,Royal Enfield,5,0.05657142857142857
Royal Enfield Thunderbird 350cc 2013,2013,9100.0,first owner,bangalore,40.0,19.8,115000,350.0,Royal Enfield,11,0.05657142857142857
Honda CD 110 Dream 2015,2015,84.0,first owner,patna,84.0,8.25,35000,110.0,Honda,9,0.075
Yamaha YZF-R15 V3 150cc 2018,2018,16000.0,first owner,bangalore,40.0,18.7,115600,150.0,Yamaha,6,0.12466666666666666
Harley-Davidson Street 750 ABS 2017,2017,22000.0,first owner,thane,20.0,47.0,386000,750.0,Harley-Davidson,7,0.06266666666666666
KTM Duke 390cc 2017,2017,25000.0,second owner,mumbai,25.0,42.9,160000,390.0,KTM,7,0.11
Suzuki Intruder 150cc FI 2018,2018,16000.0,first owner,gurgaon,40.0,14.6,78999,150.0,Suzuki,6,0.09733333333333333
Yamaha FZ V 2.0 150cc 2013,2013,58.0,first owner,mumbai,58.0,13.0,26000,150.0,Yamaha,11,0.08666666666666667
Suzuki Gixxer 150cc 2016,2016,19000.0,first owner,chennai,63.0,14.0,51000,150.0,Suzuki,8,0.09333333333333334
Suzuki Gixxer SF 150cc 2016,2016,18000.0,second owner,chennai,40.0,14.6,45602,150.0,Suzuki,8,0.09733333333333333
TVS Apache RR310 2018,2018,15000.0,first owner,noida,22.0,33.0,160000,310.0,TVS,6,0.1064516129032258
Bajaj V15 150cc 2017,2017,32400.0,first owner,kolkata,57.0,11.8,46500,150.0,Bajaj,7,0.07866666666666668
Hyosung GT250R 2016,2016,21000.0,first owner,thane,30.0,28.0,185000,250.0,Hyosung,8,0.112
Yamaha Fazer 150cc 2014,2014,45.0,first owner,chennai,45.0,13.0,33000,150.0,Yamaha,10,0.08666666666666667
Harley-Davidson Forty Eight 2017,2017,8500.0,second owner,lucknow,20.0,60.0,700000,1202.0,Harley-Davidson,7,0.04991680532445923
Hero CBZ Xtreme 150cc 2011,2011,40300.0,second owner,vadodara,65.0,14.4,19000,150.0,Hero,13,0.096
Bajaj Avenger Street 220 2016,2016,58000.0,first owner,jaipur,53.0,19.0,42000,220.0,Bajaj,8,0.08636363636363636
Bajaj Pulsar 180cc 2010,2010,44000.0,first owner,noida,65.0,15.0,25000,180.0,Bajaj,14,0.08333333333333333
Honda CB Trigger 150cc 2014,2014,24000.0,second owner,24 pargana,60.0,14.0,36000,150.0,Honda,10,0.09333333333333334
BMW G 310 R 2019,2019,12872.0,first owner,pune,40.0,33.0,270000,310.0,BMW,5,0.1064516129032258
Kawasaki Z650 2020,2020,9700.0,first owner,mumbai,30.0,67.2,600000,650.0,Kawasaki,4,0.1033846153846154
Kawasaki Z650 2018,2018,9000.0,first owner,mumbai,30.0,67.2,520000,650.0,Kawasaki,6,0.1033846153846154
Yamaha FZ 150cc 2009,2009,58.0,first owner,kolkata,58.0,13.0,27000,150.0,Yamaha,15,0.08666666666666667
Hero Passion Pro 100cc 2015,2015,11800.0,first owner,ahmedabad,84.0,8.2,33500,100.0,Hero,9,0.08199999999999999
Hero Karizma ZMR 223cc 2013,2013,50000.0,first owner,delhi,48.0,20.0,33000,223.0,Hero,11,0.08968609865470852
Royal Enfield Bullet Twinspark 350cc 2017,2017,37.0,first owner,jalandhar,37.0,19.8,105000,350.0,Royal Enfield,7,0.05657142857142857
Bajaj Pulsar 180cc 2010,2010,60000.0,first owner,hyderabad,65.0,15.0,34000,180.0,Bajaj,14,0.08333333333333333
Hero Passion Pro 100cc 2011,2011,34000.0,first owner,gurgaon,5.0,8.2,22000,100.0,Hero,13,0.08199999999999999
Hero Splendor+ 100cc 2014,2013,25000.0,first owner,bahadurpur,81.0,8.2,20000,100.0,Hero,11,0.08199999999999999
Royal Enfield Standard 350cc 2012,2012,37.0,second owner,sri ganganagar,37.0,19.8,81300,350.0,Royal Enfield,12,0.05657142857142857
KTM RC 390cc 2015,2015,23470.0,third owner,pune,26.0,43.0,95000,390.0,KTM,9,0.11025641025641025
KTM RC 390cc 2017,2017,1900.0,first owner,delhi,26.0,42.3,23000,390.0,KTM,7,0.10846153846153846
Royal Enfield Thunderbird 350cc 2015,2015,30000.0,second owner,thane,40.0,19.8,75000,350.0,Royal Enfield,9,0.05657142857142857
KTM Duke 390cc 2017,2017,350.0,first owner,mumbai,25.0,42.9,235000,390.0,KTM,7,0.11
Bajaj V15 150cc 2016,2016,9581.0,first owner,delhi,57.0,11.8,30000,150.0,Bajaj,8,0.07866666666666668
Bajaj V15 150cc 2017,2017,27836.0,first owner,delhi,57.0,11.8,33000,150.0,Bajaj,7,0.07866666666666668
Harley-Davidson Street 750 2014,2014,12000.0,first owner,delhi,20.0,47.0,340000,750.0,Harley-Davidson,10,0.06266666666666666
Royal Enfield Classic 350cc 2016,2016,12000.0,first owner,chennai,35.0,19.8,120000,350.0,Royal Enfield,8,0.05657142857142857
Royal Enfield Classic 350cc 2016,2016,14640.0,first owner,ludhiana,35.0,19.8,117000,350.0,Royal Enfield,8,0.05657142857142857
Mahindra Mojo 300cc 2016,2016,10673.0,second owner,mumbai,25.0,26.45,101000,300.0,Mahindra,8,0.08816666666666667
Hero Splendor plus 100cc 2017,2017,10000.0,first owner,delhi,81.0,8.2,38000,100.0,Hero,7,0.08199999999999999
Hero Splendor Plus Kick Alloy 100cc 2017,2017,22000.0,first owner,delhi,81.0,8.2,43500,100.0,Hero,7,0.08199999999999999
Harley-Davidson Superlow 2014,2014,18000.0,second owner,pune,20.0,50.0,475000,883.0,Harley-Davidson,10,0.056625141562853906
Bajaj Avenger Street 220 2016,2016,34000.0,first owner,delhi,53.0,19.0,58000,220.0,Bajaj,8,0.08636363636363636
Bajaj Pulsar RS200 2016,2016,35.0,first owner,hyderabad,35.0,24.5,88000,200.0,Bajaj,8,0.1225
Bajaj Pulsar NS200 ABS 2019,2019,42.0,first owner,mumbai,42.0,23.2,105000,200.0,Bajaj,5,0.11599999999999999
UM Renegade Commando 2017,2017,8400.0,first owner,dehradun,35.0,24.8,120000,279.0,UM,7,0.08888888888888889
Yamaha FZS FI 150cc Rear Disc 2018,2018,13000.0,first owner,surat,52.0,12.9,75000,150.0,Yamaha,6,0.08600000000000001
Honda CB Unicorn 150cc 2011,2011,60.0,first owner,gurgaon,60.0,14.0,21000,150.0,Honda,13,0.09333333333333334
Royal Enfield Thunderbird 350cc 2009,2009,54000.0,first owner,faridabad,35.0,19.8,35000,350.0,Royal Enfield,15,0.05657142857142857
KTM RC 200cc 2015,2015,10500.0,first owner,mumbai,35.0,25.0,120000,200.0,KTM,9,0.125
Yamaha YZF-R15 150cc 2014,2014,3500.0,first owner,katni,42.0,16.0,82000,150.0,Yamaha,10,0.10666666666666667
Royal Enfield Classic Chrome 500cc 2011,2011,9500.0,first owner,bangalore,32.0,27.2,100000,500.0,Royal Enfield,13,0.0544
Hero Splendor NXG 100cc 2011,2011,50000.0,first owner,katni,65.0,7.0,19500,100.0,Hero,13,0.07
Hero Passion Pro i3S Disc 100cc 2017,2017,20050.0,first owner,delhi,84.0,8.2,41000,100.0,Hero,7,0.08199999999999999
Honda CBR 250R 2011,2011,99762.0,second owner,mumbai,29.0,26.15,48000,250.0,Honda,13,0.1046
Hero Xtreme 200R 2019,2019,1112.0,first owner,faridabad,39.4,18.1,66000,200.0,Hero,5,0.09050000000000001
Yamaha YZF-R3 320cc 2015,2015,36000.0,first owner,port blair,22.0,41.4,220000,320.0,Yamaha,9,0.129375
Hero Xtreme 150cc 2016,2016,6000.0,first owner,chandigarh,50.0,14.2,52000,150.0,Hero,8,0.09466666666666666
Yamaha YZF-R15 S 150cc 2016,2016,26000.0,first owner,hyderabad,42.0,16.0,70700,150.0,Yamaha,8,0.10666666666666667
Bajaj Pulsar RS200 ABS 2015,2015,35.0,first owner,thane,35.0,24.16,69000,200.0,Bajaj,9,0.1208
Bajaj Dominar 400 ABS 2016,2016,28.0,first owner,mumbai,28.0,34.5,95000,400.0,Bajaj,8,0.08625
Hero CBZ Xtreme 150cc 2009,2009,45000.0,first owner,ahmedabad,65.0,14.4,12000,150.0,Hero,15,0.096
Bajaj Pulsar 150cc 2010,2010,65.0,first owner,ahmedabad,65.0,14.85,12000,150.0,Bajaj,14,0.09899999999999999
Bajaj Discover 125cc 2006,2006,74404.0,first owner,delhi,65.0,12.5,17000,125.0,Bajaj,18,0.1
Hero Splendor Pro 100cc 2011,2011,19808.0,first owner,faridabad,81.0,8.2,19000,100.0,Hero,13,0.08199999999999999
Bajaj Platina 125cc 2009,2009,82.0,second owner,chennai,82.0,8.5,14000,125.0,Bajaj,15,0.068
Honda CB Hornet 160R CBS 2016,2016,52.0,first owner,hyderabad,52.0,15.44,70000,160.0,Honda,8,0.0965
Honda CB Hornet 160R CBS 2017,2017,52.0,first owner,hyderabad,52.0,15.44,70000,160.0,Honda,7,0.0965
Hero Karizma R 223cc 2015,2015,27176.0,second owner,hyderabad,40.0,17.0,32000,223.0,Hero,9,0.07623318385650224
Hero Xtreme 150cc 2013,2013,42500.0,first owner,lucknow,50.0,14.2,35000,150.0,Hero,11,0.09466666666666666
Ducati Panigale 959 2019,2019,1300.0,first owner,delhi,17.0,154.85,1475000,959.0,Ducati,5,0.16147028154327422
Honda CBF Stunner 125cc 2009,2009,65.0,second owner,agra,65.0,11.0,25000,125.0,Honda,15,0.088
Yamaha YZF-R15 150cc 2013,2013,18166.0,first owner,delhi,42.0,16.0,44000,150.0,Yamaha,11,0.10666666666666667
Hero Passion Xpro 110cc 2016,2016,5000.0,first owner,delhi,55.0,6.72,48015,110.0,Hero,8,0.06109090909090909
Hero Xtreme Sports 150cc 2016,2016,28200.0,first owner,hajipur,55.0,15.6,45000,150.0,Hero,8,0.104
Royal Enfield Classic Desert Storm 500cc 2015,2015,12233.0,first owner,bangalore,32.0,27.2,95000,500.0,Royal Enfield,9,0.0544
Honda CB Unicorn 160 STD 2015,2015,52.0,first owner,bangalore,52.0,13.82,55000,160.0,Honda,9,0.08637500000000001
Royal Enfield Thunderbird 350cc 2015,2015,10000.0,first owner,kolkata,40.0,19.8,106000,350.0,Royal Enfield,9,0.05657142857142857
Bajaj Pulsar 150cc 2014,2014,65.0,first owner,hyderabad,65.0,14.85,52000,150.0,Bajaj,10,0.09899999999999999
Bajaj Pulsar RS200 ABS 2018,2018,35.0,first owner,hyderabad,35.0,24.5,110000,200.0,Bajaj,6,0.1225
Hero Splendor Plus i3s 2019,2019,6500.0,first owner,nashik,81.0,8.2,75000,97.0,Hero,5,0.0845360824742268
Yamaha FZs 150cc 2011,2011,13580.0,first owner,delhi,45.0,13.0,23000,150.0,Yamaha,13,0.08666666666666667
Honda CB Unicorn 150cc 2013,2013,60.0,first owner,pune,60.0,14.0,55000,150.0,Honda,11,0.09333333333333334
Yamaha FZs 150cc 2014,2014,65000.0,first owner,nadiad,45.0,13.0,31200,150.0,Yamaha,10,0.08666666666666667
Yamaha FZ16 150cc 2009,2009,58.0,fourth owner or more,kochi,58.0,13.0,17000,150.0,Yamaha,15,0.08666666666666667
Bajaj Dominar 400 ABS BS6 2020,2020,28.0,first owner,pune,28.0,39.42,200000,400.0,Bajaj,4,0.09855
TVS Sport KS Spoke 2018,2018,8000.0,first owner,delhi,95.0,7.4,30000,109.0,TVS,6,0.06788990825688074
Hero Super Splendor 125cc 2015,2015,12580.0,first owner,delhi,75.0,9.0,27000,125.0,Hero,9,0.072
Honda CB Hornet 160R CBS 2017,2017,52.0,first owner,bangalore,52.0,15.44,60400,160.0,Honda,7,0.0965
Bajaj Platina 110 CBS 2019,2019,14268.0,first owner,faridabad,40.0,8.6,39500,110.0,Bajaj,5,0.07818181818181817
Bajaj Pulsar NS200 2013,2013,35.0,second owner,patna,35.0,23.19,49600,200.0,Bajaj,11,0.11595000000000001
Bajaj Discover 100cc 2014,2014,80.0,first owner,puttur,80.0,7.7,17500,100.0,Bajaj,10,0.077
Benelli TNT 300 2015,2015,21000.0,first owner,kolkata,25.0,37.73,210000,300.0,Benelli,9,0.12576666666666667
Bajaj Discover 100T 2013,2013,35000.0,first owner,siwan,56.0,8.51,23000,100.0,Bajaj,11,0.0851
Yamaha YZF-R15 150cc 2013,2013,69500.0,first owner,bangalore,42.0,16.0,70000,150.0,Yamaha,11,0.10666666666666667
Bajaj CT 100 100cc 2018,2018,20334.0,first owner,gurgaon,89.0,8.1,35000,100.0,Bajaj,6,0.081
Bajaj CT 100 100cc 2018,2018,16500.0,first owner,gurgaon,89.0,8.1,35000,100.0,Bajaj,6,0.081
Bajaj Platina 100cc 2019,2019,104.0,first owner,delhi,104.0,8.1,45000,100.0,Bajaj,5,0.081
Bajaj CT 100 ES Alloy 2019,2019,9000.0,first owner,gurgaon,67.0,8.1,38000,100.0,Bajaj,5,0.081
Bajaj Avenger Cruise 220 2017,2017,12000.0,first owner,gurgaon,35.0,19.0,70000,220.0,Bajaj,7,0.08636363636363636
Hero Super Splendor 125cc 2014,2014,25000.0,first owner,delhi,75.0,9.0,35000,125.0,Hero,10,0.072
Bajaj CT 100 100cc 2018,2018,23221.0,first owner,gurgaon,89.0,8.1,35000,100.0,Bajaj,6,0.081
Bajaj CT 100 100cc 2018,2018,14949.0,first owner,gurgaon,89.0,8.1,35000,100.0,Bajaj,6,0.081
Bajaj CT 100 ES Alloy 2018,2018,24233.0,first owner,gurgaon,67.0,8.1,30000,100.0,Bajaj,6,0.081
Bajaj Platina 100cc 2016,2016,104.0,first owner,gurgaon,104.0,8.1,32000,100.0,Bajaj,8,0.081
Royal Enfield Interceptor Custom 2019,2019,10000.0,first owner,hyderabad,40.0,47.0,260000,650.0,Royal Enfield,5,0.07230769230769231
Royal Enfield Bullet 500cc 2018,2018,6850.0,first owner,rohtak,25.0,26.1,135000,500.0,Royal Enfield,6,0.0522
Royal Enfield Classic 350cc 2016,2016,32000.0,first owner,kurukshetra,35.0,19.8,102300,350.0,Royal Enfield,8,0.05657142857142857
Mahindra Centuro 110cc 2016,2016,8500.0,first owner,kolkata,60.0,8.4,35000,110.0,Mahindra,8,0.07636363636363637
Hero HF Deluxe Eco 100cc 2019,2019,4544.0,first owner,faridabad,65.0,8.1,41000,100.0,Hero,5,0.081
Honda Livo 110cc 2019,2019,8000.0,first owner,indore,40.0,8.25,52600,110.0,Honda,5,0.075
TVS Victor 110cc 2017,2017,74.0,first owner,indore,74.0,9.4,40000,110.0,TVS,7,0.08545454545454546
KTM Duke 200cc 2016,2016,13000.0,first owner,chinsurah,35.0,24.6,75000,200.0,KTM,8,0.12300000000000001
KTM Duke 200cc 2013,2013,10000.0,first owner,mumbai,35.0,25.0,69999,200.0,KTM,11,0.125
Bajaj Dominar 250 BS6 2020,2020,3000.0,first owner,mumbai,40.0,26.63,179999,250.0,Bajaj,4,0.10651999999999999
Honda CB Hornet 160R CBS 2017,2017,52.0,second owner,vapi,52.0,15.44,52000,160.0,Honda,7,0.0965
Bajaj Pulsar 150cc 2019,2019,65.0,first owner,gurgaon,65.0,15.0,60000,150.0,Bajaj,5,0.1
TVS Apache RTR 160cc 2017,2017,60.0,first owner,hyderabad,60.0,15.2,48000,160.0,TVS,7,0.095
Bajaj Pulsar 150cc 2018,2018,65.0,first owner,bangalore,65.0,15.0,74000,150.0,Bajaj,6,0.1
Bajaj Pulsar 150cc 2015,2015,65.0,first owner,gurgaon,65.0,14.85,29000,150.0,Bajaj,9,0.09899999999999999
Royal Enfield Classic 350cc Signals Edition 2019,2019,5977.0,first owner,bangalore,35.0,19.8,175000,350.0,Royal Enfield,5,0.05657142857142857
Royal Enfield Bullet 350cc 2019,2017,2000.0,first owner,delhi,40.0,19.8,120000,350.0,Royal Enfield,7,0.05657142857142857
Bajaj Dominar 400 ABS 2018,2018,28.0,first owner,gurgaon,28.0,34.5,150000,400.0,Bajaj,6,0.08625
Royal Enfield Himalayan 410cc 2016,2016,4975.0,first owner,pune,32.0,24.5,105000,410.0,Royal Enfield,8,0.05975609756097561
Royal Enfield Interceptor 650cc 2019,2019,920.0,first owner,silchar,40.0,47.0,250000,650.0,Royal Enfield,5,0.07230769230769231
Bajaj Platina 100cc 2017,2017,104.0,first owner,faridabad,104.0,8.1,21000,100.0,Bajaj,7,0.081
KTM RC 200cc 2016,2016,35230.0,first owner,bahadurgarh,35.0,25.1,100000,200.0,KTM,8,0.1255
Hyosung GT250R 2018,2018,4200.0,first owner,bangalore,30.0,28.0,330000,250.0,Hyosung,6,0.112
Honda CB Shine 125cc 2011,2011,65.0,first owner,khammam,65.0,10.0,20000,125.0,Honda,13,0.08
Bajaj Avenger Street 150 2015,2015,29900.0,first owner,bangalore,50.0,14.3,41300,150.0,Bajaj,9,0.09533333333333334
Hyosung GT250R 2016,2016,7500.0,first owner,pune,30.0,28.0,167130,250.0,Hyosung,8,0.112
Honda CBR 250R ABS 2016,2016,38.0,first owner,mumbai,38.0,26.15,90000,250.0,Honda,8,0.1046
Honda CB Shine 125cc 2010,2010,65.0,first owner,erode,65.0,10.0,21750,125.0,Honda,14,0.08
Hero Achiever 150cc 2018,2018,1999.0,first owner,bangalore,45.0,13.0,42000,150.0,Hero,6,0.08666666666666667
Yamaha FZ16 150cc 2013,2013,58.0,first owner,rewari,58.0,13.0,25000,150.0,Yamaha,11,0.08666666666666667
TVS Apache RTR 160 4V DISC ABS BS6 2020,2020,5500.0,first owner,delhi,40.0,15.6,90000,160.0,TVS,4,0.0975
Bajaj Platina 100cc 2010,2010,104.0,first owner,delhi,104.0,8.2,20000,100.0,Bajaj,14,0.08199999999999999
Bajaj Pulsar RS200 2017,2017,35.0,first owner,delhi,35.0,24.5,105000,200.0,Bajaj,7,0.1225
Hero HF Deluxe 100cc 2016,2016,80000.0,first owner,dungarpur,83.0,7.7,55000,100.0,Hero,8,0.077
Royal Enfield Classic 350cc Signals Edition 2018,2018,7500.0,first owner,bangalore,35.0,19.8,176000,350.0,Royal Enfield,6,0.05657142857142857
Honda CBF Stunner 125cc 2010,2010,65.0,first owner,noida,65.0,11.0,18000,125.0,Honda,14,0.088
Bajaj Pulsar 180cc 2016,2016,22000.0,second owner,delhi,65.0,17.0,48500,180.0,Bajaj,8,0.09444444444444444
Harley-Davidson Sportster 883 2013,2013,25000.0,second owner,delhi,15.0,50.0,340000,883.0,Harley-Davidson,11,0.056625141562853906
Hero HF Deluxe i3s 100cc 2019,2019,20000.0,first owner,kanpur,55.0,8.2,43500,100.0,Hero,5,0.08199999999999999
Royal Enfield‎ Bullet 350cc 1990,1990,35000.0,second owner,mathura,37.0,19.8,45000,350.0,Royal Enfield,34,0.05657142857142857
Yamaha Fazer 150cc 2012,2012,45.0,third owner,kupwara,45.0,13.0,35000,150.0,Yamaha,12,0.08666666666666667
Bajaj Platina 100cc 2015,2015,104.0,first owner,nadiad,104.0,8.2,22222,100.0,Bajaj,9,0.08199999999999999
TVS Apache RTR 160cc 2012,2012,60.0,first owner,faridabad,60.0,15.2,23000,160.0,TVS,12,0.095
Honda CBR 150R 150cc 2012,2012,42000.0,first owner,indore,38.0,18.28,42000,150.0,Honda,12,0.12186666666666668
Bajaj Discover 125cc 2007,2007,34163.0,first owner,bangalore,65.0,12.5,25000,125.0,Bajaj,17,0.1
Bajaj Pulsar 150cc 2005,2005,65.0,first owner,bangalore,65.0,14.85,11000,150.0,Bajaj,19,0.09899999999999999
Harley-Davidson Iron 883 2014,2014,6700.0,third owner,goa-panaji,20.0,50.0,550000,883.0,Harley-Davidson,10,0.056625141562853906
Bajaj CT 100 100cc 2018,2018,8250.0,first owner,noida,89.0,8.1,30000,100.0,Bajaj,6,0.081
Yamaha FZ 150cc 2016,2016,58.0,first owner,chennai,58.0,13.0,60000,150.0,Yamaha,8,0.08666666666666667
Bajaj Pulsar RS200 2016,2016,35.0,first owner,pune,35.0,24.5,108000,200.0,Bajaj,8,0.1225
Bajaj  Pulsar 180cc 2011,2011,620010.0,third owner,kolkata,45.0,17.0,28000,180.0,Bajaj,13,0.09444444444444444
Hero Passion Pro 100cc 2015,2015,23000.0,first owner,ahmedabad,84.0,8.2,34500,100.0,Hero,9,0.08199999999999999
Hero Passion Pro 100cc 2016,2016,3000.0,first owner,tiruvallur,5.0,8.2,35242,100.0,Hero,8,0.08199999999999999
Bajaj Pulsar 135LS 2012,2012,4479.0,second owner,virar,64.0,13.0,20000,135.0,Bajaj,12,0.0962962962962963
Yamaha YZF-R15 2.0 150cc 2014,2014,45000.0,first owner,ahmedabad,42.0,16.7,50000,150.0,Yamaha,10,0.11133333333333333
Yamaha YZF-R15 V3 150CC ABS 2019,2019,10500.0,first owner,ahmedabad,40.0,18.7,124900,150.0,Yamaha,5,0.12466666666666666
Bajaj Avenger Street 150 2016,2016,28000.0,first owner,rohtak,50.0,14.3,65000,150.0,Bajaj,8,0.09533333333333334
Bajaj Pulsar 150cc 2016,2016,65.0,first owner,mumbai,65.0,15.0,70000,150.0,Bajaj,8,0.1
TVS Apache RTR 160 4V FI 2019,2019,7100.0,first owner,delhi,40.0,16.1,85000,160.0,TVS,5,0.100625
TVS Radeon 110cc Drum SBT 2019,2019,6200.0,first owner,delhi,40.0,8.2,52500,110.0,TVS,5,0.07454545454545454
Hero Passion Pro 100cc 2014,2014,23430.0,first owner,jaipur,5.0,8.2,35000,100.0,Hero,10,0.08199999999999999
Bajaj Pulsar 150cc 2008,2008,65.0,second owner,hyderabad,65.0,14.85,15000,150.0,Bajaj,16,0.09899999999999999
Yazdi Road King 250cc 1986,1986,100000.0,first owner,lucknow,40.0,16.0,60000,250.0,Yazdi,38,0.064
TVS Star City Plus 110cc 2017,2017,17000.0,first owner,gurgaon,85.0,8.2,31000,110.0,TVS,7,0.07454545454545454
BMW S 1000 XR Pro 2017,2017,18000.0,first owner,delhi,40.0,159.8,1500000,1000.0,BMW,7,0.1598
Royal Enfield Classic 350cc 2015,2015,21820.0,first owner,chennai,35.0,19.8,85000,350.0,Royal Enfield,9,0.05657142857142857
Bajaj Pulsar 220cc 2018,2018,18626.0,first owner,bangalore,38.0,21.0,85000,220.0,Bajaj,6,0.09545454545454546
Yamaha Gladiator 125cc 2009,2009,70000.0,second owner,ahmedabad,64.0,10.8,9400,125.0,Yamaha,15,0.0864
TVS Apache RTR 180cc 2011,2011,45.0,first owner,pune,45.0,17.2,25000,180.0,TVS,13,0.09555555555555555
Royal Enfield Thunderbird 350cc 2014,2014,49000.0,second owner,bangalore,40.0,19.8,83000,350.0,Royal Enfield,10,0.05657142857142857
Bajaj Dominar 400 ABS 2019,2019,28.0,first owner,jabalpur,28.0,34.5,165000,400.0,Bajaj,5,0.08625
Hero CD Deluxe 100cc 2012,2012,84000.0,first owner,bhiwani,65.0,7.7,20000,100.0,Hero,12,0.077
Bajaj V15 150cc 2016,2016,9100.0,first owner,pune,57.0,11.8,48000,150.0,Bajaj,8,0.07866666666666668
Yamaha FZS FI 150cc 2017,2017,58.0,first owner,pune,58.0,13.0,77000,150.0,Yamaha,7,0.08666666666666667
Suzuki Gixxer SF 150cc 2016,2016,16600.0,first owner,pune,40.0,14.6,66700,150.0,Suzuki,8,0.09733333333333333
Royal Enfield Classic Desert Storm 500cc 2012,2012,13700.0,first owner,delhi,32.0,27.2,96100,500.0,Royal Enfield,12,0.0544
Yamaha FZS FI 150cc 2014,2014,58.0,first owner,ahmedabad,58.0,13.0,40500,150.0,Yamaha,10,0.08666666666666667
Royal Enfield Interceptor 650cc 2019,2019,20000.0,first owner,mumbai,40.0,47.0,269750,650.0,Royal Enfield,5,0.07230769230769231
Hero Super Splendor 125cc 2005,2005,20000.0,first owner,gurgaon,75.0,9.0,10000,125.0,Hero,19,0.072
Hero Passion Pro 100cc 2016,2016,45000.0,first owner,hyderabad,5.0,8.2,57000,100.0,Hero,8,0.08199999999999999
TVS Apache RTR 200 4V Dual Channel ABS BS6 2019,2019,40.0,first owner,bangalore,40.0,20.2,120000,200.0,TVS,5,0.10099999999999999
KTM Duke 390cc 2017,2017,10111.0,first owner,raipur,25.0,42.9,170000,390.0,KTM,7,0.11
Honda CB Shine 125cc 2018,2018,65.0,first owner,gurgaon,65.0,10.0,46000,125.0,Honda,6,0.08
TVS Apache RTR 160cc 2016,2016,60.0,first owner,jaipur,60.0,15.2,60000,160.0,TVS,8,0.095
Bajaj V12 125cc 2017,2017,3300.0,first owner,delhi,57.0,12.0,50000,125.0,Bajaj,7,0.096
Royal Enfield Classic 350cc 2014,2014,75000.0,first owner,jaipur,35.0,19.8,140000,350.0,Royal Enfield,10,0.05657142857142857
Yamaha FZs 150cc 2017,2017,15100.0,first owner,bangalore,45.0,13.0,69999,150.0,Yamaha,7,0.08666666666666667
Bajaj Pulsar NS200 2017,2017,42.0,first owner,bangalore,42.0,23.2,89000,200.0,Bajaj,7,0.11599999999999999
Bajaj Pulsar 220F 2016,2016,22000.0,first owner,bangalore,38.0,21.0,68000,220.0,Bajaj,8,0.09545454545454546
TVS Star City Plus 110cc 2018,2018,20000.0,first owner,bangalore,85.0,8.2,49999,110.0,TVS,6,0.07454545454545454
Bajaj Discover 100M 2014,2014,80.0,first owner,howrah,80.0,9.1,25000,100.0,Bajaj,10,0.091
Royal Enfield Continental GT 535cc 2016,2016,17000.0,first owner,pune,26.0,29.1,161300,535.0,Royal Enfield,8,0.05439252336448598
Royal Enfield Classic Gunmetal Grey 350cc 2018,2018,14000.0,first owner,kalyan,35.0,19.8,130000,350.0,Royal Enfield,6,0.05657142857142857
Yamaha FZs 150cc 2011,2011,12900.0,first owner,bangalore,45.0,13.0,34100,150.0,Yamaha,13,0.08666666666666667
Harley-Davidson Street 750 2015,2015,4378.0,second owner,thane,20.0,47.0,325000,750.0,Harley-Davidson,9,0.06266666666666666
Suzuki Gixxer 150cc SP Rear Disc 2018,2018,5300.0,first owner,indore,63.0,14.0,78000,150.0,Suzuki,6,0.09333333333333334
Hero Splendor Plus 100cc 2010,2010,29000.0,first owner,gurgaon,81.0,8.2,23000,100.0,Hero,14,0.08199999999999999
Hyosung GT650R 2016,2016,2500.0,first owner,ranchi,20.0,72.68,350000,650.0,Hyosung,8,0.11181538461538462
Bajaj Pulsar 150cc 2012,2012,65.0,first owner,gurgaon,65.0,14.85,25000,150.0,Bajaj,12,0.09899999999999999
Kawasaki Ninja 650cc 2020,2020,230.0,first owner,bhubaneshwar,21.0,67.2,600000,650.0,Kawasaki,4,0.1033846153846154
Yamaha FZs 150cc 2014,2014,23957.0,second owner,bangalore,45.0,13.0,47000,150.0,Yamaha,10,0.08666666666666667
Honda CB ShineSP 125cc Disc 2017,2017,65.0,first owner,delhi,65.0,10.0,43000,125.0,Honda,7,0.08
Royal Enfield Bullet Electra 350cc 2008,2008,8500.0,first owner,lucknow,30.0,19.8,78000,350.0,Royal Enfield,16,0.05657142857142857
Royal Enfield Thunderbird 500cc 2017,2017,6000.0,first owner,pune,25.0,27.2,195000,500.0,Royal Enfield,7,0.0544
Harley-Davidson Roadster 2017,2017,3200.0,second owner,delhi,20.4,19.0,810000,1202.0,Harley-Davidson,7,0.015806988352745424
Bajaj Pulsar RS200 2017,2017,35.0,second owner,ujjain,35.0,24.5,89100,200.0,Bajaj,7,0.1225
Bajaj V15 150cc 2017,2017,9000.0,first owner,faridabad,57.0,11.8,51000,150.0,Bajaj,7,0.07866666666666668
Ducati Monster 797 2017,2017,6985.0,first owner,howrah,18.86,75.0,590000,797.0,Ducati,7,0.09410288582183186
Hero Splendor Plus 100cc 2019,2019,17890.0,first owner,jaipur,81.0,8.2,55000,100.0,Hero,5,0.08199999999999999
Royal Enfield Thunderbird 350cc 2016,2016,30000.0,first owner,goa-panaji,40.0,19.8,125000,350.0,Royal Enfield,8,0.05657142857142857
Bajaj Pulsar 150cc 2014,2014,65.0,first owner,delhi,65.0,14.85,32340,150.0,Bajaj,10,0.09899999999999999
Bajaj Pulsar NS160 2018,2018,14500.0,first owner,indore,40.0,15.5,69500,160.0,Bajaj,6,0.096875
Kawasaki Ninja 650cc 2013,2013,22000.0,first owner,mumbai,21.0,67.2,275000,650.0,Kawasaki,11,0.1033846153846154
Hero Splendor 100cc 2008,2008,80000.0,first owner,durg,45.0,6.15,20000,100.0,Hero,16,0.061500000000000006
Bajaj Discover 100M 2014,2014,80.0,first owner,faridabad,80.0,9.1,19000,100.0,Bajaj,10,0.091
Yamaha YZF-R15 150cc 2012,2012,35255.0,first owner,bangalore,42.0,16.0,57000,150.0,Yamaha,12,0.10666666666666667
Royal Enfield Classic 350cc Dual ABS BS6 2021,2021,7200.0,first owner,gurgaon,35.0,19.1,195400,350.0,Royal Enfield,3,0.054571428571428576
Bajaj V12 125cc Disc 2017,2017,20400.0,first owner,rohtak,57.0,10.6,35740,125.0,Bajaj,7,0.0848
Yamaha YZF-R15 2.0 150cc 2017,2017,15300.0,first owner,mumbai,42.0,16.7,985625,150.0,Yamaha,7,0.11133333333333333
Bajaj Pulsar 150cc 2008,2008,65.0,first owner,noida,65.0,14.85,15000,150.0,Bajaj,16,0.09899999999999999
Yamaha FZ V 2.0 150cc 2014,2014,58.0,first owner,gurgaon,58.0,13.0,50000,150.0,Yamaha,10,0.08666666666666667
Bajaj Pulsar RS200 ABS 2020,2020,35.0,second owner,bangalore,35.0,24.5,175000,200.0,Bajaj,4,0.1225
Bajaj Pulsar 150cc 2017,2017,65.0,first owner,bangalore,65.0,15.0,65000,150.0,Bajaj,7,0.1
KTM RC 200cc 2015,2015,19073.0,first owner,pune,35.0,25.0,93000,200.0,KTM,9,0.125
Hero Splendor Plus 100cc 2019,2019,16057.0,first owner,bangalore,81.0,8.2,72000,100.0,Hero,5,0.08199999999999999
Honda CB ShineSP 125cc 2018,2018,65.0,first owner,bangalore,65.0,10.0,68000,125.0,Honda,6,0.08
Hero Hunk 150cc 2017,2017,69787.0,first owner,kolkata,53.0,14.0,36558,150.0,Hero,7,0.09333333333333334
Aprilia RSV4 R APRC 1000cc 2014,2014,15000.0,first owner,kanchipuram,12.0,181.44,1100000,1000.0,Aprilia,10,0.18144
Hero HF Deluxe i3s 100cc 2019,2019,35000.0,first owner,samastipur,55.0,8.2,60000,100.0,Hero,5,0.08199999999999999
Honda Livo Disc 110cc 2019,2019,3700.0,first owner,delhi,40.0,8.25,54000,110.0,Honda,5,0.075
Bajaj Platina 100cc 2007,2007,104.0,first owner,delhi,104.0,8.2,11000,100.0,Bajaj,17,0.08199999999999999
Suzuki Intruder 150cc 2018,2018,7078.0,first owner,faridabad,40.0,14.6,56000,150.0,Suzuki,6,0.09733333333333333
Bajaj CT 100 ES Alloy 2019,2019,5922.0,first owner,faridabad,67.0,8.1,31000,100.0,Bajaj,5,0.081
Hero Passion Pro 100cc 2017,2017,8000.0,first owner,tiruvallur,5.0,8.2,37204,100.0,Hero,7,0.08199999999999999
Bajaj Avenger Street 180 2018,2018,25000.0,first owner,nellore,45.0,15.3,71000,180.0,Bajaj,6,0.085
KTM Duke 200cc 2018,2018,4370.0,first owner,bangalore,35.0,24.6,150000,200.0,KTM,6,0.12300000000000001
Bajaj Discover 100cc 2005,2005,26527.0,first owner,bangalore,72.0,8.51,19000,100.0,Bajaj,19,0.0851
Bajaj Avenger Cruise 220 2017,2017,12500.0,first owner,bangalore,35.0,19.0,70000,220.0,Bajaj,7,0.08636363636363636
Honda CB Hornet 160R CBS 2016,2016,52.0,first owner,chennai,52.0,15.44,50000,160.0,Honda,8,0.0965
Triumph Thunderbird LT 2018,2018,2300.0,first owner,pune,12.0,93.0,1450000,1699.0,Triumph,6,0.05473808122424956
Royal Enfield Himalayan 410cc 2016,2016,13268.0,first owner,gurgaon,32.0,24.5,100000,410.0,Royal Enfield,8,0.05975609756097561
Yamaha Fazer 150cc 2014,2014,45.0,first owner,dibrugarh,45.0,13.0,45000,150.0,Yamaha,10,0.08666666666666667
Triumph Thruxton R 1200cc 2016,2016,9000.0,first owner,bangalore,15.0,96.0,1050000,1200.0,Triumph,8,0.08
Bajaj Dominar 400 ABS 2018,2018,28.0,first owner,mumbai,28.0,34.5,155625,400.0,Bajaj,6,0.08625
TVS Apache RTR 200 4V Carburetor 2017,2017,40.0,first owner,nashik,40.0,20.7,67000,200.0,TVS,7,0.1035
Kawasaki Z1000 2014,2014,15000.0,first owner,bangalore,15.0,139.0,1000000,1000.0,Kawasaki,10,0.139
Royal Enfield Bullet Twinspark 350cc 2017,2017,37.0,first owner,faridabad,37.0,19.8,95000,350.0,Royal Enfield,7,0.05657142857142857
Yamaha YZF-R1M 1000cc 2019,2019,3.0,first owner,mumbai,15.0,197.0,900000,1000.0,Yamaha,5,0.197
Hero Splendor Plus 100cc 2011,2011,26886.0,first owner,gurgaon,81.0,8.2,17000,100.0,Hero,13,0.08199999999999999
TVS Apache RTR 160 4V Disc 2018,2018,20000.0,first owner,hyderabad,40.0,16.1,77000,160.0,TVS,6,0.100625
TVS Apache RTR 160cc 2019,2019,60.0,first owner,etawah,60.0,15.2,85000,160.0,TVS,5,0.095
Harley-Davidson CVO 2012,2012,14000.0,first owner,bangalore,17.0,19.0,750000,200.0,Harley-Davidson,12,0.095
Harley-Davidson Street 750 2015,2015,27000.0,first owner,bangalore,20.0,47.0,389100,750.0,Harley-Davidson,9,0.06266666666666666
Harley-Davidson Street 750 2015,2015,8100.0,first owner,bangalore,20.0,47.0,389100,750.0,Harley-Davidson,9,0.06266666666666666
Hero Honda Splendor 100cc 2011,2011,70000.0,second owner,jodhpur,45.0,6.15,21000,100.0,Hero,13,0.061500000000000006
Royal Enfield Himalayan 410cc 2017,2017,19829.0,first owner,noida,32.0,24.5,105000,410.0,Royal Enfield,7,0.05975609756097561
TVS Apache RTR 200 4V ABS 2018,2018,40.0,first owner,mumbai,40.0,20.23,985625,200.0,TVS,6,0.10115
Bajaj Pulsar RS200 ABS 2018,2018,35.0,first owner,mumbai,35.0,24.5,136000,200.0,Bajaj,6,0.1225
Bajaj Discover 100cc 2013,2013,80.0,first owner,delhi,80.0,7.7,24735,100.0,Bajaj,11,0.077
Hyosung Aquila Pro GV650 2013,2013,5500.0,first owner,ahmednagar,16.0,74.0,325000,650.0,Hyosung,11,0.11384615384615385
Hero Splendor NXG 100cc 2011,2011,26000.0,first owner,bangalore,65.0,7.0,20000,100.0,Hero,13,0.07
Benelli TNT 300 2017,2017,11000.0,first owner,bhubaneshwar,25.0,37.73,260000,300.0,Benelli,7,0.12576666666666667
Honda CBR 150R 150cc 2015,2015,38.0,first owner,allahabad,38.0,18.28,65000,150.0,Honda,9,0.12186666666666668
Bajaj Pulsar 150cc 2013,2013,65.0,first owner,delhi,65.0,14.85,22000,150.0,Bajaj,11,0.09899999999999999
Yamaha Fazer 150cc 2013,2013,45.0,first owner,lucknow,45.0,13.0,22800,150.0,Yamaha,11,0.08666666666666667
Bajaj Pulsar RS200 2019,2019,35.0,first owner,bhopal,35.0,24.5,115000,200.0,Bajaj,5,0.1225
Bajaj Pulsar 180cc 2010,2010,7000.0,first owner,jaipur,65.0,15.0,19600,180.0,Bajaj,14,0.08333333333333333
Bajaj Discover 150F Disc 2016,2016,70.0,first owner,mumbai,70.0,13.0,37000,150.0,Bajaj,8,0.08666666666666667
Triumph Tiger 800 XRX 2015,2015,10000.0,first owner,delhi,40.0,94.0,750000,800.0,Triumph,9,0.1175
Bajaj Discover 110cc 2018,2018,7285.0,first owner,faridabad,40.0,8.6,35000,110.0,Bajaj,6,0.07818181818181817
Bajaj Discover 110cc 2018,2018,13478.0,first owner,faridabad,40.0,8.6,33000,110.0,Bajaj,6,0.07818181818181817
Yamaha YZF-R15 2.0 150cc 2015,2015,12500.0,first owner,kolkata,42.0,16.7,75000,150.0,Yamaha,9,0.11133333333333333
Harley-Davidson Roadster 2018,2018,1200.0,first owner,bangalore,20.4,19.0,1025000,1202.0,Harley-Davidson,6,0.015806988352745424
Royal Enfield Thunderbird 350cc 2015,2015,19000.0,first owner,betul,40.0,19.8,99000,350.0,Royal Enfield,9,0.05657142857142857
Royal Enfield Bullet Twinspark 500cc 2015,2015,12000.0,second owner,jabalpur,25.0,26.1,115000,500.0,Royal Enfield,9,0.0522
Honda CB ShineSP 125cc 2016,2016,65.0,second owner,gurgaon,65.0,10.0,39200,125.0,Honda,8,0.08
Bajaj Pulsar 150cc 2015,2015,65.0,first owner,bangalore,65.0,14.85,60000,150.0,Bajaj,9,0.09899999999999999
Honda Dream Yuga 110cc 2012,2012,84.0,first owner,udaipur,84.0,8.25,38000,110.0,Honda,12,0.075
Honda CBR 150R 150cc 2014,2014,23800.0,first owner,jammu,38.0,18.28,75500,150.0,Honda,10,0.12186666666666668
Suzuki Intruder 150cc FI 2018,2018,700.0,first owner,meerut,40.0,14.6,125000,150.0,Suzuki,6,0.09733333333333333
Royal Enfield Thunderbird 350cc 2013,2013,13000.0,first owner,mumbai,40.0,19.8,89000,350.0,Royal Enfield,11,0.05657142857142857
Royal Enfield Thunderbird 350cc 2016,2016,22800.0,first owner,chennai,40.0,19.8,112100,350.0,Royal Enfield,8,0.05657142857142857
Bajaj Pulsar 150cc 2013,2013,65.0,first owner,jaipur,65.0,14.85,32400,150.0,Bajaj,11,0.09899999999999999
Honda CBR 150R 150cc 2016,2016,38.0,first owner,bilaspur,38.0,18.28,75000,150.0,Honda,8,0.12186666666666668
Suzuki Gixxer 150cc 2015,2015,6500.0,first owner,virar,63.0,14.0,43800,150.0,Suzuki,9,0.09333333333333334
Yamaha YZF-R15 S 150cc 2016,2016,28000.0,first owner,ludhiana,42.0,16.0,90500,150.0,Yamaha,8,0.10666666666666667
Bajaj Pulsar NS200 2013,2013,35.0,second owner,howrah,35.0,23.19,46000,200.0,Bajaj,11,0.11595000000000001
Bajaj Avenger Street 150 2017,2017,7000.0,first owner,karim nagar,45.0,14.3,70400,150.0,Bajaj,7,0.09533333333333334
Bajaj Pulsar 220F 2014,2014,41000.0,first owner,delhi,38.0,21.0,61000,220.0,Bajaj,10,0.09545454545454546
Bajaj Pulsar RS200 ABS 2016,2016,35.0,third owner,anand,35.0,24.5,85000,200.0,Bajaj,8,0.1225
Bajaj V15 150cc 2016,2016,10000.0,first owner,pune,57.0,11.8,49100,150.0,Bajaj,8,0.07866666666666668
Bajaj Avenger 220cc 2014,2014,20000.0,first owner,hyderabad,40.0,19.0,58000,220.0,Bajaj,10,0.08636363636363636
Bajaj Discover 110cc 2018,2018,2000.0,first owner,pune,40.0,8.6,55000,110.0,Bajaj,6,0.07818181818181817
Kawasaki Ninja 300cc 2016,2016,2100.0,first owner,bijapur,25.0,39.0,276000,300.0,Kawasaki,8,0.13
Harley-Davidson Street 750 2014,2014,7400.0,first owner,mumbai,20.0,47.0,355000,750.0,Harley-Davidson,10,0.06266666666666666
Harley-Davidson Street 750 2014,2014,21000.0,second owner,gurgaon,20.0,47.0,350000,750.0,Harley-Davidson,10,0.06266666666666666
Benelli TNT 300 2017,2017,411.0,first owner,kolkata,25.0,37.73,295000,300.0,Benelli,7,0.12576666666666667
Hyosung GT650R 2013,2013,16150.0,second owner,dadra & nagar haveli,20.0,72.68,230000,650.0,Hyosung,11,0.11181538461538462
Harley-Davidson Street 750 2015,2015,1200.0,first owner,delhi,20.0,47.0,430000,750.0,Harley-Davidson,9,0.06266666666666666
Harley-Davidson Street 750 2014,2014,12000.0,first owner,delhi,20.0,47.0,317565,750.0,Harley-Davidson,10,0.06266666666666666
Benelli TNT 300 2017,2017,5000.0,first owner,delhi,25.0,37.73,275000,300.0,Benelli,7,0.12576666666666667
Harley-Davidson Street 750 2014,2014,4500.0,first owner,gurgaon,20.0,47.0,325000,750.0,Harley-Davidson,10,0.06266666666666666
Harley-Davidson Street 750 ABS 2017,2017,11789.0,first owner,gurgaon,20.0,47.0,425000,750.0,Harley-Davidson,7,0.06266666666666666
Harley-Davidson Street 750 2014,2014,1100.0,first owner,dehradun,20.0,47.0,390000,750.0,Harley-Davidson,10,0.06266666666666666
Harley-Davidson Street 750 2014,2014,4800.0,second owner,pune,20.0,47.0,310000,750.0,Harley-Davidson,10,0.06266666666666666
BMW G 310 R 2020,2020,300.0,first owner,mumbai,40.0,33.0,300000,310.0,BMW,4,0.1064516129032258
Benelli TNT 300 ABS 2019,2019,10700.0,first owner,hyderabad,25.0,37.73,280000,300.0,Benelli,5,0.12576666666666667
Triumph Thunderbird Storm 1700cc 2015,2015,13000.0,first owner,noida,40.0,96.6,900000,1700.0,Triumph,9,0.0568235294117647
Royal Enfield Standard 500cc 2014,2014,29000.0,first owner,delhi,25.0,26.1,95000,500.0,Royal Enfield,10,0.0522
KTM RC 200cc 2015,2015,10000.0,first owner,hyderabad,35.0,25.0,140000,200.0,KTM,9,0.125
Bajaj Discover 125ST 2013,2013,38425.0,first owner,delhi,65.0,12.5,25000,125.0,Bajaj,11,0.1
Royal Enfield Thunderbird 350cc 2009,2009,15000.0,second owner,chennai,35.0,19.8,55000,350.0,Royal Enfield,15,0.05657142857142857
Bajaj Pulsar 135LS 2010,2010,77700.0,first owner,palanpur,64.0,13.0,15000,135.0,Bajaj,14,0.0962962962962963
Bajaj Avenger Cruise 220 2017,2017,1500.0,first owner,ajnala,35.0,19.0,78000,220.0,Bajaj,7,0.08636363636363636
Honda CBR 150R 150cc 2012,2012,30000.0,first owner,rohtak,38.0,18.28,55000,150.0,Honda,12,0.12186666666666668
KTM RC 200cc 2015,2015,10000.0,first owner,delhi,35.0,25.0,140000,200.0,KTM,9,0.125
Hero Passion Pro 100cc 2014,2014,35600.0,first owner,delhi,5.0,8.2,31500,100.0,Hero,10,0.08199999999999999
KTM Duke 250cc 2017,2017,3500.0,first owner,delhi,40.0,29.6,5000,250.0,KTM,7,0.1184
TVS Apache RTR 180cc 2016,2016,45.0,first owner,balangir,45.0,17.3,62000,180.0,TVS,8,0.09611111111111112
TVS Apache RTR 200 4V Carburetor 2017,2017,40.0,first owner,mohali,40.0,20.7,95000,200.0,TVS,7,0.1035
KTM RC 200cc 2015,2015,5500.0,first owner,pune,35.0,25.0,139999,200.0,KTM,9,0.125
Honda CBR 250R 2014,2014,38.0,first owner,bellary,38.0,26.15,85000,250.0,Honda,10,0.1046
Royal Enfield Thunderbird 500cc 2016,2016,7900.0,first owner,pune,25.0,27.2,137999,500.0,Royal Enfield,8,0.0544
Yamaha YZF-R15 150cc 2019,2017,6900.0,first owner,delhi,42.0,16.0,100000,150.0,Yamaha,7,0.10666666666666667
KTM RC 390cc 2017,2017,3500.0,first owner,pune,26.0,42.3,220000,390.0,KTM,7,0.10846153846153846
Yamaha FZs 150cc 2015,2015,50000.0,first owner,arrah,45.0,13.0,30000,150.0,Yamaha,9,0.08666666666666667
Bajaj Pulsar 220F 2017,2017,15000.0,first owner,kottayam,38.0,21.0,67700,220.0,Bajaj,7,0.09545454545454546
UM Renegade Sport S 2017,2017,8500.0,first owner,faridabad,35.0,24.8,130000,279.0,UM,7,0.08888888888888889
KTM RC 200cc 2017,2017,13000.0,first owner,patna,35.0,25.1,155000,200.0,KTM,7,0.1255
KTM RC 200cc 2017,2017,9000.0,first owner,adoni,35.0,25.1,150000,200.0,KTM,7,0.1255
Bajaj Discover 100M 2014,2014,80.0,first owner,ahmedabad,80.0,9.1,25000,100.0,Bajaj,10,0.091
KTM RC 390cc 2015,2015,8000.0,first owner,mumbai,26.0,43.0,154000,390.0,KTM,9,0.11025641025641025
Bajaj Avenger Street 150 2016,2016,10300.0,first owner,patiala,50.0,14.3,58000,150.0,Bajaj,8,0.09533333333333334
KTM Duke 390cc 2014,2014,13000.0,first owner,jaipur,25.0,44.0,102500,390.0,KTM,10,0.11282051282051282
Yamaha YZF-R15 150cc 2017,2017,4508.0,first owner,mumbai,42.0,16.0,106000,150.0,Yamaha,7,0.10666666666666667
Yamaha FZ16 150cc 2012,2012,58.0,first owner,raipur,58.0,13.0,35000,150.0,Yamaha,12,0.08666666666666667
Bajaj Avenger Street 150 2016,2016,8000.0,first owner,hyderabad,50.0,14.3,65000,150.0,Bajaj,8,0.09533333333333334
KTM RC 390cc 2017,2017,700.0,first owner,saharanpur,26.0,42.3,230000,390.0,KTM,7,0.10846153846153846
Yamaha YZF-R15 2.0 150cc 2017,2017,17000.0,first owner,ranchi,42.0,16.7,90000,150.0,Yamaha,7,0.11133333333333333
Bajaj Dominar 400 ABS 2017,2017,28.0,first owner,mumbai,28.0,34.5,140000,400.0,Bajaj,7,0.08625
Bajaj Pulsar 220cc 2017,2017,5000.0,first owner,pune,38.0,21.0,80000,220.0,Bajaj,7,0.09545454545454546
Royal Enfield Electra 350cc 2004,2004,65000.0,first owner,saharanpur,37.0,19.0,50000,350.0,Royal Enfield,20,0.054285714285714284
Bajaj Pulsar 135LS 2017,2017,65.0,first owner,bangalore,65.0,13.0,60000,135.0,Bajaj,7,0.0962962962962963
UM Renegade Sport S 2017,2017,3000.0,first owner,rohtak,35.0,24.8,149000,279.0,UM,7,0.08888888888888889
Bajaj Discover 100cc 2010,2010,80.0,second owner,qadian,80.0,7.7,19269,100.0,Bajaj,14,0.077
KTM RC 200cc 2016,2016,9500.0,first owner,mumbai,35.0,25.1,140000,200.0,KTM,8,0.1255
Suzuki Gixxer SF Fi 150cc 2018,2018,5500.0,first owner,bangalore,40.0,14.6,99999,150.0,Suzuki,6,0.09733333333333333
Bajaj Discover 100cc  2012,2012,80.0,first owner,jaipur,80.0,7.7,20400,100.0,Bajaj,12,0.077
Hero Passion Pro 100cc 2016,2016,6500.0,first owner,thane,5.0,8.2,42000,100.0,Hero,8,0.08199999999999999
UM Renegade Commando Mojave 2018,2018,9500.0,first owner,bangalore,35.0,24.8,175000,279.0,UM,6,0.08888888888888889
Suzuki Gixxer SF 150cc Special MOTOGP Edition Rear Disc 2017,2017,11050.0,first owner,bhubaneshwar,40.0,14.6,75000,150.0,Suzuki,7,0.09733333333333333
KTM RC 390cc 2016,2016,11500.0,first owner,mumbai,26.0,42.3,150000,390.0,KTM,8,0.10846153846153846
Bajaj Dominar 400 2017,2017,28.0,first owner,delhi,28.0,34.5,135000,400.0,Bajaj,7,0.08625
Honda CBR 150R 150cc 2016,2016,38.0,first owner,gurgaon,38.0,18.28,93200,150.0,Honda,8,0.12186666666666668
Royal Enfield Thunderbird 500cc 2017,2017,2000.0,first owner,pune,25.0,27.2,180000,500.0,Royal Enfield,7,0.0544
Bajaj Discover 100cc 2013,2013,80.0,first owner,jaipur,80.0,7.7,25000,100.0,Bajaj,11,0.077
Royal Enfield Thunderbird 500cc 2013,2013,33500.0,first owner,surat,25.0,27.2,100000,500.0,Royal Enfield,11,0.0544
Bajaj Platina  Alloy ES-100cc 2017,2017,104.0,first owner,jaipur,104.0,8.2,43000,100.0,Bajaj,7,0.08199999999999999
Bajaj Avenger Street 150 2017,2017,7500.0,first owner,hyderabad,45.0,14.3,76000,150.0,Bajaj,7,0.09533333333333334
Yamaha YZF-R15 150cc 2019,2017,3900.0,first owner,pune,42.0,16.0,110000,150.0,Yamaha,7,0.10666666666666667
KTM RC 200cc 2016,2016,6500.0,first owner,delhi,35.0,25.1,140000,200.0,KTM,8,0.1255
KTM RC 390cc 2015,2015,20000.0,first owner,navi mumbai,26.0,43.0,120000,390.0,KTM,9,0.11025641025641025
Royal Enfield Classic 350cc 2016,2016,23000.0,first owner,bangalore,35.0,19.8,120000,350.0,Royal Enfield,8,0.05657142857142857
KTM RC 200cc 2017,2017,6900.0,first owner,thane,35.0,25.1,170000,200.0,KTM,7,0.1255
Bajaj  Pulsar 180cc 2013,2013,20000.0,first owner,delhi,45.0,17.0,32000,180.0,Bajaj,11,0.09444444444444444
Bajaj Avenger Street 150 2016,2016,7054.0,first owner,hyderabad,50.0,14.3,69999,150.0,Bajaj,8,0.09533333333333334
Hero Ignitor 125cc 2012,2012,36000.0,first owner,meerut,40.0,19.0,22200,125.0,Hero,12,0.152
Bajaj Pulsar RS200 2015,2015,35.0,first owner,bangalore,35.0,24.16,90000,200.0,Bajaj,9,0.1208
Royal Enfield Bullet Electra 350cc 2007,2007,32200.0,first owner,zirakpur,30.0,19.8,72000,350.0,Royal Enfield,17,0.05657142857142857
KTM Duke 390cc 2017,2017,3000.0,first owner,zirakpur,25.0,42.9,200000,390.0,KTM,7,0.11
Yamaha YZF-R3 320cc 2016,2016,6500.0,second owner,goa-panaji,22.0,41.4,250000,320.0,Yamaha,8,0.129375
Royal Enfield Bullet Electra 350cc 2009,2009,59000.0,second owner,gautam buddha nagar,30.0,19.8,60000,350.0,Royal Enfield,15,0.05657142857142857
Royal Enfield Classic 500cc 2016,2016,9400.0,first owner,barnala,32.0,27.2,115000,500.0,Royal Enfield,8,0.0544
Bajaj Avenger Cruise 220 2017,2017,3000.0,first owner,chennai,35.0,19.0,85000,220.0,Bajaj,7,0.08636363636363636
TVS Apache RR310 2018,2018,11950.0,first owner,mumbai,22.0,33.0,195000,310.0,TVS,6,0.1064516129032258
Bajaj Pulsar NS200 ABS 2018,2018,42.0,first owner,navi mumbai,42.0,23.2,95000,200.0,Bajaj,6,0.11599999999999999
Royal Enfield Classic Desert Storm 500cc 2016,2016,8827.0,first owner,pune,32.0,27.2,120000,500.0,Royal Enfield,8,0.0544
Suzuki Gixxer SF Fi 150cc SP ABS 2018,2018,4100.0,first owner,hyderabad,40.0,14.6,87000,150.0,Suzuki,6,0.09733333333333333
Bajaj Discover 150F 2015,2015,70.0,first owner,delhi,70.0,13.0,25000,150.0,Bajaj,9,0.08666666666666667
Royal Enfield Bullet 350cc 2019,2017,4587.0,first owner,noida,40.0,19.8,100000,350.0,Royal Enfield,7,0.05657142857142857
Royal Enfield Classic 350cc 2016,2016,30000.0,first owner,chennai,35.0,19.8,100000,350.0,Royal Enfield,8,0.05657142857142857
Harley-Davidson Street 750 2016,2016,10741.0,first owner,pune,20.0,47.0,400000,750.0,Harley-Davidson,8,0.06266666666666666
UM Renegade Sport S 2018,2018,9300.0,first owner,bangalore,35.0,24.8,150000,279.0,UM,6,0.08888888888888889
Hero Passion Plus 100cc 2004,2004,60000.0,first owner,tiruvallur,55.0,7.5,18000,100.0,Hero,20,0.075
Honda CB Trigger 150cc 2013,2013,60.0,second owner,noida,60.0,14.0,30000,150.0,Honda,11,0.09333333333333334
TVS Apache RTR 200 4V Carburetor 2017,2017,40.0,first owner,noida,40.0,20.7,70000,200.0,TVS,7,0.1035
Royal Enfield Bullet Electra Twinspark 350cc 2016,2016,6500.0,first owner,delhi,35.0,19.8,108000,350.0,Royal Enfield,8,0.05657142857142857
Royal Enfield Bullet Electra 350cc 2009,2009,40000.0,first owner,ghaziabad,30.0,19.8,55000,350.0,Royal Enfield,15,0.05657142857142857
Yamaha SZ-RR 150cc 2016,2016,12000.0,first owner,vadodara,55.0,12.0,44000,150.0,Yamaha,8,0.08
TVS Apache RTR 200 4V ABS Race Edition 2018,2018,40.0,first owner,delhi,40.0,20.23,95000,200.0,TVS,6,0.10115
Bajaj Avenger Cruise 220 2016,2016,35000.0,first owner,hosur,35.0,19.0,65000,220.0,Bajaj,8,0.08636363636363636
Bajaj Platina 125cc 2011,2011,82.0,first owner,vadodara,82.0,8.2,27000,125.0,Bajaj,13,0.06559999999999999
Hero Xtreme 200R 2018,2018,3505.0,first owner,jaipur,39.4,18.1,85000,200.0,Hero,6,0.09050000000000001
TVS Apache RTR 180cc 2018,2018,45.0,first owner,ahmedabad,45.0,17.3,70000,180.0,TVS,6,0.09611111111111112
TVS Apache RTR 180cc 2017,2017,45.0,first owner,bangalore,45.0,17.2,60000,180.0,TVS,7,0.09555555555555555
Royal Enfield Thunderbird 350cc 2016,2016,11000.0,first owner,noida,40.0,19.8,110000,350.0,Royal Enfield,8,0.05657142857142857
Yamaha FZ S V 2.0 150cc 2018,2018,58.0,first owner,fatehabad,58.0,13.0,77000,150.0,Yamaha,6,0.08666666666666667
Royal Enfield Classic 500cc 2011,2011,25000.0,second owner,navi mumbai,32.0,27.2,150000,500.0,Royal Enfield,13,0.0544
Royal Enfield Thunderbird 350cc 2008,2008,40000.0,first owner,thane,30.0,19.8,55000,350.0,Royal Enfield,16,0.05657142857142857
Royal Enfield Classic 350cc 2013,2013,60000.0,first owner,kolkata,35.0,19.8,100000,350.0,Royal Enfield,11,0.05657142857142857
Bajaj Pulsar NS200 ABS 2018,2018,42.0,first owner,thane,42.0,23.2,88000,200.0,Bajaj,6,0.11599999999999999
Jawa Forty Two 295CC 2019,2019,2000.0,first owner,ghaziabad,40.0,27.0,155000,295.0,Jawa,5,0.09152542372881356
Bajaj Pulsar 135LS 2013,2013,46316.0,second owner,jodhpur,64.0,13.0,27000,135.0,Bajaj,11,0.0962962962962963
Bajaj Pulsar 220F 2017,2017,19220.0,second owner,bangalore,38.0,21.0,78000,220.0,Bajaj,7,0.09545454545454546
Bajaj Pulsar AS150 2015,2015,33000.0,first owner,gurgaon,53.0,16.8,52000,150.0,Bajaj,9,0.112
Bajaj Pulsar AS200 2015,2015,42.0,second owner,surat,42.0,23.2,39400,200.0,Bajaj,9,0.11599999999999999
Bajaj Avenger 220cc 2015,2015,19200.0,second owner,bangalore,40.0,19.0,55000,220.0,Bajaj,9,0.08636363636363636
Bajaj Pulsar AS200 2016,2016,42.0,first owner,pune,42.0,23.2,52800,200.0,Bajaj,8,0.11599999999999999
Bajaj Discover 125ST 2013,2013,65000.0,second owner,dankaur,65.0,12.5,28000,125.0,Bajaj,11,0.1
Bajaj Avenger Street 180 2018,2018,15000.0,first owner,delhi,45.0,15.3,69000,180.0,Bajaj,6,0.085
Yamaha FZ S V 2.0 150cc 2017,2017,58.0,first owner,unnao,58.0,13.0,65000,150.0,Yamaha,7,0.08666666666666667
Royal Enfield Classic Chrome 500cc 2012,2012,15000.0,first owner,herbertpur,32.0,27.2,150000,500.0,Royal Enfield,12,0.0544
Bajaj Pulsar 220cc 2016,2016,31000.0,first owner,bangalore,38.0,21.0,70000,220.0,Bajaj,8,0.09545454545454546
Royal Enfield Thunderbird 350cc 2016,2016,32000.0,first owner,vadodara,40.0,19.8,120000,350.0,Royal Enfield,8,0.05657142857142857
Hero Super Splendor 125cc 2010,2010,38385.0,first owner,surat,75.0,9.0,30000,125.0,Hero,14,0.072
Royal Enfield Classic 350cc 2016,2016,18000.0,first owner,alibag,35.0,19.8,120000,350.0,Royal Enfield,8,0.05657142857142857
Royal Enfield Thunderbird 350cc 2016,2016,22000.0,first owner,mumbai,40.0,19.8,120000,350.0,Royal Enfield,8,0.05657142857142857
Honda CBR 150R 150cc 2013,2013,26000.0,first owner,godhara,38.0,18.28,70000,150.0,Honda,11,0.12186666666666668
Yamaha FZ16 150cc 2009,2009,58.0,first owner,pune,58.0,13.0,40000,150.0,Yamaha,15,0.08666666666666667
Royal Enfield Himalayan 410cc 2017,2017,8700.0,first owner,murad nagar,32.0,24.5,131000,410.0,Royal Enfield,7,0.05975609756097561
Royal Enfield Thunderbird 350cc 2017,2017,9000.0,second owner,surat,40.0,19.8,120000,350.0,Royal Enfield,7,0.05657142857142857
Bajaj Avenger Cruise 220 2016,2016,17000.0,first owner,noida,35.0,19.0,70000,220.0,Bajaj,8,0.08636363636363636
Royal Enfield Thunderbird 500cc 2016,2016,13000.0,first owner,aquem,25.0,27.2,129000,500.0,Royal Enfield,8,0.0544
Bajaj Pulsar 150cc Neon 2019,2019,65.0,first owner,avadi,65.0,15.0,73000,150.0,Bajaj,5,0.1
Bajaj V15 150cc 2017,2017,8564.0,first owner,delhi,57.0,11.8,45000,150.0,Bajaj,7,0.07866666666666668
Bajaj Avenger 220cc 2017,2017,17000.0,first owner,hazaribagh,40.0,19.0,70000,220.0,Bajaj,7,0.08636363636363636
Royal Enfield Bullet Electra 350cc 2007,2007,41000.0,second owner,delhi,30.0,19.8,85000,350.0,Royal Enfield,17,0.05657142857142857
Bajaj Dominar 400 ABS 2017,2017,28.0,first owner,pimpri chinchwad,28.0,34.5,112000,400.0,Bajaj,7,0.08625
Yamaha SS 125 125cc 2011,2011,68.0,first owner,24 pargana,68.0,10.7,27000,125.0,Yamaha,13,0.0856
Honda CB Twister 110cc 2011,2011,71.0,first owner,thane,71.0,9.0,30000,110.0,Honda,13,0.08181818181818182
Royal Enfield Thunderbird 350cc 2012,2012,28500.0,first owner,mumbai,40.0,19.8,75000,350.0,Royal Enfield,12,0.05657142857142857
TVS Apache RR310 2018,2018,5000.0,first owner,kurnool,22.0,33.0,180000,310.0,TVS,6,0.1064516129032258
Bajaj Avenger Cruise 220 2018,2018,15000.0,first owner,ghaziabad,35.0,19.0,100000,220.0,Bajaj,6,0.08636363636363636
Royal Enfield Bullet Electra 350cc 2008,2008,68000.0,first owner,agra,30.0,19.8,80000,350.0,Royal Enfield,16,0.05657142857142857
Bajaj Pulsar 150cc 2009,2009,65.0,second owner,puri,65.0,14.85,22000,150.0,Bajaj,15,0.09899999999999999
Royal Enfield Classic 500cc 2016,2016,7000.0,first owner,mumbai,32.0,27.2,130000,500.0,Royal Enfield,8,0.0544
Hero Karizma R 223cc 2008,2008,27000.0,second owner,24 pargana,40.0,17.0,28000,223.0,Hero,16,0.07623318385650224
Bajaj Discover 125cc 2012,2012,28961.0,second owner,nadiad,65.0,12.5,20000,125.0,Bajaj,12,0.1
Royal Enfield Classic 350cc 2014,2014,31000.0,first owner,narnaul,35.0,19.8,95000,350.0,Royal Enfield,10,0.05657142857142857
Yamaha YZF-R15 2.0 150cc 2015,2015,33000.0,first owner,patna,42.0,16.7,83000,150.0,Yamaha,9,0.11133333333333333
Honda CB Unicorn 150cc 2009,2009,60.0,first owner,pune,60.0,14.0,45000,150.0,Honda,15,0.09333333333333334
Hero CBZ Xtreme 150cc 2012,2012,110586.0,first owner,tiruvannamalai,65.0,14.4,17400,150.0,Hero,12,0.096
Royal Enfield Classic 350cc 2017,2017,21500.0,first owner,secunderabad,35.0,19.8,115900,350.0,Royal Enfield,7,0.05657142857142857
Bajaj Avenger 220cc 2015,2015,55000.0,first owner,pune,40.0,19.0,60000,220.0,Bajaj,9,0.08636363636363636
Bajaj Avenger 220cc 2014,2014,39000.0,first owner,faridabad,40.0,19.0,40000,220.0,Bajaj,10,0.08636363636363636
Yamaha YZF-R15 V3 150cc Darknight edition BS6 2020,2020,3000.0,first owner,ambur,40.0,18.3,180000,150.0,Yamaha,4,0.12200000000000001
Royal Enfield Electra 350cc 2011,2011,36000.0,first owner,pune,37.0,19.0,98000,350.0,Royal Enfield,13,0.054285714285714284
Yamaha YZF-R15 S 150cc 2015,2015,18000.0,second owner,jaipur,42.0,16.0,80000,150.0,Yamaha,9,0.10666666666666667
Royal Enfield Thunderbird 350cc 2014,2014,19622.0,first owner,noida,40.0,19.8,80000,350.0,Royal Enfield,10,0.05657142857142857
Bajaj Discover 135cc 2008,2008,90000.0,first owner,mumbai,65.0,9.64,28000,135.0,Bajaj,16,0.0714074074074074
Suzuki Gixxer 150cc SP Rear Disc 2018,2018,41000.0,first owner,thrissur,63.0,14.0,65000,150.0,Suzuki,6,0.09333333333333334
Yamaha Gladiator 125cc 2009,2009,22000.0,first owner,bhopal,64.0,10.8,18000,125.0,Yamaha,15,0.0864
KTM RC 200cc 2015,2015,28000.0,third owner,kottayam,35.0,25.0,113000,200.0,KTM,9,0.125
Yamaha FZ 150cc 2013,2013,58.0,first owner,karnal,58.0,13.0,40000,150.0,Yamaha,11,0.08666666666666667
Royal Enfield Thunderbird 350cc 2011,2011,38000.0,first owner,noida,35.0,19.8,55346,350.0,Royal Enfield,13,0.05657142857142857
Bajaj Avenger 220cc 2014,2014,64000.0,first owner,ahmedabad,40.0,19.0,40000,220.0,Bajaj,10,0.08636363636363636
Yamaha SZ 150cc 2012,2012,172082.0,first owner,vidisha,40.0,12.0,25000,150.0,Yamaha,12,0.08
Royal Enfield‎ Bullet 350cc 2014,2014,15300.0,first owner,delhi,37.0,19.8,90000,350.0,Royal Enfield,10,0.05657142857142857
TVS Apache RTR 160cc 2016,2016,60.0,first owner,mumbai,60.0,15.2,60000,160.0,TVS,8,0.095
Royal Enfield Classic 350cc 2016,2016,45000.0,first owner,bangalore,35.0,19.8,135000,350.0,Royal Enfield,8,0.05657142857142857
TVS Apache RTR 200 4V ABS Race Edition 2019,2019,40.0,first owner,narnaul,40.0,20.23,110000,200.0,TVS,5,0.10115
Hero CBZ Xtreme 150cc 2015,2015,50000.0,first owner,visakhapatnam,65.0,14.4,50000,150.0,Hero,9,0.096
Hero Xtreme 200R ABS 2019,2019,4350.0,first owner,surat,39.4,18.1,95000,200.0,Hero,5,0.09050000000000001
Bajaj Pulsar 150cc 2016,2016,65.0,first owner,delhi,65.0,15.0,43000,150.0,Bajaj,8,0.1
Hero Glamour 125cc 2014,2014,35000.0,first owner,bhubaneshwar,55.0,8.9,41000,125.0,Hero,10,0.0712
Honda CB Unicorn 150cc 2009,2009,60.0,first owner,lucknow,60.0,14.0,22700,150.0,Honda,15,0.09333333333333334
Bajaj Pulsar NS200 2018,2018,42.0,first owner,sikar,42.0,23.2,87000,200.0,Bajaj,6,0.11599999999999999
Suzuki Intruder 150cc 2018,2018,16000.0,first owner,ranchi,40.0,14.6,75200,150.0,Suzuki,6,0.09733333333333333
TVS Apache RR310 2018,2018,2200.0,first owner,jamshedpur,22.0,33.0,180500,310.0,TVS,6,0.1064516129032258
Bajaj Avenger Street 150 2016,2016,60055.0,first owner,pune,50.0,14.3,34918,150.0,Bajaj,8,0.09533333333333334
Royal Enfield Classic 500cc 2013,2013,12800.0,first owner,bangalore,32.0,27.2,101000,500.0,Royal Enfield,11,0.0544
Yamaha FZ V 2.0 150cc 2018,2018,58.0,second owner,bangalore,58.0,13.0,69000,150.0,Yamaha,6,0.08666666666666667
Royal Enfield Standard 500cc 2018,2017,14500.0,first owner,bangalore,25.0,26.1,160000,500.0,Royal Enfield,7,0.0522
Bajaj Pulsar 150cc 2006,2006,65.0,first owner,jaipur,65.0,14.85,42000,150.0,Bajaj,18,0.09899999999999999
Royal Enfield Classic 350cc 2017,2017,26000.0,first owner,kochi,35.0,19.8,124500,350.0,Royal Enfield,7,0.05657142857142857
Royal Enfield Thunderbird 350cc 2017,2017,27000.0,second owner,almora,40.0,19.8,110000,350.0,Royal Enfield,7,0.05657142857142857
KTM RC 200cc 2017,2017,1800.0,first owner,rewari,35.0,25.1,155000,200.0,KTM,7,0.1255
Royal Enfield Classic 350cc-Redditch Edition 2017,2017,36522.0,first owner,kalyan,35.0,19.8,110000,350.0,Royal Enfield,7,0.05657142857142857
Hero Passion Plus 100cc 2009,2009,43000.0,first owner,indore,55.0,7.5,25000,100.0,Hero,15,0.075
Bajaj Pulsar RS200 ABS 2015,2015,35.0,first owner,vizianagaram,35.0,24.16,95000,200.0,Bajaj,9,0.1208
Royal Enfield Classic 350cc 2017,2017,19000.0,first owner,delhi,35.0,19.8,125000,350.0,Royal Enfield,7,0.05657142857142857
Hero CBZ Xtreme 150cc 2013,2013,60000.0,first owner,medinipur,65.0,14.4,45000,150.0,Hero,11,0.096
Royal Enfield Classic 500cc 2014,2014,10500.0,first owner,bangalore,32.0,27.2,130000,500.0,Royal Enfield,10,0.0544
Suzuki Gixxer SF Fi 150cc SP ABS 2018,2018,12000.0,first owner,delhi,40.0,14.6,70000,150.0,Suzuki,6,0.09733333333333333
TVS Apache RTR 160 4V Carburetor 2018,2018,7250.0,first owner,howrah,40.0,16.1,85000,160.0,TVS,6,0.100625
Royal Enfield Classic Gunmetal Grey 350cc 2018,2018,15000.0,first owner,gaya,35.0,19.8,150000,350.0,Royal Enfield,6,0.05657142857142857
Yamaha YZF-R15 2.0 150cc 2012,2012,11990.0,second owner,sabarkantha,42.0,16.7,75000,150.0,Yamaha,12,0.11133333333333333
TVS Star Sport 100cc 2016,2016,50000.0,first owner,vasai,95.0,7.4,36000,100.0,TVS,8,0.07400000000000001
Hero Karizma R 223cc 2015,2015,10900.0,first owner,delhi,40.0,17.0,45000,223.0,Hero,9,0.07623318385650224
Bajaj Pulsar RS200 2016,2016,35.0,first owner,delhi,35.0,24.5,98000,200.0,Bajaj,8,0.1225
TVS Victor 110cc 2003,2003,74.0,first owner,surat,74.0,9.4,12000,110.0,TVS,21,0.08545454545454546
Yamaha FZ V 2.0 150cc 2015,2015,58.0,first owner,bangalore,58.0,13.0,65000,150.0,Yamaha,9,0.08666666666666667
Royal Enfield Classic Desert Storm 500cc 2015,2015,26600.0,first owner,ahmedabad,32.0,27.2,120000,500.0,Royal Enfield,9,0.0544
Bajaj Pulsar 150cc 2008,2008,65.0,first owner,jaipur,65.0,14.85,25000,150.0,Bajaj,16,0.09899999999999999
Bajaj Pulsar 180cc 2010,2010,70000.0,first owner,ahmedabad,65.0,15.0,17000,180.0,Bajaj,14,0.08333333333333333
Hero Passion Pro 100cc 2013,2013,20000.0,first owner,mulbagal,5.0,8.2,33000,100.0,Hero,11,0.08199999999999999
UM Renegade Commando 2017,2017,40000.0,first owner,hyderabad,35.0,24.8,120000,279.0,UM,7,0.08888888888888889
Hero Honda Ambition 135cc 2005,2005,45987.0,first owner,chinchwad,40.0,11.2,15000,135.0,Hero,19,0.08296296296296296
Royal Enfield Thunderbird 350cc 2018,2018,10300.0,first owner,ahmedabad,40.0,19.8,124000,350.0,Royal Enfield,6,0.05657142857142857
Honda CB Shine 125cc 2014,2014,65.0,first owner,noida,65.0,10.0,30000,125.0,Honda,10,0.08
Royal Enfield Classic 350cc 2014,2014,10000.0,first owner,gurgaon,35.0,19.8,97000,350.0,Royal Enfield,10,0.05657142857142857
Bajaj Pulsar AS150 2016,2016,12000.0,first owner,moradabad,53.0,16.8,38900,150.0,Bajaj,8,0.112
Royal Enfield Bullet 350cc 1991,1991,26000.0,second owner,pune,37.0,19.8,98000,350.0,Royal Enfield,33,0.05657142857142857
KTM Duke 250cc 2018,2018,10000.0,second owner,puttur,40.0,29.6,160000,250.0,KTM,6,0.1184
Bajaj Pulsar 180cc 2012,2012,51000.0,first owner,moga,45.0,17.0,35000,180.0,Bajaj,12,0.09444444444444444
Royal Enfield Bullet Electra Twinspark 350cc 2017,2017,19000.0,second owner,delhi,35.0,19.8,110000,350.0,Royal Enfield,7,0.05657142857142857
Bajaj Pulsar 150cc 2007,2007,65.0,first owner,gurgaon,65.0,14.85,12000,150.0,Bajaj,17,0.09899999999999999
Hero Glamour 125cc 2006,2006,13000.0,first owner,delhi,55.0,8.9,12000,125.0,Hero,18,0.0712
Bajaj Pulsar 220F 2017,2017,23000.0,first owner,kota,38.0,21.0,76000,220.0,Bajaj,7,0.09545454545454546
Yamaha YZF-R15 2.0 150cc 2012,2012,9400.0,first owner,delhi,42.0,16.7,65000,150.0,Yamaha,12,0.11133333333333333
Royal Enfield Thunderbird 500cc 2013,2013,35000.0,first owner,mumbai,25.0,27.2,90800,500.0,Royal Enfield,11,0.0544
Bajaj Pulsar NS200 2017,2017,42.0,first owner,surat,42.0,23.2,85000,200.0,Bajaj,7,0.11599999999999999
Honda CBR 150R 150cc 2014,2014,30000.0,third owner,bhubaneshwar,38.0,18.28,57000,150.0,Honda,10,0.12186666666666668
Yamaha Fazer FI V 2.0 150cc 2016,2016,45.0,first owner,bangalore,45.0,13.0,70000,150.0,Yamaha,8,0.08666666666666667
Bajaj Avenger Street 220 2016,2016,18600.0,first owner,meerut,53.0,19.0,48000,220.0,Bajaj,8,0.08636363636363636
Royal Enfield Classic 350cc 2016,2016,5000.0,first owner,bangalore,35.0,19.8,115000,350.0,Royal Enfield,8,0.05657142857142857
Yamaha YZF-R15 150cc 2017,2017,25000.0,first owner,gurgaon,42.0,16.0,88000,150.0,Yamaha,7,0.10666666666666667
Bajaj Avenger 220cc 2013,2013,37000.0,first owner,bangalore,40.0,19.0,45000,220.0,Bajaj,11,0.08636363636363636
Suzuki Gixxer Fi 150cc ABS 2019,2019,8700.0,first owner,mysore,40.0,14.6,88100,150.0,Suzuki,5,0.09733333333333333
Royal Enfield Thunderbird 350cc 2015,2015,30000.0,first owner,hyderabad,40.0,19.8,105000,350.0,Royal Enfield,9,0.05657142857142857
Hero Karizma ZMR 223cc 2012,2012,53000.0,first owner,jodhpur,48.0,20.0,50000,223.0,Hero,12,0.08968609865470852
TVS Apache RTR 180cc 2010,2010,45.0,first owner,bikaner,45.0,17.2,30000,180.0,TVS,14,0.09555555555555555
Royal Enfield Thunderbird 500cc 2012,2012,33300.0,second owner,thane,25.0,27.2,130000,500.0,Royal Enfield,12,0.0544
TVS Apache RTR 200 4V FI 2017,2017,40.0,first owner,delhi,40.0,20.7,80000,200.0,TVS,7,0.1035
Royal Enfield Classic Chrome 500cc 2016,2016,7000.0,first owner,kalyan,32.0,27.2,160000,500.0,Royal Enfield,8,0.0544
Royal Enfield Thunderbird X 350cc 2018,2018,18000.0,first owner,cuttack,40.0,19.8,135000,350.0,Royal Enfield,6,0.05657142857142857
Royal Enfield Thunderbird 350cc 2012,2012,15215.0,first owner,mumbai,40.0,19.8,70000,350.0,Royal Enfield,12,0.05657142857142857
Royal Enfield Standard 500cc 2016,2016,34000.0,first owner,mumbai,25.0,26.1,100000,500.0,Royal Enfield,8,0.0522
Hyosung Aquila 250 250cc 2015,2015,5000.0,first owner,mumbai,40.0,19.0,160000,250.0,Hyosung,9,0.076
MV Agusta F3 800cc 2018,2018,2000.0,first owner,hubli,15.0,145.9,1500000,800.0,MV Agusta,6,0.182375
Royal Enfield Thunderbird 350cc 2017,2017,10100.0,first owner,chennai,40.0,19.8,140000,350.0,Royal Enfield,7,0.05657142857142857
TVS Apache RR310 2018,2018,11000.0,first owner,pune,22.0,33.0,220000,310.0,TVS,6,0.1064516129032258
Suzuki Gixxer SF Fi 150cc 2017,2017,3374.0,first owner,gurgaon,40.0,14.6,80000,150.0,Suzuki,7,0.09733333333333333
Hero Passion Plus 100cc 2008,2008,39000.0,third owner,ahmedabad,55.0,7.5,20000,100.0,Hero,16,0.075
Royal Enfield Bullet Electra 350cc 2012,2012,25000.0,first owner,mumbai,40.0,19.8,85000,350.0,Royal Enfield,12,0.05657142857142857
Bajaj Discover 125cc 2010,2010,90000.0,first owner,sonbhadra,65.0,12.5,30000,125.0,Bajaj,14,0.1
UM Renegade Sport S 2017,2017,5000.0,first owner,mumbai,35.0,24.8,125000,279.0,UM,7,0.08888888888888889
Royal Enfield Thunderbird 500cc 2018,2018,18000.0,first owner,thane,25.0,27.2,150000,500.0,Royal Enfield,6,0.0544
Bajaj Avenger Street 150 2018,2018,15000.0,first owner,delhi,45.0,14.3,55000,150.0,Bajaj,6,0.09533333333333334
Royal Enfield Standard 350cc 2000,2000,30.0,second owner,kolkata,30.0,18.0,112425,350.0,Royal Enfield,24,0.05142857142857143
KTM RC 200cc 2016,2016,6500.0,first owner,bangalore,35.0,25.1,145000,200.0,KTM,8,0.1255
Hero Splendor Plus IBS i3S 100cc 2019,2019,3600.0,first owner,pune,55.0,8.2,67000,100.0,Hero,5,0.08199999999999999
TVS Apache RTR 160cc 2017,2017,60.0,first owner,delhi,60.0,15.2,56700,160.0,TVS,7,0.095
Suzuki Gixxer Fi 150cc ABS 2019,2019,9999.0,first owner,pune,40.0,14.6,109999,150.0,Suzuki,5,0.09733333333333333
Yamaha FZ 150cc 2017,2009,58.0,first owner,kolkata,58.0,13.0,80000,150.0,Yamaha,15,0.08666666666666667
TVS Apache RTR 180cc 2016,2016,45.0,first owner,raipur,45.0,17.2,65000,180.0,TVS,8,0.09555555555555555
Bajaj Pulsar NS160 Rear Disc ABS 2019,2019,13200.0,first owner,chennai,40.0,15.5,80100,160.0,Bajaj,5,0.096875
Honda CB Unicorn 150cc 2012,2012,60.0,first owner,bangalore,60.0,14.0,45000,150.0,Honda,12,0.09333333333333334
Bajaj Pulsar 180cc 2013,2013,34000.0,first owner,halol,65.0,15.0,35000,180.0,Bajaj,11,0.08333333333333333
Bajaj Avenger Street 220 2017,2017,20000.0,first owner,bangalore,53.0,19.0,80000,220.0,Bajaj,7,0.08636363636363636
TVS Apache RTR 200 4V Carburetor 2017,2017,40.0,first owner,bangalore,40.0,20.7,95000,200.0,TVS,7,0.1035
Royal Enfield Classic Desert Storm 500cc 2015,2015,12500.0,second owner,delhi,32.0,27.2,105000,500.0,Royal Enfield,9,0.0544
Royal Enfield Standard 500cc 2012,2012,7040.0,first owner,gurgaon,25.0,26.37,130000,500.0,Royal Enfield,12,0.05274
TVS Apache RTR 160cc FRONT DISC ABS 2019,2019,60.0,first owner,noida,60.0,15.2,83000,160.0,TVS,5,0.095
UM Renegade Sport S 2018,2018,5000.0,second owner,bhiwandi,35.0,24.8,120000,279.0,UM,6,0.08888888888888889
Royal Enfield Thunderbird X 350cc 2018,2018,17000.0,first owner,chennai,40.0,19.8,137000,350.0,Royal Enfield,6,0.05657142857142857
Royal Enfield Standard 500cc 2014,2014,17500.0,second owner,bangalore,25.0,26.1,90000,500.0,Royal Enfield,10,0.0522
Bajaj Pulsar 150cc 2006,2006,65.0,first owner,thane,65.0,14.85,16000,150.0,Bajaj,18,0.09899999999999999
Royal Enfield Himalayan 410cc 2016,2016,13500.0,first owner,chennai,32.0,24.5,138000,410.0,Royal Enfield,8,0.05975609756097561
Royal Enfield Classic 350cc 2010,2010,97000.0,second owner,bangalore,35.0,19.8,71400,350.0,Royal Enfield,14,0.05657142857142857
Honda CBR 250R ABS 2013,2013,38.0,second owner,delhi,38.0,26.15,130000,250.0,Honda,11,0.1046
Royal Enfield Classic 350cc ABS Stormrider Sand BS6 2020,2020,4000.0,first owner,chandigarh,35.0,19.1,162900,350.0,Royal Enfield,4,0.054571428571428576
Royal Enfield Thunderbird 350cc 2015,2015,50000.0,first owner,mumbai,40.0,19.8,80000,350.0,Royal Enfield,9,0.05657142857142857
Royal Enfield Classic 350cc Signals Edition 2018,2018,17200.0,first owner,pune,35.0,19.8,150100,350.0,Royal Enfield,6,0.05657142857142857
Hero Glamour 125cc 2005,2005,12000.0,first owner,gurgaon,55.0,8.9,10000,125.0,Hero,19,0.0712
Bajaj V15 150cc 2016,2016,10924.0,first owner,rajkot,57.0,11.8,61000,150.0,Bajaj,8,0.07866666666666668
Kawasaki Ninja 1000 2016,2016,1000.0,first owner,chennai,15.0,140.0,900000,1000.0,Kawasaki,8,0.14
Harley-Davidson Street 750 ABS 2020,2020,500.0,first owner,delhi,20.0,47.0,515000,750.0,Harley-Davidson,4,0.06266666666666666
Royal Enfield Classic 500cc 2017,2017,14000.0,first owner,bangalore,35.0,27.2,140000,500.0,Royal Enfield,7,0.0544
Bajaj Pulsar 135LS 2011,2011,45000.0,first owner,bharuch,64.0,13.0,15000,135.0,Bajaj,13,0.0962962962962963
Bajaj Pulsar 135LS 2015,2015,20000.0,first owner,nawanshahr,64.0,13.0,45000,135.0,Bajaj,9,0.0962962962962963
Bajaj Avenger Street 160 ABS 2019,2019,3700.0,first owner,guwahati,40.0,15.3,74700,160.0,Bajaj,5,0.095625
Jawa Forty Two 295CC 2019,2019,245.0,first owner,faridabad,40.0,27.0,137800,295.0,Jawa,5,0.09152542372881356
Hero Xtreme 200S 2020,2020,2500.0,first owner,alwar,40.0,18.1,94900,200.0,Hero,4,0.09050000000000001
Bajaj Avenger Street 150 2017,2017,35000.0,first owner,bangalore,45.0,14.3,60800,150.0,Bajaj,7,0.09533333333333334
Bajaj Pulsar RS200 2016,2016,35.0,first owner,gurgaon,35.0,24.5,95000,200.0,Bajaj,8,0.1225
Bajaj Pulsar 220cc 2013,2013,37000.0,second owner,bangalore,38.0,21.0,38000,220.0,Bajaj,11,0.09545454545454546
Bajaj Pulsar ABS 150cc 2019,2019,65.0,first owner,panchkula,65.0,15.0,83000,150.0,Bajaj,5,0.1
Bajaj Pulsar 220F 2018,2018,30289.0,first owner,bangalore,38.0,21.0,85000,220.0,Bajaj,6,0.09545454545454546
Bajaj Pulsar 220F 2010,2010,14800.0,first owner,margao,38.0,21.0,30000,220.0,Bajaj,14,0.09545454545454546
Royal Enfield Himalayan 410cc 2017,2017,10000.0,second owner,latur,32.0,24.5,125000,410.0,Royal Enfield,7,0.05975609756097561
Royal Enfield Classic 350cc 2015,2015,18000.0,first owner,sitamarhi,35.0,19.8,110000,350.0,Royal Enfield,9,0.05657142857142857
Royal Enfield Classic 500cc 2011,2011,50000.0,second owner,mumbai,32.0,27.2,85000,500.0,Royal Enfield,13,0.0544
Royal Enfield Classic Desert Storm 500cc 2013,2013,43000.0,first owner,pune,32.0,27.2,120000,500.0,Royal Enfield,11,0.0544
KTM Duke 250cc 2018,2018,20000.0,first owner,pune,40.0,29.6,160000,250.0,KTM,6,0.1184
TVS Apache RTR 160cc 2010,2010,60.0,first owner,bangalore,60.0,15.2,35000,160.0,TVS,14,0.095
Bajaj Pulsar 180F NEON ABS BS6 2020,2020,1800.0,first owner,agartala,45.0,16.6,170000,180.0,Bajaj,4,0.09222222222222223
UM Renegade Commando 2017,2017,11900.0,first owner,delhi,35.0,24.8,120000,279.0,UM,7,0.08888888888888889
Bajaj Dominar 400 ABS 2017,2017,28.0,first owner,nagpur,28.0,34.5,150000,400.0,Bajaj,7,0.08625
Royal Enfield Classic 350cc 2016,2016,16000.0,second owner,hyderabad,35.0,19.8,112000,350.0,Royal Enfield,8,0.05657142857142857
Honda CBF Stunner 125cc 2010,2010,65.0,first owner,jaipur,65.0,11.0,28000,125.0,Honda,14,0.088
Royal Enfield Classic 350cc 2019,2019,22662.0,first owner,delhi,35.0,19.8,155000,350.0,Royal Enfield,5,0.05657142857142857
Royal Enfield Classic Squadron Blue 500cc 2016,2016,36000.0,first owner,chennai,25.0,27.2,138000,500.0,Royal Enfield,8,0.0544
Royal Enfield Thunderbird 500cc 2013,2013,6465.0,first owner,udaipur,25.0,27.2,110000,500.0,Royal Enfield,11,0.0544
Royal Enfield Himalayan 410cc 2017,2017,10000.0,second owner,latur,32.0,24.5,122900,410.0,Royal Enfield,7,0.05975609756097561
TVS Apache RTR 160 4V DISC ABS 2019,2019,18000.0,first owner,delhi,40.0,16.1,83999,160.0,TVS,5,0.100625
Yamaha YZF-R15 150cc 2017,2017,25500.0,first owner,delhi,42.0,16.0,85000,150.0,Yamaha,7,0.10666666666666667
Honda Dream Yuga 110cc 2013,2013,84.0,first owner,ghaziabad,84.0,8.25,30000,110.0,Honda,11,0.075
Royal Enfield Classic 500cc 2019,2019,13842.0,first owner,deoghar,35.0,27.2,178600,500.0,Royal Enfield,5,0.0544
Royal Enfield Classic Desert Storm 500cc 2013,2013,50000.0,second owner,mohali,32.0,27.2,84100,500.0,Royal Enfield,11,0.0544
Royal Enfield Thunderbird 500cc 2014,2014,3985.0,first owner,kanpur nagar,25.0,27.2,115000,500.0,Royal Enfield,10,0.0544
Bajaj Discover 110cc Drum CBS 2019,2019,8300.0,first owner,kolkata,40.0,8.6,45000,110.0,Bajaj,5,0.07818181818181817
Royal Enfield Thunderbird 350cc 2014,2014,24000.0,first owner,tiruvallur,40.0,19.8,72000,350.0,Royal Enfield,10,0.05657142857142857
TVS Apache RTR 180cc 2017,2017,45.0,first owner,hyderabad,45.0,17.2,68000,180.0,TVS,7,0.09555555555555555
Bajaj Avenger Street 150 2016,2016,31000.0,first owner,vadodara,50.0,14.3,50000,150.0,Bajaj,8,0.09533333333333334
Bajaj Pulsar RS200 ABS 2018,2018,35.0,first owner,shimla,35.0,24.5,125000,200.0,Bajaj,6,0.1225
Bajaj Pulsar NS200 2017,2017,42.0,first owner,navi mumbai,42.0,23.2,76500,200.0,Bajaj,7,0.11599999999999999
Royal Enfield Classic 350cc 2013,2013,14000.0,second owner,mohali,35.0,19.8,97000,350.0,Royal Enfield,11,0.05657142857142857
Bajaj Avenger Street 220 2016,2016,35000.0,first owner,pune,53.0,19.0,61600,220.0,Bajaj,8,0.08636363636363636
Royal Enfield Electra 350cc 2016,2016,26000.0,first owner,bangalore,25.0,19.8,103500,350.0,Royal Enfield,8,0.05657142857142857
Yamaha FZs 150cc 2011,2011,50000.0,first owner,pune,45.0,13.0,43500,150.0,Yamaha,13,0.08666666666666667
Harley-Davidson Street 750 2015,2015,2270.0,first owner,pune,20.0,47.0,430000,750.0,Harley-Davidson,9,0.06266666666666666
Hyosung GT250R 2016,2016,19000.0,second owner,faridabad,30.0,28.0,197200,250.0,Hyosung,8,0.112
Honda CB Hornet 160R CBS 2017,2017,52.0,first owner,bangalore,52.0,15.44,62100,160.0,Honda,7,0.0965
Royal Enfield Classic 350cc 2014,2014,35000.0,first owner,gurgaon,35.0,19.8,109500,350.0,Royal Enfield,10,0.05657142857142857
Yamaha Fazer 150cc 2010,2010,45.0,first owner,ghaziabad,45.0,13.0,22000,150.0,Yamaha,14,0.08666666666666667
TVS Apache RTR 160cc 2012,2012,60.0,first owner,gurgaon,60.0,15.2,34000,160.0,TVS,12,0.095
Yamaha FZS-FI V 3.0 150cc 2019,2019,15500.0,first owner,noida,40.0,13.0,100000,150.0,Yamaha,5,0.08666666666666667
Yamaha FZ S V 2.0 150cc 2014,2014,58.0,second owner,idukki,58.0,13.0,45700,150.0,Yamaha,10,0.08666666666666667
Royal Enfield Thunderbird 350cc 2015,2015,13000.0,first owner,surat,40.0,19.8,109800,350.0,Royal Enfield,9,0.05657142857142857
Yamaha FZ 150cc 2009,2009,58.0,second owner,jamnagar,58.0,13.0,19800,150.0,Yamaha,15,0.08666666666666667
Bajaj Discover 135cc 2007,2007,65000.0,first owner,delhi,65.0,9.64,10000,135.0,Bajaj,17,0.0714074074074074
Honda CB Unicorn Dazzler 150cc 2011,2011,60.0,first owner,bhubaneshwar,60.0,14.0,30000,150.0,Honda,13,0.09333333333333334
Suzuki Gixxer SF 150cc ABS 2019,2019,13000.0,second owner,hyderabad,40.0,14.6,80000,150.0,Suzuki,5,0.09733333333333333
Bajaj Pulsar RS200 2015,2015,35.0,first owner,mumbai,35.0,24.16,80900,200.0,Bajaj,9,0.1208
Yamaha FZ S V 2.0 150cc 2016,2016,58.0,second owner,ratlam,58.0,13.0,47000,150.0,Yamaha,8,0.08666666666666667
Bajaj Pulsar 150cc 2018,2018,65.0,first owner,ludhiana,65.0,15.0,60000,150.0,Bajaj,6,0.1
Hero Karizma ZMR 223cc 2015,2015,24000.0,second owner,dehradun,48.0,20.0,40000,223.0,Hero,9,0.08968609865470852
Honda CBR 250R 2013,2013,38.0,first owner,alibag,38.0,26.15,70000,250.0,Honda,11,0.1046
Bajaj Pulsar 180cc 2011,2011,70000.0,first owner,gurgaon,65.0,15.0,32500,180.0,Bajaj,13,0.08333333333333333
Hero Splendor iSmart 110cc 2016,2016,13000.0,third owner,delhi,55.0,9.3,38500,110.0,Hero,8,0.08454545454545455
Bajaj Platina Alloy ES-110cc 2019,2019,104.0,first owner,ghaziabad,104.0,8.2,47000,110.0,Bajaj,5,0.07454545454545454
Royal Enfield Classic Stealth Black 500cc 2018,2018,3000.0,first owner,kollam,32.0,27.2,220000,500.0,Royal Enfield,6,0.0544
Bajaj Pulsar 220cc 2009,2009,30000.0,first owner,agra,38.0,21.0,27000,220.0,Bajaj,15,0.09545454545454546
Royal Enfield Himalayan 410cc 2016,2016,12400.0,first owner,delhi,32.0,24.5,160000,410.0,Royal Enfield,8,0.05975609756097561
Bajaj V15 150cc 2016,2016,18700.0,first owner,nalgonda,57.0,11.8,42000,150.0,Bajaj,8,0.07866666666666668
TVS Apache RTR 180cc 2011,2011,45.0,first owner,zirakpur,45.0,17.2,30000,180.0,TVS,13,0.09555555555555555
Harley-Davidson Street 750 2014,2014,7290.0,second owner,mysore,20.0,47.0,351500,750.0,Harley-Davidson,10,0.06266666666666666
Royal Enfield Bullet 350cc 2019,2017,19000.0,first owner,delhi,40.0,19.8,113000,350.0,Royal Enfield,7,0.05657142857142857
KTM RC 200cc 2015,2015,1147.0,first owner,noida,35.0,25.0,145000,200.0,KTM,9,0.125
KTM Duke 125cc 2019,2019,25000.0,first owner,hyderabad,40.0,14.3,109600,125.0,KTM,5,0.1144
Royal Enfield Electra 350cc 2017,2017,4500.0,first owner,noida,25.0,19.8,106000,350.0,Royal Enfield,7,0.05657142857142857
Hero Karizma ZMR 223cc 2012,2012,13000.0,first owner,delhi,48.0,20.0,30000,223.0,Hero,12,0.08968609865470852
UM Renegade Commando Classic 2017,2017,13500.0,first owner,dehradun,35.0,25.0,150000,279.0,UM,7,0.08960573476702509
UM Renegade Commando 2018,2018,10000.0,first owner,noida,35.0,24.8,170000,279.0,UM,6,0.08888888888888889
Royal Enfield Bullet Electra 350cc 2015,2015,84000.0,first owner,puri,40.0,19.8,87000,350.0,Royal Enfield,9,0.05657142857142857
Bajaj Pulsar 150cc 2007,2007,65.0,first owner,panipat,65.0,14.85,10900,150.0,Bajaj,17,0.09899999999999999
Yamaha YZF-R15 V3 150CC ABS 2019,2019,4394.0,first owner,noida,40.0,18.7,130000,150.0,Yamaha,5,0.12466666666666666
Yamaha YZF-R15 150cc 2015,2015,24000.0,first owner,gurgaon,42.0,16.0,59000,150.0,Yamaha,9,0.10666666666666667
Royal Enfield Bullet Electra 350cc 2016,2016,24000.0,first owner,delhi,40.0,19.8,96000,350.0,Royal Enfield,8,0.05657142857142857
Bajaj Avenger Street 150 2016,2016,45000.0,first owner,mumbai,50.0,14.3,64000,150.0,Bajaj,8,0.09533333333333334
Hero Super Splendor 125cc 2019,2019,11000.0,first owner,jaipur,75.0,9.0,63000,125.0,Hero,5,0.072
Hero Splendor Plus Kick Alloy 100cc IBS 2020,2020,10000.0,first owner,ghaziabad,81.0,8.2,68500,100.0,Hero,4,0.08199999999999999
Hero Passion Xpro Disc 2018,2018,23789.0,first owner,delhi,55.0,8.0,55500,109.0,Hero,6,0.07339449541284404
Hero Passion Xpro Disc 2018,2018,16200.0,first owner,delhi,55.0,8.0,55500,109.0,Hero,6,0.07339449541284404
Honda CB Shine 125cc 2014,2014,65.0,first owner,hyderabad,65.0,10.0,40000,125.0,Honda,10,0.08
Royal Enfield Bullet 350cc KS EFI BS6 2020,2020,37.0,first owner,chandigarh,37.0,19.1,158000,350.0,Royal Enfield,4,0.054571428571428576
Royal Enfield Standard 350cc 2018,2018,37.0,first owner,chandigarh,37.0,19.8,140000,350.0,Royal Enfield,6,0.05657142857142857
Royal Enfield Standard 350cc 2018,2018,37.0,first owner,chandigarh,37.0,19.8,138000,350.0,Royal Enfield,6,0.05657142857142857
Royal Enfield Classic 350cc 2017,2017,2000.0,second owner,chandigarh,35.0,19.8,145000,350.0,Royal Enfield,7,0.05657142857142857
Royal Enfield Bullet 350cc KS EFI Black BS6 2020,2020,37.0,first owner,chandigarh,37.0,19.8,150000,350.0,Royal Enfield,4,0.05657142857142857
Suzuki Gixxer 150cc 2015,2015,9800.0,first owner,delhi,63.0,14.0,48000,150.0,Suzuki,9,0.09333333333333334
Bajaj Dominar 400 ABS 2017,2017,28.0,first owner,delhi,28.0,34.5,119500,400.0,Bajaj,7,0.08625
Bajaj Avenger Street 220 2017,2017,11500.0,first owner,delhi,53.0,19.0,62000,220.0,Bajaj,7,0.08636363636363636
Bajaj CT 100 100cc 2018,2018,15000.0,first owner,delhi,89.0,8.1,41500,100.0,Bajaj,6,0.081
Hero Splendor Plus Self Alloy 100cc 2018,2018,9000.0,first owner,delhi,55.0,8.2,52500,100.0,Hero,6,0.08199999999999999
Yamaha YZF-R15 V3 150CC ABS 2019,2019,5500.0,first owner,delhi,40.0,18.7,145000,150.0,Yamaha,5,0.12466666666666666
Honda CB Trigger 150cc 2014,2014,35000.0,first owner,gurgaon,60.0,14.0,27000,150.0,Honda,10,0.09333333333333334
Bajaj V15 150cc 2016,2016,35467.0,first owner,gurgaon,57.0,11.8,33000,150.0,Bajaj,8,0.07866666666666668
Yamaha FZ 150cc 2014,2014,58.0,first owner,delhi,58.0,13.0,43650,150.0,Yamaha,10,0.08666666666666667
Bajaj Pulsar 150cc 2017,2017,65.0,first owner,delhi,65.0,15.0,66300,150.0,Bajaj,7,0.1
Honda CB Trigger 150cc 2014,2014,30000.0,first owner,delhi,60.0,14.0,36000,150.0,Honda,10,0.09333333333333334
Bajaj Discover 125M 2015,2015,12000.0,first owner,delhi,65.0,12.5,35000,125.0,Bajaj,9,0.1
Honda CB Unicorn 150cc 2015,2015,60.0,first owner,mumbai,60.0,14.0,50000,150.0,Honda,9,0.09333333333333334
Royal Enfield Thunderbird 350cc 2018,2018,900.0,first owner,mumbai,40.0,19.8,170000,350.0,Royal Enfield,6,0.05657142857142857
Royal Enfield Thunderbird 350cc 2018,2018,10000.0,first owner,mumbai,40.0,19.8,170000,350.0,Royal Enfield,6,0.05657142857142857
Royal Enfield Classic 350cc 2017,2017,29000.0,third owner,hyderabad,35.0,19.8,140000,350.0,Royal Enfield,7,0.05657142857142857
Yamaha FZ S V 2.0 150cc 2018,2018,58.0,first owner,hyderabad,58.0,13.0,77000,150.0,Yamaha,6,0.08666666666666667
Royal Enfield Electra 350cc 2018,2018,3800.0,first owner,faridabad,37.0,19.0,119000,350.0,Royal Enfield,6,0.054285714285714284
Royal Enfield Bullet 350cc ES EFI BS6 2020,2020,37.0,first owner,faridabad,37.0,19.8,145000,350.0,Royal Enfield,4,0.05657142857142857
Royal Enfield Thunderbird X 350cc ABS 2019,2019,4000.0,first owner,chandigarh,40.0,19.8,155000,350.0,Royal Enfield,5,0.05657142857142857
Hero Passion Pro 100cc 2014,2014,25853.0,first owner,jaipur,5.0,8.2,34000,100.0,Hero,10,0.08199999999999999
Hero Passion Pro i3S Alloy 100cc 2018,2018,28975.0,first owner,jaipur,84.0,8.2,48000,100.0,Hero,6,0.08199999999999999
Bajaj Dominar 400 ABS 2019,2019,28.0,first owner,mumbai,28.0,34.5,195000,400.0,Bajaj,5,0.08625
Royal Enfield Classic 500cc 2018,2018,2800.0,first owner,mumbai,35.0,27.2,190000,500.0,Royal Enfield,6,0.0544
Bajaj Discover 100cc 2009,2009,80.0,first owner,delhi,80.0,7.7,17000,100.0,Bajaj,15,0.077
KTM Duke 200cc 2016,2016,17000.0,first owner,jodhpur,35.0,24.6,105000,200.0,KTM,8,0.12300000000000001
Hero Xtreme 200R 2019,2019,20000.0,first owner,jalpaiguri,39.4,18.1,85900,200.0,Hero,5,0.09050000000000001
Suzuki Gixxer 150cc ABS 2018,2018,9000.0,first owner,hyderabad,63.0,14.0,79999,150.0,Suzuki,6,0.09333333333333334
TVS Apache RTR 200 4V FI 2018,2018,40.0,first owner,bangalore,40.0,20.7,130000,200.0,TVS,6,0.1035
Royal Enfield Classic 350cc Dual Disc 2018,2018,8000.0,first owner,motihari,35.0,19.8,205000,350.0,Royal Enfield,6,0.05657142857142857
TVS Apache RTR 160cc 2012,2012,60.0,second owner,rohtak,60.0,15.2,30000,160.0,TVS,12,0.095
Royal Enfield Bullet 500cc 2016,2016,8000.0,first owner,faridabad,25.0,26.37,180000,500.0,Royal Enfield,8,0.05274
Bajaj Dominar 400 ABS 2017,2017,28.0,first owner,chennai,28.0,34.5,140000,400.0,Bajaj,7,0.08625
Royal Enfield Classic 500cc 2017,2017,24000.0,first owner,faridabad,35.0,27.2,165000,500.0,Royal Enfield,7,0.0544
Bajaj Avenger 220cc 2014,2014,10000.0,second owner,hyderabad,40.0,19.0,48000,220.0,Bajaj,10,0.08636363636363636
KTM RC 200cc 2016,2016,13000.0,first owner,thane,35.0,25.1,124400,200.0,KTM,8,0.1255
Royal Enfield Bullet Electra 350cc 2006,2006,49216.0,first owner,delhi,30.0,19.8,59500,350.0,Royal Enfield,18,0.05657142857142857
TVS Apache RTR 200 4V Carburetor 2017,2017,40.0,first owner,kalyan,40.0,20.7,64600,200.0,TVS,7,0.1035
Bajaj Pulsar 150cc 2007,2007,65.0,first owner,greater noida,65.0,14.85,10900,150.0,Bajaj,17,0.09899999999999999
Hyosung GT250R 2014,2014,8903.0,first owner,delhi,30.0,28.0,180000,250.0,Hyosung,10,0.112
Hero Karizma ZMR 223cc 2015,2015,19000.0,first owner,delhi,48.0,20.0,63375,223.0,Hero,9,0.08968609865470852
Yamaha YZF-R15 2.0 150cc 2017,2017,7018.0,first owner,delhi,42.0,16.7,80000,150.0,Yamaha,7,0.11133333333333333
Honda CB Shine 125cc 2014,2014,65.0,first owner,mandi dabwali,65.0,10.0,22000,125.0,Honda,10,0.08
Royal Enfield Classic Squadron Blue 500cc 2016,2016,14000.0,first owner,jalandhar,25.0,27.2,125000,500.0,Royal Enfield,8,0.0544
Bajaj Pulsar 220F 2017,2017,17000.0,first owner,delhi,38.0,21.0,70000,220.0,Bajaj,7,0.09545454545454546
Royal Enfield Classic 350cc 2017,2017,10000.0,first owner,delhi,35.0,19.8,118000,350.0,Royal Enfield,7,0.05657142857142857
Royal Enfield Classic 350cc 2018,2018,6300.0,first owner,delhi,35.0,19.8,129500,350.0,Royal Enfield,6,0.05657142857142857
Yamaha YZF-R15 150cc 2013,2013,2191.0,first owner,delhi,42.0,16.0,75000,150.0,Yamaha,11,0.10666666666666667
Yamaha FZs 150cc 2014,2014,11000.0,first owner,delhi,45.0,13.0,47040,150.0,Yamaha,10,0.08666666666666667
Hero Passion Pro 100cc 2009,2009,12000.0,first owner,delhi,5.0,8.2,19600,100.0,Hero,15,0.08199999999999999
TVS Apache RTR 180cc ABS 2015,2015,45.0,first owner,delhi,45.0,17.2,54600,180.0,TVS,9,0.09555555555555555
Royal Enfield Thunderbird 350cc 2013,2013,23000.0,first owner,faridabad,40.0,19.8,63000,350.0,Royal Enfield,11,0.05657142857142857
Bajaj Pulsar 150cc 2015,2015,65.0,first owner,jaipur,65.0,14.85,49000,150.0,Bajaj,9,0.09899999999999999
Harley-Davidson Street 750 2015,2015,10943.0,first owner,mumbai,20.0,47.0,365000,750.0,Harley-Davidson,9,0.06266666666666666
Royal Enfield Classic 350cc Signals Edition 2019,2019,6000.0,first owner,chandigarh,35.0,19.8,175000,350.0,Royal Enfield,5,0.05657142857142857
Bajaj V15 150cc 2016,2016,35466.0,first owner,gurgaon,57.0,11.8,32000,150.0,Bajaj,8,0.07866666666666668
Hero Super Splendor 125cc 2011,2011,28547.0,first owner,faridabad,75.0,9.0,18000,125.0,Hero,13,0.072
KTM Duke 200cc 2018,2018,8000.0,first owner,mumbai,35.0,24.6,130000,200.0,KTM,6,0.12300000000000001
Royal Enfield Classic 350cc 2017,2017,11776.0,first owner,faridabad,35.0,19.8,110000,350.0,Royal Enfield,7,0.05657142857142857
TVS Apache RTR 180cc 2015,2015,45.0,first owner,jaipur,45.0,17.2,55000,180.0,TVS,9,0.09555555555555555
Honda CB Trigger 150cc 2016,2016,14244.0,first owner,gurgaon,60.0,14.0,33000,150.0,Honda,8,0.09333333333333334
KTM RC 200cc 2016,2016,36000.0,first owner,mumbai,35.0,25.1,95000,200.0,KTM,8,0.1255
TVS Apache RTR 180cc 2016,2016,45.0,first owner,delhi,45.0,17.2,66300,180.0,TVS,8,0.09555555555555555
Suzuki Intruder 150cc 2019,2019,8000.0,first owner,bangalore,40.0,14.6,82450,150.0,Suzuki,5,0.09733333333333333
Honda CB Shine 125cc 2011,2011,65.0,first owner,navi mumbai,65.0,10.0,40000,125.0,Honda,13,0.08
Yamaha FZ25 250cc 2018,2018,19142.0,first owner,dhanbad,43.0,20.3,95000,250.0,Yamaha,6,0.08120000000000001
Hero Xpulse 200T 2019,2019,1513.0,first owner,surat,40.0,18.1,88800,200.0,Hero,5,0.09050000000000001
Suzuki Gixxer 150cc 2015,2015,48000.0,first owner,khopoli,63.0,14.0,50000,150.0,Suzuki,9,0.09333333333333334
Yamaha FZS FI V3 2019,2019,30000.0,first owner,hyderabad,40.0,13.0,87700,150.0,Yamaha,5,0.08666666666666667
Honda CB Hornet 160R  ABS STD 2019,2019,52.0,first owner,hyderabad,52.0,15.44,95000,160.0,Honda,5,0.0965
Bajaj Discover150 150cc 2014,2014,70.0,first owner,jaipur,70.0,13.0,28000,150.0,Bajaj,10,0.08666666666666667
Hero Hunk 150cc 2011,2011,31214.0,first owner,gurgaon,53.0,14.0,17000,150.0,Hero,13,0.09333333333333334
Hero Xtreme Sports 149cc 2015,2015,17330.0,first owner,jaipur,40.0,19.0,56000,149.0,Hero,9,0.12751677852348994
Bajaj V15 150cc 2016,2016,23492.0,first owner,gurgaon,57.0,11.8,32000,150.0,Bajaj,8,0.07866666666666668
Hero Splendor iSmart 100cc 2016,2016,6000.0,first owner,jaipur,55.0,8.2,36000,100.0,Hero,8,0.08199999999999999
Royal Enfield Thunderbird X 350cc 2018,2018,3000.0,first owner,jalandhar,40.0,19.8,148000,350.0,Royal Enfield,6,0.05657142857142857
TVS Victor 110cc 2017,2017,74.0,first owner,ghaziabad,74.0,9.4,41500,110.0,TVS,7,0.08545454545454546
Royal Enfield Thunderbird 350cc 2018,2018,6965.0,first owner,ghaziabad,40.0,19.8,134500,350.0,Royal Enfield,6,0.05657142857142857
Hero Splendor 100cc 2004,2004,61122.0,first owner,ahmedabad,45.0,6.15,23000,100.0,Hero,20,0.061500000000000006
Royal Enfield Classic 500cc 2015,2015,8866.0,first owner,jalandhar,32.0,27.2,131000,500.0,Royal Enfield,9,0.0544
Bajaj V15 150cc 2016,2016,4725.0,first owner,ludhiana,57.0,11.8,52000,150.0,Bajaj,8,0.07866666666666668
Royal Enfield Standard 350cc 2018,2018,37.0,second owner,chandigarh,37.0,19.8,135000,350.0,Royal Enfield,6,0.05657142857142857
Yamaha YZF-R15 150cc 2012,2012,24000.0,first owner,chandigarh,42.0,16.0,70000,150.0,Yamaha,12,0.10666666666666667
Royal Enfield Classic 350cc 2018,2018,7000.0,first owner,chandigarh,35.0,19.8,145000,350.0,Royal Enfield,6,0.05657142857142857
TVS Apache RR310 2018,2018,11000.0,second owner,bangalore,22.0,33.0,197000,310.0,TVS,6,0.1064516129032258
Bajaj Avenger Street 180 2018,2018,9900.0,first owner,hyderabad,45.0,15.3,81000,180.0,Bajaj,6,0.085
Honda CB Shine 125cc 2016,2016,65.0,first owner,hyderabad,65.0,10.0,59000,125.0,Honda,8,0.08
Yamaha FZS FI 150cc 2016,2016,58.0,first owner,delhi,58.0,13.0,58500,150.0,Yamaha,8,0.08666666666666667
Royal Enfield Classic 500cc 2013,2013,13000.0,first owner,delhi,32.0,27.2,107310,500.0,Royal Enfield,11,0.0544
Royal Enfield Continental GT 535cc 2016,2016,8000.0,first owner,jamtara,26.0,29.1,94836,535.0,Royal Enfield,8,0.05439252336448598
Royal Enfield Thunderbird 350cc 2012,2012,85000.0,first owner,chennai,40.0,19.8,88400,350.0,Royal Enfield,12,0.05657142857142857
Bajaj Avenger 220cc 2015,2015,17000.0,second owner,navi mumbai,40.0,19.0,55000,220.0,Bajaj,9,0.08636363636363636
Yamaha Fazer 150cc 2012,2012,45.0,first owner,bangalore,45.0,13.0,48000,150.0,Yamaha,12,0.08666666666666667
Royal Enfield Classic 350cc 2014,2014,19000.0,first owner,bangalore,35.0,19.8,111100,350.0,Royal Enfield,10,0.05657142857142857
Bajaj Pulsar AS150 2015,2015,16000.0,first owner,delhi,53.0,16.8,65000,150.0,Bajaj,9,0.112
Bajaj Discover 125M 2015,2015,40000.0,first owner,bangalore,65.0,12.5,37500,125.0,Bajaj,9,0.1
Bajaj Avenger Street 150 2016,2016,11000.0,first owner,bangalore,50.0,14.3,75000,150.0,Bajaj,8,0.09533333333333334
Royal Enfield‎ Bullet 350cc 1986,1986,50000.0,third owner,navsari,37.0,19.8,110000,350.0,Royal Enfield,38,0.05657142857142857
Bajaj Discover 125cc 2013,2013,43500.0,first owner,kottayam,65.0,12.5,23500,125.0,Bajaj,11,0.1
Royal Enfield Classic 500cc 2016,2016,45253.0,first owner,pune,32.0,27.2,138900,500.0,Royal Enfield,8,0.0544
Bajaj V15 150cc 2016,2016,6726.0,first owner,delhi,57.0,11.8,48750,150.0,Bajaj,8,0.07866666666666668
Hero Passion Pro 100cc 2013,2013,20757.0,first owner,faridabad,5.0,8.2,20800,100.0,Hero,11,0.08199999999999999
TVS Apache RTR 200 4V ABS 2019,2019,40.0,first owner,mumbai,40.0,20.23,92000,200.0,TVS,5,0.10115
Royal Enfield Classic 350cc 2015,2015,13000.0,first owner,delhi,35.0,19.8,106820,350.0,Royal Enfield,9,0.05657142857142857
KTM RC 390cc 2019,2019,5000.0,first owner,mumbai,26.0,42.3,210000,390.0,KTM,5,0.10846153846153846
Bajaj Dominar 400 ABS 2018,2018,28.0,first owner,mumbai,28.0,34.5,130000,400.0,Bajaj,6,0.08625
Bajaj Discover 125cc 2013,2013,16181.0,first owner,faridabad,65.0,12.5,16500,125.0,Bajaj,11,0.1
Royal Enfield Bullet Twinspark 500cc 2015,2015,12300.0,first owner,delhi,25.0,26.1,90000,500.0,Royal Enfield,9,0.0522
Yamaha FZ S V 2.0 150cc 2014,2014,58.0,first owner,jaipur,58.0,13.0,49000,150.0,Yamaha,10,0.08666666666666667
Hero Splendor Plus 100cc 2019,2019,17000.0,first owner,hyderabad,81.0,8.2,69000,100.0,Hero,5,0.08199999999999999
Hero Passion Pro TR 100cc 2017,2017,89999.0,first owner,tiruvallur,84.0,7.7,26365,100.0,Hero,7,0.077
Suzuki Gixxer SF 150cc 2016,2016,22414.0,first owner,delhi,40.0,14.6,53000,150.0,Suzuki,8,0.09733333333333333
Hero Splendor Pro 100cc 2011,2011,16428.0,first owner,bangalore,81.0,8.2,33000,100.0,Hero,13,0.08199999999999999
TVS Apache RTR 180cc ABS 2017,2017,45.0,first owner,delhi,45.0,17.3,75000,180.0,TVS,7,0.09611111111111112
Yamaha FZ S V 2.0 150cc 2018,2018,58.0,first owner,delhi,58.0,13.0,74000,150.0,Yamaha,6,0.08666666666666667
TVS Apache 150cc 2014,2014,45.0,first owner,bangalore,45.0,13.7,45000,150.0,TVS,10,0.09133333333333332
Royal Enfield Thunderbird 350cc 2017,2017,19224.0,first owner,chennai,40.0,19.8,110000,350.0,Royal Enfield,7,0.05657142857142857
Hero Passion Xpro 110cc 2015,2015,9000.0,first owner,jaipur,55.0,6.72,0,110.0,Hero,9,0.06109090909090909
Royal Enfield Classic Desert Storm 500cc 2015,2015,14000.0,first owner,mumbai,32.0,27.2,130000,500.0,Royal Enfield,9,0.0544
Royal Enfield Thunderbird X 350cc 2018,2018,5000.0,first owner,mumbai,40.0,19.8,170000,350.0,Royal Enfield,6,0.05657142857142857
KTM Duke 250cc ABS 2019,2019,4198.0,first owner,mumbai,40.0,29.6,200000,250.0,KTM,5,0.1184
KTM Duke 200cc 2012,2012,1600.0,first owner,mumbai,35.0,25.0,180000,200.0,KTM,12,0.125
KTM Duke 200cc 2018,2018,11500.0,first owner,mumbai,35.0,24.6,150000,200.0,KTM,6,0.12300000000000001
Royal Enfield Classic 350cc 2017,2017,16000.0,first owner,mumbai,35.0,19.8,150000,350.0,Royal Enfield,7,0.05657142857142857
Royal Enfield Classic Gunmetal Grey 350cc ABS 2019,2019,3400.0,first owner,mumbai,35.0,19.8,190000,350.0,Royal Enfield,5,0.05657142857142857
Hero Passion Pro 100cc 2012,2012,12000.0,first owner,ludhiana,5.0,8.2,27500,100.0,Hero,12,0.08199999999999999
TVS Apache 150cc 2012,2012,45.0,first owner,bangalore,45.0,13.7,35000,150.0,TVS,12,0.09133333333333332
Honda Dream Neo 110cc 2013,2013,84.0,first owner,jaipur,84.0,8.25,27000,110.0,Honda,11,0.075
Royal Enfield Classic 350cc 2017,2017,12000.0,first owner,delhi,35.0,19.8,115000,350.0,Royal Enfield,7,0.05657142857142857
Bajaj Pulsar 220cc 2016,2016,8000.0,first owner,chandigarh,38.0,21.0,72000,220.0,Bajaj,8,0.09545454545454546
KTM Duke 200cc 2014,2014,30000.0,third owner,chandigarh,35.0,25.0,98000,200.0,KTM,10,0.125
Bajaj Pulsar NS200 2018,2018,42.0,first owner,chandigarh,42.0,23.2,90000,200.0,Bajaj,6,0.11599999999999999
Bajaj Pulsar NS200 2017,2017,42.0,first owner,chandigarh,42.0,23.2,90000,200.0,Bajaj,7,0.11599999999999999
Royal Enfield Classic 350cc 2018,2018,10000.0,first owner,delhi,35.0,19.8,135000,350.0,Royal Enfield,6,0.05657142857142857
Royal Enfield Bullet 500cc 2016,2016,12000.0,second owner,chandigarh,25.0,26.37,140000,500.0,Royal Enfield,8,0.05274
Royal Enfield Standard 350cc 2015,2015,37.0,first owner,amritsar,37.0,19.8,115000,350.0,Royal Enfield,9,0.05657142857142857
Royal Enfield Classic 350cc 2017,2017,26000.0,first owner,mumbai,35.0,19.8,130000,350.0,Royal Enfield,7,0.05657142857142857
Royal Enfield Classic 350cc 2017,2017,13000.0,first owner,mumbai,35.0,19.8,145000,350.0,Royal Enfield,7,0.05657142857142857
Bajaj Platina 100cc 2009,2009,104.0,first owner,gurgaon,104.0,8.2,12000,100.0,Bajaj,15,0.08199999999999999
Hero Hunk 150cc 2015,2015,41734.0,first owner,gurgaon,53.0,14.0,26000,150.0,Hero,9,0.09333333333333334
Bajaj Pulsar 180cc 2012,2012,40000.0,second owner,islampur,45.0,17.0,25800,180.0,Bajaj,12,0.09444444444444444
KTM RC 390cc 2019,2019,13500.0,first owner,gurgaon,26.0,42.3,227000,390.0,KTM,5,0.10846153846153846
Royal Enfield Standard 350cc 2014,2014,40.0,first owner,noida,40.0,19.8,90000,350.0,Royal Enfield,10,0.05657142857142857
Harley-Davidson Street 750 2014,2014,11982.0,first owner,ghaziabad,20.0,47.0,270200,750.0,Harley-Davidson,10,0.06266666666666666
Bajaj Pulsar RS200 2015,2015,35.0,first owner,bangalore,35.0,24.16,81990,200.0,Bajaj,9,0.1208
Royal Enfield Classic 350cc 2014,2014,25000.0,first owner,gurgaon,35.0,19.8,80400,350.0,Royal Enfield,10,0.05657142857142857
Honda CBR 150R Deluxe 2016,2016,38.0,first owner,pondicherry,38.0,18.28,75000,150.0,Honda,8,0.12186666666666668
Bajaj Pulsar RS200 ABS 2016,2016,35.0,second owner,bangalore,35.0,24.5,80000,200.0,Bajaj,8,0.1225
Royal Enfield Thunderbird 350cc 2014,2014,12600.0,first owner,bhubaneshwar,40.0,19.8,85000,350.0,Royal Enfield,10,0.05657142857142857
Honda CB Trigger 150cc 2013,2013,60.0,first owner,mumbai,60.0,14.0,45000,150.0,Honda,11,0.09333333333333334
Bajaj Pulsar 200cc 2008,2008,40.0,first owner,kolkata,40.0,16.78,32000,200.0,Bajaj,16,0.0839
Bajaj Pulsar AS200 2015,2015,42.0,second owner,guwahati,42.0,23.2,45000,200.0,Bajaj,9,0.11599999999999999
Ducati Monster 797 2017,2017,5500.0,first owner,mumbai,18.86,75.0,670000,797.0,Ducati,7,0.09410288582183186
Royal Enfield Classic 350cc 2017,2017,900.0,first owner,jalandhar,35.0,19.8,123000,350.0,Royal Enfield,7,0.05657142857142857
Yamaha YZF-R15 2.0 150cc 2011,2011,53200.0,second owner,gurgaon,42.0,16.7,59000,150.0,Yamaha,13,0.11133333333333333
Bajaj Pulsar NS160 2017,2017,30000.0,first owner,hyderabad,40.0,15.5,60000,160.0,Bajaj,7,0.096875
Royal Enfield Bullet 350cc 2019,2019,15500.0,first owner,kottayam,40.0,19.8,145000,350.0,Royal Enfield,5,0.05657142857142857
Royal Enfield Himalayan 410cc 2016,2016,9000.0,first owner,noida,32.0,24.5,140000,410.0,Royal Enfield,8,0.05975609756097561
Suzuki Gixxer 150cc 2016,2016,20082.0,first owner,jaipur,63.0,14.0,42000,150.0,Suzuki,8,0.09333333333333334
Bajaj Pulsar 220F 2014,2014,29000.0,first owner,kolkata,38.0,21.0,55000,220.0,Bajaj,10,0.09545454545454546
Bajaj Platina 100cc 2007,2007,104.0,first owner,gurgaon,104.0,8.2,12000,100.0,Bajaj,17,0.08199999999999999
Yamaha FZs 150cc 2018,2018,53800.0,first owner,gurgaon,45.0,13.0,55000,150.0,Yamaha,6,0.08666666666666667
Royal Enfield Thunderbird 350cc 2011,2011,19400.0,first owner,hyderabad,35.0,19.8,50000,350.0,Royal Enfield,13,0.05657142857142857
Bajaj Pulsar 220cc 2014,2014,40000.0,first owner,mumbai,38.0,21.0,46700,220.0,Bajaj,10,0.09545454545454546
Royal Enfield Bullet Electra 350cc 2005,2005,12358.0,first owner,delhi,30.0,19.8,76000,350.0,Royal Enfield,19,0.05657142857142857
Honda Dream Yuga 110cc 2013,2013,84.0,first owner,pune,84.0,8.25,32000,110.0,Honda,11,0.075
Royal Enfield Bullet Electra 350cc 2014,2014,27000.0,first owner,gurgaon,40.0,19.8,91100,350.0,Royal Enfield,10,0.05657142857142857
Hero HF Deluxe self Alloy 100cc 2018,2018,22000.0,first owner,gurgaon,55.0,6.15,45000,100.0,Hero,6,0.061500000000000006
Yamaha YZF-R15 2.0 150cc 2014,2014,29000.0,second owner,pune,42.0,16.7,70000,150.0,Yamaha,10,0.11133333333333333
KTM Duke 200cc 2014,2014,29000.0,second owner,chennai,35.0,25.0,90000,200.0,KTM,10,0.125
Honda CB Hornet 160R STD 2016,2016,52.0,first owner,kolkata,52.0,15.44,56200,160.0,Honda,8,0.0965
Yamaha FZ25 250cc 2017,2017,25000.0,first owner,delhi,43.0,20.3,92000,250.0,Yamaha,7,0.08120000000000001
KTM 390 Adventure BS6 2020,2020,10.0,first owner,bangalore,40.0,42.3,400000,390.0,KTM,4,0.10846153846153846
Bajaj V15 150cc 2017,2017,19346.0,first owner,gurgaon,57.0,11.8,26000,150.0,Bajaj,7,0.07866666666666668
Royal Enfield Classic 350cc 2015,2015,51000.0,first owner,faridabad,35.0,19.8,95000,350.0,Royal Enfield,9,0.05657142857142857
Hero HF Deluxe i3s 100cc 2018,2018,8300.0,first owner,mumbai,55.0,8.2,45000,100.0,Hero,6,0.08199999999999999
Bajaj Discover 100cc 2010,2010,80.0,first owner,delhi,80.0,7.7,15000,100.0,Bajaj,14,0.077
Bajaj Discover 125cc 2007,2007,80000.0,first owner,hyderabad,65.0,12.5,14000,125.0,Bajaj,17,0.1
Bajaj Pulsar AS200 2015,2015,42.0,first owner,delhi,42.0,23.2,45625,200.0,Bajaj,9,0.11599999999999999
Honda CB Trigger 150cc 2014,2014,28000.0,first owner,gurgaon,60.0,14.0,37000,150.0,Honda,10,0.09333333333333334
Bajaj Pulsar NS200 ABS 2017,2017,42.0,first owner,bangalore,42.0,23.2,87200,200.0,Bajaj,7,0.11599999999999999
Yamaha YZF-R15 2.0 150cc 2013,2013,49000.0,first owner,bangalore,42.0,16.7,62500,150.0,Yamaha,11,0.11133333333333333
Bajaj Avenger Street 160 ABS 2019,2019,5000.0,first owner,pune,40.0,15.3,75550,160.0,Bajaj,5,0.095625
KTM Duke 390cc 2015,2015,8400.0,first owner,mumbai,25.0,44.0,120000,390.0,KTM,9,0.11282051282051282
KTM Duke 390cc 2017,2017,4159.0,second owner,kanpur nagar,25.0,42.9,190000,390.0,KTM,7,0.11
KTM Duke 390cc 2016,2016,15000.0,first owner,gurgaon,25.0,42.9,105000,390.0,KTM,8,0.11
KTM Duke 390cc 2016,2016,19500.0,first owner,pune,25.0,42.9,175000,390.0,KTM,8,0.11
KTM Duke 390cc 2016,2016,19000.0,first owner,bangalore,25.0,42.9,150000,390.0,KTM,8,0.11
Royal Enfield‎ Bullet 350cc 2014,2014,5000.0,first owner,delhi,37.0,19.8,96525,350.0,Royal Enfield,10,0.05657142857142857
Bajaj Avenger Street 150 2016,2016,30000.0,first owner,vadodara,50.0,14.3,42000,150.0,Bajaj,8,0.09533333333333334
TVS Apache RR310 2018,2018,14800.0,first owner,delhi,22.0,33.0,187000,310.0,TVS,6,0.1064516129032258
Honda CBF Stunner 125cc 2012,2012,65.0,second owner,agra,65.0,11.0,14500,125.0,Honda,12,0.088
Honda CBF Stunner 125cc 2015,2015,65.0,first owner,indore,65.0,11.0,33500,125.0,Honda,9,0.088
Royal Enfield Bullet 350cc 2007,2007,52904.0,first owner,gurgaon,37.0,19.8,48000,350.0,Royal Enfield,17,0.05657142857142857
TVS Apache RTR 180cc 2018,2018,45.0,first owner,delhi,45.0,17.3,78500,180.0,TVS,6,0.09611111111111112
Bajaj Pulsar 150cc 2010,2010,65.0,first owner,kolkata,65.0,14.85,28000,150.0,Bajaj,14,0.09899999999999999
TVS Apache RTR 200 4V FI 2017,2017,40.0,first owner,adalaj,40.0,20.7,58000,200.0,TVS,7,0.1035
Bajaj V15 150cc 2018,2018,1400.0,first owner,delhi,57.0,11.8,57000,150.0,Bajaj,6,0.07866666666666668
Bajaj V15 150cc 2017,2017,52000.0,first owner,kolkata,57.0,11.8,38000,150.0,Bajaj,7,0.07866666666666668
Royal Enfield Thunderbird 500cc 2013,2013,57000.0,first owner,pune,25.0,27.2,111400,500.0,Royal Enfield,11,0.0544
Hero Karizma R 223cc 2013,2013,35000.0,first owner,indore,40.0,17.0,45000,223.0,Hero,11,0.07623318385650224
Royal Enfield Himalayan 410cc 2017,2017,15000.0,first owner,allahabad,32.0,24.5,145000,410.0,Royal Enfield,7,0.05975609756097561
Bajaj Pulsar RS200 2016,2016,35.0,second owner,delhi,35.0,24.5,85000,200.0,Bajaj,8,0.1225
Royal Enfield Classic 500cc 2015,2015,33371.0,first owner,bangalore,32.0,27.2,127700,500.0,Royal Enfield,9,0.0544
Bajaj Pulsar 220cc 2014,2014,49000.0,second owner,patna,38.0,21.0,50000,220.0,Bajaj,10,0.09545454545454546
TVS Apache RTR 160cc 2013,2013,60.0,first owner,bangalore,60.0,15.2,42000,160.0,TVS,11,0.095
UM Renegade Commando 2017,2017,6000.0,first owner,pondicherry,35.0,24.8,125000,279.0,UM,7,0.08888888888888889
UM Renegade Commando 2017,2017,7500.0,first owner,delhi,35.0,24.8,129700,279.0,UM,7,0.08888888888888889
Bajaj Avenger Street 220 2018,2018,5720.0,first owner,pune,53.0,19.0,85000,220.0,Bajaj,6,0.08636363636363636
Royal Enfield Thunderbird 500cc 2014,2014,24000.0,second owner,pune,25.0,27.2,120000,500.0,Royal Enfield,10,0.0544
UM Renegade Commando 2017,2017,13000.0,first owner,delhi,35.0,24.8,86475,279.0,UM,7,0.08888888888888889
Yamaha FZ V 2.0 150cc 2015,2015,58.0,first owner,hyderabad,58.0,13.0,52400,150.0,Yamaha,9,0.08666666666666667
Suzuki Intruder 150cc FI 2018,2018,16272.0,first owner,delhi,40.0,14.6,60000,150.0,Suzuki,6,0.09733333333333333
Yamaha Gladiator 125cc 2009,2009,32539.0,first owner,chennai,64.0,10.8,17000,125.0,Yamaha,15,0.0864
Royal Enfield Classic Stealth Black 500cc 2018,2018,8900.0,first owner,purulia,32.0,27.2,155400,500.0,Royal Enfield,6,0.0544
Harley-Davidson Street 750 2016,2016,4200.0,first owner,madurai,20.0,47.0,390000,750.0,Harley-Davidson,8,0.06266666666666666
Suzuki Hayate 110cc 2014,2014,35112.0,first owner,delhi,69.0,8.3,20000,110.0,Suzuki,10,0.07545454545454545
Hero CBZ Xtreme 150cc 2013,2013,40000.0,first owner,hyderabad,65.0,14.4,42000,150.0,Hero,11,0.096
Honda CB Trigger 150cc 2014,2014,5000.0,first owner,patna,60.0,14.0,50000,150.0,Honda,10,0.09333333333333334
Royal Enfield Classic 350cc 2017,2017,20000.0,first owner,hyderabad,35.0,19.8,150000,350.0,Royal Enfield,7,0.05657142857142857
Suzuki Gixxer 150cc 2016,2016,45000.0,second owner,chennai,63.0,14.0,40000,150.0,Suzuki,8,0.09333333333333334
KTM RC 200cc 2015,2015,17000.0,first owner,visakhapatnam,35.0,25.0,125000,200.0,KTM,9,0.125
Suzuki Gixxer SF 250cc ABS 2019,2019,740.0,first owner,delhi,40.0,26.1,160000,250.0,Suzuki,5,0.1044
Royal Enfield Classic Desert Storm 500cc 2015,2015,16896.0,first owner,pune,32.0,27.2,150000,500.0,Royal Enfield,9,0.0544
KTM RC 200cc 2015,2015,34000.0,second owner,davanagere,35.0,25.0,103000,200.0,KTM,9,0.125
Bajaj Avenger Street 150 2015,2015,53000.0,first owner,thane,50.0,14.3,47000,150.0,Bajaj,9,0.09533333333333334
Royal Enfield Himalayan 410cc 2017,2017,11000.0,first owner,delhi,32.0,24.5,142500,410.0,Royal Enfield,7,0.05975609756097561
Suzuki Gixxer 150cc Dual Tone Rear Disc 2018,2018,11500.0,first owner,chennai,63.0,14.0,75000,150.0,Suzuki,6,0.09333333333333334
Yamaha YZF-R15 V3 150cc 2019,2019,28000.0,first owner,indore,40.0,18.7,129999,150.0,Yamaha,5,0.12466666666666666
TVS Apache RTR 160cc 2012,2012,60.0,first owner,bangalore,60.0,15.2,60000,160.0,TVS,12,0.095
Hero CBZ Xtreme 150cc 2010,2010,35800.0,second owner,surat,65.0,14.4,16500,150.0,Hero,14,0.096
Bajaj Avenger 220cc 2014,2014,30010.0,first owner,kota,40.0,19.0,55000,220.0,Bajaj,10,0.08636363636363636
Honda Livo 110cc 2016,2016,55.0,first owner,delhi,55.0,8.25,30999,110.0,Honda,8,0.075
Royal Enfield Thunderbird 350cc 2008,2008,40000.0,second owner,kolkata,30.0,19.8,60000,350.0,Royal Enfield,16,0.05657142857142857
Suzuki Gixxer SF 150cc 2017,2017,70000.0,first owner,kalyan,40.0,14.6,50000,150.0,Suzuki,7,0.09733333333333333
Bajaj Pulsar 220F 2016,2016,2000.0,first owner,kalyan,38.0,21.0,50000,220.0,Bajaj,8,0.09545454545454546
Bajaj Pulsar NS160 2018,2018,13982.0,first owner,delhi,40.0,15.5,58416,160.0,Bajaj,6,0.096875
Royal Enfield Thunderbird X 350cc 2019,2019,140.0,first owner,jaipur,40.0,19.8,170000,350.0,Royal Enfield,5,0.05657142857142857
Hyosung Aquila 250 250cc 2015,2015,17000.0,first owner,bangalore,40.0,19.0,145000,250.0,Hyosung,9,0.076
Royal Enfield Interceptor 650cc 2019,2019,10000.0,first owner,bangalore,40.0,47.0,275000,650.0,Royal Enfield,5,0.07230769230769231
TVS Apache RTR 200 4V ABS Race Edition 2019,2019,40.0,first owner,chennai,40.0,20.23,114000,200.0,TVS,5,0.10115
Yamaha MT-15 150cc 2019,2019,1500.0,first owner,delhi,40.0,19.0,125000,150.0,Yamaha,5,0.12666666666666668
Royal Enfield Interceptor 650cc 2019,2019,5389.0,first owner,bilaspur,40.0,47.0,270000,650.0,Royal Enfield,5,0.07230769230769231
Bajaj Pulsar NS200 2019,2019,42.0,first owner,chandigarh,42.0,23.2,110000,200.0,Bajaj,5,0.11599999999999999
UM Renegade Commando Classic 2018,2018,16000.0,first owner,hyderabad,35.0,25.0,161100,279.0,UM,6,0.08960573476702509
UM Renegade Sport S 2017,2017,6500.0,first owner,hyderabad,35.0,24.8,115000,279.0,UM,7,0.08888888888888889
Bajaj Dominar 400 ABS 2017,2017,28.0,first owner,hyderabad,28.0,34.5,110000,400.0,Bajaj,7,0.08625
Royal Enfield Classic 350cc 2017,2017,21500.0,first owner,kolkata,35.0,19.8,120000,350.0,Royal Enfield,7,0.05657142857142857
KTM Duke 250cc 2018,2018,15000.0,first owner,gorakhpur,40.0,29.6,139500,250.0,KTM,6,0.1184
Royal Enfield Thunderbird 350cc 2015,2015,10000.0,first owner,gurgaon,40.0,19.8,85000,350.0,Royal Enfield,9,0.05657142857142857
Royal Enfield Thunderbird 500cc 2013,2013,9700.0,second owner,gurgaon,25.0,27.2,95000,500.0,Royal Enfield,11,0.0544
Royal Enfield Thunderbird 350cc 2015,2015,20000.0,first owner,gurgaon,40.0,19.8,70000,350.0,Royal Enfield,9,0.05657142857142857
Honda CBR1000RR Fireblade 2010,2010,16000.0,first owner,gurgaon,18.0,176.0,799999,1000.0,Honda,14,0.176
Harley-Davidson Forty Eight 2017,2017,3400.0,first owner,mumbai,20.0,60.0,850000,1202.0,Harley-Davidson,7,0.04991680532445923
KTM Duke 200cc 2014,2014,54000.0,first owner,durgapur,35.0,25.0,73100,200.0,KTM,10,0.125
Suzuki Gixxer SF Fi 150cc 2016,2016,37000.0,first owner,pune,40.0,14.6,65000,150.0,Suzuki,8,0.09733333333333333
KTM Duke 250cc 2018,2018,6218.0,first owner,mumbai,40.0,29.6,160000,250.0,KTM,6,0.1184
Bajaj Pulsar RS200 2016,2016,35.0,first owner,amritsar,35.0,24.5,85000,200.0,Bajaj,8,0.1225
Harley-Davidson Street 750 2014,2014,6000.0,first owner,sangli,20.0,47.0,391000,750.0,Harley-Davidson,10,0.06266666666666666
KTM RC 200cc 2017,2017,13900.0,first owner,chandigarh,35.0,25.1,140000,200.0,KTM,7,0.1255
Royal Enfield Bullet Electra 350cc 2005,2005,32000.0,first owner,hyderabad,30.0,19.8,120000,350.0,Royal Enfield,19,0.05657142857142857
KTM RC 390cc 2018,2018,5000.0,first owner,dehradun,26.0,42.3,200000,390.0,KTM,6,0.10846153846153846
KTM Duke 250cc 2019,2019,2100.0,first owner,kolkata,40.0,29.6,200000,250.0,KTM,5,0.1184
Bajaj Pulsar 150cc 2007,2007,65.0,first owner,gurgaon,65.0,14.85,8500,150.0,Bajaj,17,0.09899999999999999
Hyosung GT650R 2013,2013,210.0,first owner,anekal,20.0,72.68,170000,650.0,Hyosung,11,0.11181538461538462
Hero Splendor iSmart 110cc 2016,2016,20290.0,first owner,delhi,55.0,9.3,40000,110.0,Hero,8,0.08454545454545455
TVS Apache RTR 160 4V DISC ABS 2019,2019,210.0,first owner,delhi,40.0,16.1,95000,160.0,TVS,5,0.100625
TVS Apache RTR 200 4V Carburetor 2017,2017,40.0,first owner,faridabad,40.0,20.7,72000,200.0,TVS,7,0.1035
UM Renegade Commando 2018,2018,14500.0,first owner,gwalior,35.0,24.8,155000,279.0,UM,6,0.08888888888888889
TVS Star City Plus Dual Tone SBT 2018,2018,25000.0,first owner,bangalore,85.0,8.2,40000,109.0,TVS,6,0.07522935779816513
Honda CB Unicorn 150cc 2010,2010,60.0,second owner,tiruvallur,60.0,14.0,10000,150.0,Honda,14,0.09333333333333334
Bajaj Pulsar 150cc 2005,2005,65.0,second owner,ghaziabad,65.0,14.85,8400,150.0,Bajaj,19,0.09899999999999999
Hero CBZ Xtreme 150cc 2007,2007,47000.0,first owner,bangalore,65.0,14.4,27000,150.0,Hero,17,0.096
Hero Ignitor 125cc 2014,2014,40000.0,second owner,chennai,55.0,11.0,22500,125.0,Hero,10,0.088
Royal Enfield Classic Gunmetal Grey 350cc 2018,2018,15100.0,first owner,mumbai,35.0,19.8,145000,350.0,Royal Enfield,6,0.05657142857142857
KTM Duke 200cc 2018,2018,6700.0,second owner,noida,35.0,24.6,127000,200.0,KTM,6,0.12300000000000001
Hero CBZ Xtreme 150cc 2013,2013,50000.0,first owner,pune,65.0,14.4,31000,150.0,Hero,11,0.096
Kawasaki ER-6n 650cc 2014,2014,25000.0,first owner,gurgaon,17.0,71.0,300000,650.0,Kawasaki,10,0.10923076923076923
Suzuki Intruder 150cc 2018,2018,28000.0,first owner,vellore,40.0,14.6,76700,150.0,Suzuki,6,0.09733333333333333
Hero CBZ 150cc 2011,2011,42500.0,first owner,hyderabad,65.0,12.8,35000,150.0,Hero,13,0.08533333333333334
Royal Enfield Bullet 350cc 2016,2016,6635.0,first owner,chandigarh,37.0,19.8,110900,350.0,Royal Enfield,8,0.05657142857142857
Bajaj Dominar 400 ABS 2019,2019,28.0,first owner,mumbai,28.0,34.5,155000,400.0,Bajaj,5,0.08625
KTM RC 390cc 2018,2018,7000.0,first owner,nashik,26.0,42.3,170000,390.0,KTM,6,0.10846153846153846
Hero Splendor 100cc 2011,2011,32659.0,first owner,ahmedabad,45.0,6.15,26950,100.0,Hero,13,0.061500000000000006
Yamaha YZF-R15 V3 150cc 2018,2018,5500.0,first owner,hyderabad,40.0,18.7,110000,150.0,Yamaha,6,0.12466666666666666
Yamaha YZF-R15 V3 150cc 2018,2018,18400.0,first owner,warangal,40.0,18.7,120000,150.0,Yamaha,6,0.12466666666666666
Hero Honda Splendor Plus 100cc 2011,2011,55000.0,first owner,hyderabad,45.0,6.15,36150,100.0,Hero,13,0.061500000000000006
Hero Splendor 100cc 2011,2011,22365.0,first owner,ahmedabad,45.0,6.15,26950,100.0,Hero,13,0.061500000000000006
Yamaha FZ16 150cc 2010,2010,58.0,first owner,mumbai,58.0,13.0,30898,150.0,Yamaha,14,0.08666666666666667
Yamaha SZR 150cc 2012,2012,37000.0,first owner,mumbai,40.0,12.0,24000,150.0,Yamaha,12,0.08
Honda CB Trigger 150cc 2015,2015,60.0,first owner,bokaro,60.0,14.0,45000,150.0,Honda,9,0.09333333333333334
KTM RC 200cc 2019,2019,3400.0,first owner,haldwani,35.0,25.1,168400,200.0,KTM,5,0.1255
KTM RC 200cc 2015,2015,21000.0,third owner,belgaum,35.0,25.0,108000,200.0,KTM,9,0.125
Royal Enfield Bullet 350 cc 2001,2001,52000.0,first owner,basti,37.0,19.8,100000,200.0,Royal Enfield,23,0.099
TVS Apache RR310 2018,2018,17000.0,first owner,chennai,22.0,33.0,185000,310.0,TVS,6,0.1064516129032258
Hero Hunk 150cc 2013,2013,24700.0,first owner,ranchi,53.0,14.0,50000,150.0,Hero,11,0.09333333333333334
Honda CBR 250R 2012,2012,29.0,second owner,aligarh,29.0,26.15,37350,250.0,Honda,12,0.1046
KTM RC 200cc 2016,2016,20000.0,second owner,delhi,35.0,25.1,140000,200.0,KTM,8,0.1255
Bajaj CT 100 100cc 2005,2005,17089.0,first owner,kolkata,89.0,8.1,10300,100.0,Bajaj,19,0.081
Royal Enfield Classic 350cc 2015,2015,3467.0,first owner,jaipur,35.0,19.8,132000,350.0,Royal Enfield,9,0.05657142857142857
Royal Enfield Thunderbird 350cc ABS 2019,2019,2778.0,first owner,delhi,40.0,19.8,165000,350.0,Royal Enfield,5,0.05657142857142857
TVS Apache RTR 160 4V Carburetor 2019,2019,10704.0,first owner,delhi,40.0,16.1,90000,160.0,TVS,5,0.100625
Hero Splendor Plus i3s 2019,2019,9259.0,first owner,delhi,81.0,8.2,60000,97.0,Hero,5,0.0845360824742268
KTM Duke 390cc 2018,2018,7500.0,first owner,mumbai,25.0,42.9,200000,390.0,KTM,6,0.11
KTM Duke 390cc 2018,2018,12500.0,first owner,pune,25.0,42.9,220000,390.0,KTM,6,0.11
Bajaj Avenger 220cc 2015,2015,25000.0,first owner,chennai,40.0,19.0,41600,220.0,Bajaj,9,0.08636363636363636
Kawasaki Ninja 650cc 2017,2017,1300.0,first owner,gurgaon,21.0,67.2,499999,650.0,Kawasaki,7,0.1033846153846154
TVS Sport 100cc 2015,2015,22000.0,first owner,gurgaon,95.0,7.4,24500,100.0,TVS,9,0.07400000000000001
Hero Xtreme Sports 150cc 2016,2016,3200.0,first owner,delhi,55.0,15.6,65000,150.0,Hero,8,0.104
Royal Enfield‎ Bullet 350cc 2012,2012,190000.0,first owner,faridabad,37.0,19.8,98300,350.0,Royal Enfield,12,0.05657142857142857
Royal Enfield Classic 350 S ABS 2019,2019,7544.0,first owner,delhi,35.0,19.8,165000,350.0,Royal Enfield,5,0.05657142857142857
KTM RC 200cc 2015,2015,15000.0,first owner,hyderabad,35.0,25.0,120000,200.0,KTM,9,0.125
Royal Enfield‎ Bullet 350cc 2014,2014,34000.0,first owner,ghaziabad,37.0,19.8,94000,350.0,Royal Enfield,10,0.05657142857142857
Bajaj Pulsar NS200 2015,2015,14807.0,first owner,mumbai,40.0,24.2,76500,200.0,Bajaj,9,0.121
TVS Apache RTR 200 4V Carburetor 2017,2017,40.0,first owner,mumbai,40.0,20.7,80000,200.0,TVS,7,0.1035
Yamaha FZS FI V3 2019,2019,13000.0,first owner,pune,40.0,13.0,105000,150.0,Yamaha,5,0.08666666666666667
Harley-Davidson Street Rod 2018,2018,650.0,first owner,udupi,25.0,70.0,470000,749.0,Harley-Davidson,6,0.09345794392523364
Hero Passion Pro 110cc Drum 2018,2018,12329.0,first owner,delhi,40.0,9.3,48000,110.0,Hero,6,0.08454545454545455
Bajaj Discover 125ST 2012,2012,15000.0,first owner,kalyan,65.0,12.5,28000,125.0,Bajaj,12,0.1
Bajaj Pulsar 180cc 2014,2014,20000.0,first owner,chandigarh,45.0,17.0,35000,180.0,Bajaj,10,0.09444444444444444
Yamaha FZS FI 150cc 2018,2018,12276.0,first owner,bangalore,52.0,12.9,85000,150.0,Yamaha,6,0.08600000000000001
Kawasaki Z800 2016,2016,10500.0,second owner,mumbai,16.0,111.0,610000,800.0,Kawasaki,8,0.13875
Hyosung GT250R 2014,2014,5100.0,first owner,delhi,30.0,28.0,180500,250.0,Hyosung,10,0.112
Bajaj Avenger 220cc 2013,2013,24000.0,first owner,mumbai,40.0,19.0,33200,220.0,Bajaj,11,0.08636363636363636
Honda CBR 250R ABS 2018,2018,38.0,first owner,pune,38.0,25.7,195000,250.0,Honda,6,0.1028
Yamaha FZS FI 150cc 2015,2015,58.0,first owner,noida,58.0,13.0,45000,150.0,Yamaha,9,0.08666666666666667
Royal Enfield Bullet Twinspark 350cc 2017,2017,37.0,first owner,jalandhar,37.0,19.8,119000,350.0,Royal Enfield,7,0.05657142857142857
Triumph Street Triple 765 2019,2019,750.0,first owner,rajkot,20.0,111.0,875000,765.0,Triumph,5,0.1450980392156863
Bajaj Pulsar 135LS 2015,2015,30000.0,first owner,delhi,64.0,13.0,30000,135.0,Bajaj,9,0.0962962962962963
Yamaha YZF-R15 V3 150cc 2018,2018,1300.0,first owner,guwahati,40.0,18.7,100000,150.0,Yamaha,6,0.12466666666666666
Royal Enfield Classic Chrome 500cc 2012,2012,10544.0,first owner,mumbai,32.0,27.2,119000,500.0,Royal Enfield,12,0.0544
Suzuki Intruder 150cc 2018,2018,7680.0,first owner,delhi,40.0,14.6,74000,150.0,Suzuki,6,0.09733333333333333
Royal Enfield Thunderbird 350cc 2017,2017,19000.0,first owner,kolkata,40.0,19.8,90000,350.0,Royal Enfield,7,0.05657142857142857
Yamaha Fazer 150cc 2012,2012,45.0,first owner,madurai,45.0,13.0,45000,150.0,Yamaha,12,0.08666666666666667
TVS Apache RTR 200 4V Carburetor 2018,2018,40.0,first owner,dehradun,40.0,20.7,90000,200.0,TVS,6,0.1035
Bajaj Pulsar 220cc 2016,2016,35000.0,second owner,gurgaon,38.0,21.0,50000,220.0,Bajaj,8,0.09545454545454546
Royal Enfield Classic Desert Storm 500cc 2016,2016,7000.0,first owner,mumbai,32.0,27.2,128000,500.0,Royal Enfield,8,0.0544
Royal Enfield Himalayan 410cc Fi ABS 2019,2019,14000.0,first owner,mumbai,32.0,24.5,195000,410.0,Royal Enfield,5,0.05975609756097561
Bajaj Pulsar 220cc 2015,2015,32057.0,first owner,mumbai,38.0,21.0,40000,220.0,Bajaj,9,0.09545454545454546
Honda CBR 150R 150cc 2013,2013,29580.0,second owner,mumbai,38.0,18.28,51000,150.0,Honda,11,0.12186666666666668
Suzuki Gixxer 150cc 2017,2017,15700.0,first owner,kolkata,63.0,14.0,66000,150.0,Suzuki,7,0.09333333333333334
Royal Enfield Classic 350cc 2017,2017,20000.0,first owner,mumbai,35.0,19.8,140000,350.0,Royal Enfield,7,0.05657142857142857
Bajaj Dominar 400 ABS 2018,2018,28.0,first owner,hyderabad,28.0,34.5,145000,400.0,Bajaj,6,0.08625
Harley-Davidson Street 750 2016,2016,27000.0,first owner,bangalore,20.0,47.0,390000,750.0,Harley-Davidson,8,0.06266666666666666
TVS Apache RTR 160cc 2017,2017,60.0,first owner,ahmedabad,60.0,15.2,50390,160.0,TVS,7,0.095
Royal Enfield Classic 350cc 2018,2018,12990.0,first owner,hyderabad,35.0,19.8,149000,350.0,Royal Enfield,6,0.05657142857142857
Royal Enfield Classic 350cc 2017,2017,8500.0,first owner,hyderabad,35.0,19.8,135000,350.0,Royal Enfield,7,0.05657142857142857
Bajaj Dominar 400 ABS 2019,2019,28.0,first owner,mumbai,28.0,34.5,210000,400.0,Bajaj,5,0.08625
Mahindra Centuro 110cc 2014,2014,70000.0,second owner,pune,60.0,8.5,23000,110.0,Mahindra,10,0.07727272727272727
Yamaha FZ V 2.0 150cc 2018,2018,58.0,first owner,bangalore,58.0,13.0,52000,150.0,Yamaha,6,0.08666666666666667
Yamaha Fazer 150cc 2011,2011,45.0,second owner,ghaziabad,45.0,13.0,25000,150.0,Yamaha,13,0.08666666666666667
TVS Apache RTR 200 4V Carburetor 2017,2017,40.0,first owner,mumbai,40.0,20.7,76600,200.0,TVS,7,0.1035
Bajaj Avenger Street 220 2016,2016,15000.0,first owner,mumbai,53.0,19.0,60000,220.0,Bajaj,8,0.08636363636363636
Bajaj Avenger Street 220 2016,2016,42754.0,first owner,pune,53.0,19.0,56000,220.0,Bajaj,8,0.08636363636363636
Royal Enfield Thunderbird 350cc 2015,2015,18200.0,first owner,delhi,40.0,19.8,110000,350.0,Royal Enfield,9,0.05657142857142857
Honda CBR 150R 150cc 2014,2014,19000.0,first owner,gautam buddha nagar,38.0,18.28,58500,150.0,Honda,10,0.12186666666666668
Royal Enfield Thunderbird 350cc 2010,2010,19524.0,first owner,chennai,35.0,19.8,60000,350.0,Royal Enfield,14,0.05657142857142857
Yamaha YZF-R15 2.0 150cc 2014,2014,75000.0,first owner,chennai,42.0,16.7,54800,150.0,Yamaha,10,0.11133333333333333
Bajaj Pulsar RS200 2015,2015,35.0,first owner,mysore,35.0,24.16,85000,200.0,Bajaj,9,0.1208
KTM RC 390cc 2017,2017,1100.0,first owner,delhi,26.0,42.3,230000,390.0,KTM,7,0.10846153846153846
UM Renegade Commando Classic 2018,2018,6988.0,first owner,pune,35.0,25.0,100000,279.0,UM,6,0.08960573476702509
Harley-Davidson Street Rod XG750A ABS 2017,2017,3000.0,first owner,mumbai,25.0,70.0,500000,750.0,Harley-Davidson,7,0.09333333333333334
Royal Enfield‎ Bullet 350cc 2012,2012,33000.0,second owner,chandigarh,37.0,19.8,80000,350.0,Royal Enfield,12,0.05657142857142857
Royal Enfield Bullet Electra 350cc 2012,2012,50000.0,first owner,bangalore,40.0,19.8,78400,350.0,Royal Enfield,12,0.05657142857142857
Royal Enfield Bullet 500cc 2018,2018,3500.0,first owner,bangalore,25.0,26.1,160000,500.0,Royal Enfield,6,0.0522
TVS Apache RR310 2018,2018,2800.0,first owner,faridabad,22.0,33.0,157000,310.0,TVS,6,0.1064516129032258
Hero CBZ Xtreme 150cc 2010,2010,56712.0,first owner,bangalore,65.0,14.4,20000,150.0,Hero,14,0.096
Royal Enfield Himalayan 410cc 2016,2016,20171.0,first owner,delhi,32.0,24.5,120000,410.0,Royal Enfield,8,0.05975609756097561
Bajaj Pulsar RS200 ABS 2016,2016,35.0,first owner,pune,35.0,24.5,118000,200.0,Bajaj,8,0.1225
Bajaj Pulsar AS150 2015,2015,28886.0,first owner,pune,53.0,16.8,40000,150.0,Bajaj,9,0.112
Hero CBZ Xtreme 150cc 2011,2011,13421.0,third owner,delhi,65.0,14.4,25000,150.0,Hero,13,0.096
Bajaj XCD 125 2008,2008,14321.0,first owner,delhi,60.0,9.4,17000,125.0,Bajaj,16,0.0752
Honda Dream Neo 110cc 2014,2014,84.0,first owner,gurgaon,84.0,8.25,28000,110.0,Honda,10,0.075
TVS Star City Plus 110cc 2016,2016,16000.0,first owner,gurgaon,85.0,8.2,26000,110.0,TVS,8,0.07454545454545454
Royal Enfield Thunderbird 350cc 2014,2014,17200.0,first owner,ahmedabad,40.0,19.8,70000,350.0,Royal Enfield,10,0.05657142857142857
Hero HF Deluxe 100cc 2017,2017,296.0,first owner,delhi,55.0,6.15,40000,100.0,Hero,7,0.061500000000000006
Royal Enfield Thunderbird 350cc 2015,2015,32000.0,second owner,chennai,40.0,19.8,79650,350.0,Royal Enfield,9,0.05657142857142857
Royal Enfield Classic 350cc 2018,2018,21600.0,first owner,hyderabad,35.0,19.8,150000,350.0,Royal Enfield,6,0.05657142857142857
Bajaj XCD 125 2009,2009,90000.0,first owner,ghaziabad,60.0,9.4,8700,125.0,Bajaj,15,0.0752
Hero Passion Pro 100cc 2010,2010,17420.0,first owner,faridabad,5.0,8.2,16500,100.0,Hero,14,0.08199999999999999
Bajaj Discover 125ST 2012,2012,17010.0,first owner,kanpur nagar,65.0,12.5,25000,125.0,Bajaj,12,0.1
Yamaha FZS FI 150cc 2017,2017,58.0,first owner,delhi,58.0,13.0,60000,150.0,Yamaha,7,0.08666666666666667
KTM Duke 200cc 2016,2016,23000.0,first owner,navi mumbai,35.0,24.6,95000,200.0,KTM,8,0.12300000000000001
Royal Enfield Classic 350cc 2015,2015,13452.0,first owner,kolkata,35.0,19.8,95000,350.0,Royal Enfield,9,0.05657142857142857
TVS Sport 100cc 2014,2014,75000.0,first owner,muzaffarpur,95.0,7.4,20000,100.0,TVS,10,0.07400000000000001
Bajaj Dominar 400 2017,2017,28.0,first owner,delhi,28.0,34.5,100000,400.0,Bajaj,7,0.08625
Yamaha FZs 150cc 2011,2011,33000.0,second owner,delhi,45.0,13.0,22000,150.0,Yamaha,13,0.08666666666666667
Bajaj V12 125cc 2016,2016,70000.0,first owner,bhubaneshwar,57.0,10.6,60000,125.0,Bajaj,8,0.0848
Royal Enfield Classic 350cc ABS 2019,2019,270839.0,first owner,jalgaon,35.0,19.8,190000,350.0,Royal Enfield,5,0.05657142857142857
Bajaj Avenger 220cc 2017,2017,25000.0,first owner,bangalore,40.0,19.0,68000,220.0,Bajaj,7,0.08636363636363636
Bajaj Pulsar RS200 ABS 2018,2018,35.0,first owner,pune,35.0,24.5,123000,200.0,Bajaj,6,0.1225
Royal Enfield Bullet Electra Twinspark 350cc 2015,2015,23958.0,first owner,jaipur,35.0,19.8,99100,350.0,Royal Enfield,9,0.05657142857142857
Harley-Davidson Street 750 2014,2014,6000.0,first owner,hyderabad,20.0,47.0,380700,750.0,Harley-Davidson,10,0.06266666666666666
Aprilia RSV4 RR 2020,2020,1.0,first owner,mumbai,40.0,180.0,900000,1099.0,Aprilia,4,0.1637852593266606
Hero Karizma ZMR 223cc 2012,2012,1922.0,first owner,mumbai,48.0,20.0,30000,223.0,Hero,12,0.08968609865470852
Hero Honda Splendor 100cc 2011,2011,2897.0,first owner,faridabad,45.0,6.15,12000,100.0,Hero,13,0.061500000000000006
Hero Splendor Plus 100cc 2010,2010,35778.0,first owner,faridabad,81.0,8.2,18000,100.0,Hero,14,0.08199999999999999
Honda CBR 250R 2014,2014,38.0,first owner,navi mumbai,38.0,26.15,69000,250.0,Honda,10,0.1046
Bajaj Pulsar RS200 2016,2016,35.0,first owner,thane,35.0,24.5,90000,200.0,Bajaj,8,0.1225
Royal Enfield Classic 350cc 2019,2019,5000.0,first owner,chandigarh,35.0,19.8,155000,350.0,Royal Enfield,5,0.05657142857142857
Royal Enfield Classic 350cc Dual Disc 2018,2018,8000.0,first owner,chandigarh,35.0,19.8,140000,350.0,Royal Enfield,6,0.05657142857142857
Royal Enfield Classic 350cc 2016,2016,13000.0,first owner,chandigarh,35.0,19.8,120000,350.0,Royal Enfield,8,0.05657142857142857
Royal Enfield Classic Gunmetal Grey 350cc 2018,2018,13000.0,first owner,chandigarh,35.0,19.8,150000,350.0,Royal Enfield,6,0.05657142857142857
Royal Enfield Thunderbird 350cc 2019,2019,8000.0,first owner,bhopal,40.0,19.8,140000,350.0,Royal Enfield,5,0.05657142857142857
Bajaj Avenger Street 220 2018,2018,4060.0,first owner,mumbai,53.0,19.0,80000,220.0,Bajaj,6,0.08636363636363636
Royal Enfield Himalayan 410cc 2017,2017,21749.0,first owner,mumbai,32.0,24.5,145000,410.0,Royal Enfield,7,0.05975609756097561
Bajaj Pulsar 220cc 2016,2016,15000.0,second owner,delhi,38.0,21.0,49500,220.0,Bajaj,8,0.09545454545454546
Yamaha FZ25 250cc 2017,2017,25000.0,first owner,chennai,43.0,20.3,85000,250.0,Yamaha,7,0.08120000000000001
KTM RC 390cc 2017,2017,10000.0,first owner,bangalore,26.0,42.3,230000,390.0,KTM,7,0.10846153846153846
Royal Enfield Classic 500cc 2017,2017,9400.0,first owner,hyderabad,35.0,27.2,145700,500.0,Royal Enfield,7,0.0544
Royal Enfield Classic 350cc ABS 2019,2019,1480.0,first owner,thane,35.0,19.8,138500,350.0,Royal Enfield,5,0.05657142857142857
Honda CBR 150R 150cc 2014,2014,14600.0,first owner,vadodara,38.0,18.28,59000,150.0,Honda,10,0.12186666666666668
TVS Apache RR310 2018,2018,11000.0,first owner,pune,22.0,33.0,210000,310.0,TVS,6,0.1064516129032258
Royal Enfield Himalayan 410cc 2016,2016,9000.0,first owner,bhuj,32.0,24.5,120000,410.0,Royal Enfield,8,0.05975609756097561
Bajaj Discover 150F 2014,2014,70.0,first owner,delhi,70.0,13.0,20000,150.0,Bajaj,10,0.08666666666666667
Bajaj Pulsar 150cc 2013,2013,65.0,first owner,kanpur,65.0,14.85,32000,150.0,Bajaj,11,0.09899999999999999
Bajaj Avenger Street 150 2016,2016,33500.0,first owner,mumbai,50.0,14.3,48000,150.0,Bajaj,8,0.09533333333333334
Bajaj Platina 100cc 2011,2011,104.0,first owner,gurgaon,104.0,8.2,15000,100.0,Bajaj,13,0.08199999999999999
Royal Enfield Classic 350cc 2019,2019,4000.0,first owner,delhi,35.0,19.8,150000,350.0,Royal Enfield,5,0.05657142857142857
Bajaj Platina  Alloy ES-100cc 2019,2019,104.0,first owner,faridabad,104.0,8.2,39000,100.0,Bajaj,5,0.08199999999999999
KTM Duke 390cc 2014,2014,22500.0,second owner,bangalore,25.0,44.0,120000,390.0,KTM,10,0.11282051282051282
TVS Sport 100cc 2015,2015,10649.0,first owner,faridabad,95.0,7.4,20000,100.0,TVS,9,0.07400000000000001
Bajaj Pulsar 220cc 2017,2017,5000.0,first owner,jalandhar,38.0,21.0,70000,220.0,Bajaj,7,0.09545454545454546
TVS Apache RTR 160cc 2016,2016,60.0,third owner,delhi,60.0,15.2,41000,160.0,TVS,8,0.095
Yamaha YZF-R15 150cc 2016,2016,26925.0,first owner,faridabad,42.0,16.0,65000,150.0,Yamaha,8,0.10666666666666667
Yamaha SZ RR V 2.0 150cc 2016,2016,38073.0,first owner,bangalore,55.0,12.0,50000,150.0,Yamaha,8,0.08
KTM Duke 200cc 2016,2016,7900.0,first owner,chennai,35.0,24.6,100000,200.0,KTM,8,0.12300000000000001
Royal Enfield Bullet Electra 350cc 2016,2016,6384.0,first owner,delhi,40.0,19.8,105200,350.0,Royal Enfield,8,0.05657142857142857
Mahindra Mojo UT300 2018,2018,6000.0,first owner,jaipur,40.0,22.5,105000,300.0,Mahindra,6,0.075
Yamaha YZF-R15 S 150cc 2018,2018,3500.0,first owner,gurgaon,42.0,16.0,103522,150.0,Yamaha,6,0.10666666666666667
Bajaj Avenger Street 220 2019,2019,23000.0,first owner,ghaziabad,45.0,14.3,95000,220.0,Bajaj,5,0.065
Bajaj Discover 125cc 2007,2007,81481.0,first owner,mumbai,65.0,12.5,10000,125.0,Bajaj,17,0.1
Bajaj Pulsar NS200 2018,2018,42.0,first owner,warangal,42.0,23.2,95000,200.0,Bajaj,6,0.11599999999999999
Honda CB Hornet 160R CBS 2016,2016,52.0,first owner,noida,52.0,15.44,55000,160.0,Honda,8,0.0965
Bajaj Dominar 400 ABS 2018,2018,28.0,first owner,hyderabad,28.0,34.5,138000,400.0,Bajaj,6,0.08625
Royal Enfield Continental GT 535cc 2017,2017,7582.0,first owner,chennai,26.0,29.1,135000,535.0,Royal Enfield,7,0.05439252336448598
Bajaj Avenger Street 220 2016,2016,40000.0,first owner,noida,53.0,19.0,47100,220.0,Bajaj,8,0.08636363636363636
Hero CD Deluxe 100cc 2017,2017,25000.0,first owner,gurgaon,65.0,7.7,18000,100.0,Hero,7,0.077
Bajaj Avenger Street 180 2018,2018,7000.0,first owner,delhi,45.0,15.3,70000,180.0,Bajaj,6,0.085
Bajaj Avenger Cruise 220 2018,2018,8969.0,first owner,delhi,35.0,19.0,85000,220.0,Bajaj,6,0.08636363636363636
Bajaj Avenger Street 180 2019,2019,6903.0,first owner,faridabad,45.0,15.3,65000,180.0,Bajaj,5,0.085
Hero Karizma R 223cc 2008,2008,43509.0,first owner,delhi,40.0,17.0,20000,223.0,Hero,16,0.07623318385650224
Hero Karizma R 223cc 2010,2010,60000.0,third owner,ahmedabad,40.0,17.0,30000,223.0,Hero,14,0.07623318385650224
Hero Karizma R 223cc 2007,2007,50000.0,first owner,delhi,40.0,17.0,16400,223.0,Hero,17,0.07623318385650224
TVS Apache RTR 200 4V ABS 2018,2018,40.0,first owner,ahmedabad,40.0,20.23,75500,200.0,TVS,6,0.10115
Bajaj Pulsar 200 NS 200cc 2014,2014,44000.0,first owner,ahmedabad,40.0,24.2,50000,200.0,Bajaj,10,0.121
Bajaj Pulsar NS200 2013,2013,35.0,first owner,patna,35.0,23.19,50372,200.0,Bajaj,11,0.11595000000000001
Hyosung GT 650N 2017,2017,2500.0,first owner,delhi,23.0,72.68,340000,650.0,Hyosung,7,0.11181538461538462
Kawasaki ER-6n 650cc 2015,2015,4000.0,second owner,mumbai,17.0,71.0,315000,650.0,Kawasaki,9,0.10923076923076923
Bajaj Avenger 220cc 2012,2012,27000.0,first owner,bangalore,40.0,19.0,45000,220.0,Bajaj,12,0.08636363636363636
KTM RC 200cc 2014,2014,51000.0,first owner,vadodara,35.0,25.0,95000,200.0,KTM,10,0.125
Bajaj Avenger Street 180 2018,2018,10000.0,first owner,jhansi,45.0,15.3,70000,180.0,Bajaj,6,0.085
Bajaj Pulsar 220cc 2010,2010,34304.0,first owner,faridabad,38.0,21.0,20000,220.0,Bajaj,14,0.09545454545454546
Bajaj V15 150cc 2018,2018,15047.0,first owner,gurgaon,57.0,11.8,35500,150.0,Bajaj,6,0.07866666666666668
Bajaj V15 150cc 2016,2016,12315.0,first owner,faridabad,57.0,11.8,31000,150.0,Bajaj,8,0.07866666666666668
Royal Enfield Classic 350cc 2015,2015,16700.0,first owner,bhopal,35.0,19.8,113500,350.0,Royal Enfield,9,0.05657142857142857
KTM RC 200cc 2017,2017,18000.0,first owner,jaipur,35.0,25.1,140000,200.0,KTM,7,0.1255
Royal Enfield Bullet Electra Twinspark 350cc 2015,2015,20758.0,first owner,delhi,35.0,19.8,78000,350.0,Royal Enfield,9,0.05657142857142857
Royal Enfield Interceptor Chrome 2019,2019,2000.0,first owner,mumbai,40.0,47.0,310000,650.0,Royal Enfield,5,0.07230769230769231
Bajaj Platina 110 CBS 2019,2019,4500.0,first owner,bangalore,40.0,8.6,49000,110.0,Bajaj,5,0.07818181818181817
Yamaha FZ16 150cc 2010,2010,58.0,first owner,hyderabad,58.0,13.0,18000,150.0,Yamaha,14,0.08666666666666667
Bajaj Avenger Street 150 2017,2017,44507.0,first owner,jaipur,45.0,14.3,59000,150.0,Bajaj,7,0.09533333333333334
Royal Enfield Thunderbird 350cc 2017,2017,7800.0,first owner,bangalore,40.0,19.8,130000,350.0,Royal Enfield,7,0.05657142857142857
Honda CB Unicorn 150cc 2005,2005,60.0,first owner,ghaziabad,60.0,14.0,9000,150.0,Honda,19,0.09333333333333334
Hero Glamour 125cc 2010,2010,13500.0,first owner,muktsar,55.0,8.9,14000,125.0,Hero,14,0.0712
Bajaj Pulsar NS160 Rear Disc ABS FI BS6 2020,2020,21000.0,first owner,channapatna,40.0,17.03,120000,160.0,Bajaj,4,0.1064375
Hyosung Aquila Pro GV650 2015,2015,9000.0,first owner,chennai,16.0,74.0,300000,650.0,Hyosung,9,0.11384615384615385
Royal Enfield Himalayan 410cc 2018,2018,9500.0,first owner,chandigarh,32.0,24.5,150000,410.0,Royal Enfield,6,0.05975609756097561
Honda CB Shine 125cc 2013,2013,65.0,second owner,jaipur,65.0,10.0,28000,125.0,Honda,11,0.08
Bajaj Pulsar 200 NS 200cc 2014,2014,20000.0,first owner,hyderabad,40.0,24.2,54000,200.0,Bajaj,10,0.121
TVS Star City Plus 110cc 2017,2017,46823.0,first owner,bangalore,85.0,8.2,37000,110.0,TVS,7,0.07454545454545454
Hero Splendor Plus i3s 2019,2019,12300.0,first owner,delhi,81.0,8.2,55000,97.0,Hero,5,0.0845360824742268
TVS Apache RTR 160 4V Disc 2018,2018,13300.0,first owner,delhi,40.0,16.1,60000,160.0,TVS,6,0.100625
Yamaha FZs 150cc 2014,2014,38554.0,first owner,gurgaon,45.0,13.0,25000,150.0,Yamaha,10,0.08666666666666667
Bajaj Pulsar 180cc 2015,2015,48000.0,first owner,bangalore,45.0,17.0,36000,180.0,Bajaj,9,0.09444444444444444
TVS Star Sport 100cc 2010,2010,49730.0,first owner,faridabad,95.0,7.4,8100,100.0,TVS,14,0.07400000000000001
Bajaj Platina  Alloy ES-100cc 2017,2017,104.0,first owner,faridabad,104.0,8.2,28500,100.0,Bajaj,7,0.08199999999999999
Suzuki Gixxer SF 150cc Rear Disc 2018,2018,11000.0,first owner,srikakulam,40.0,14.6,80000,150.0,Suzuki,6,0.09733333333333333
BMW G 310 R 2018,2018,5000.0,first owner,tikamgarh,40.0,33.0,272100,310.0,BMW,6,0.1064516129032258
Honda CB Shine 125cc 2014,2014,65.0,second owner,gorakhpur,65.0,10.0,21900,125.0,Honda,10,0.08
Bajaj Avenger 220cc 2014,2014,32000.0,first owner,ahmedabad,40.0,19.0,26333,220.0,Bajaj,10,0.08636363636363636
KTM RC 390cc 2015,2015,8000.0,first owner,delhi,26.0,43.0,159500,390.0,KTM,9,0.11025641025641025
Hyosung GT650R 2015,2015,5000.0,first owner,nashik,20.0,72.68,390000,650.0,Hyosung,9,0.11181538461538462
Bajaj Avenger 220cc 2015,2015,37500.0,first owner,pune,40.0,19.0,45000,220.0,Bajaj,9,0.08636363636363636
Yamaha YZF-R15 2.0 150cc 2013,2013,63371.0,first owner,bangalore,42.0,16.7,48000,150.0,Yamaha,11,0.11133333333333333
Yamaha FZs 150cc 2012,2012,61200.0,second owner,zirakpur,45.0,13.0,31400,150.0,Yamaha,12,0.08666666666666667
Yamaha FZs 150cc 2012,2012,37000.0,first owner,24 pargana,45.0,13.0,37000,150.0,Yamaha,12,0.08666666666666667
Yamaha FZs 150cc 2012,2012,58000.0,third owner,bangalore,45.0,13.0,30000,150.0,Yamaha,12,0.08666666666666667
Bajaj Pulsar 180cc 2016,2016,31000.0,first owner,gurgaon,65.0,17.0,39000,180.0,Bajaj,8,0.09444444444444444
Honda CB Hornet 160R CBS 2018,2018,52.0,first owner,pune,52.0,15.44,95000,160.0,Honda,6,0.0965
Royal Enfield Thunderbird 350cc 2015,2015,29000.0,first owner,thane,40.0,19.8,125000,350.0,Royal Enfield,9,0.05657142857142857
KTM RC 200cc 2015,2015,56000.0,first owner,hyderabad,35.0,25.0,137500,200.0,KTM,9,0.125
Royal Enfield Himalayan 410cc 2016,2016,1500.0,first owner,lucknow,32.0,24.5,153300,410.0,Royal Enfield,8,0.05975609756097561
Honda CBR 250R 2017,2017,38.0,first owner,solan,38.0,26.15,150000,250.0,Honda,7,0.1046
Hero CD Deluxe 100cc 2006,2006,49000.0,first owner,noida,65.0,7.7,8600,100.0,Hero,18,0.077
Honda CBR 150R 150cc 2014,2014,25385.0,first owner,mumbai,38.0,18.28,55000,150.0,Honda,10,0.12186666666666668
Bajaj Avenger Street 150 2016,2016,36000.0,first owner,lucknow,50.0,14.3,52000,150.0,Bajaj,8,0.09533333333333334
Bajaj Pulsar RS200 2016,2016,35.0,second owner,bangalore,35.0,24.5,95000,200.0,Bajaj,8,0.1225
Yamaha YZF-R15 V3 150cc 2018,2018,15000.0,first owner,bangalore,40.0,18.7,128000,150.0,Yamaha,6,0.12466666666666666
Bajaj Platina 125cc 2012,2012,82.0,first owner,agra,82.0,8.56,18600,125.0,Bajaj,12,0.06848
Bajaj Pulsar 150cc 2012,2012,65.0,first owner,kolkata,65.0,14.85,30000,150.0,Bajaj,12,0.09899999999999999
Kawasaki Ninja 650cc 2014,2014,30000.0,second owner,chennai,21.0,67.2,300000,650.0,Kawasaki,10,0.1033846153846154
Honda CB Shine 125cc 2008,2008,65.0,second owner,bangalore,65.0,10.0,30000,125.0,Honda,16,0.08
TVS Apache RTR 160cc FRONT DISC ABS 2020,2020,60.0,first owner,kanpur nagar,60.0,15.2,87900,160.0,TVS,4,0.095
Royal Enfield Bullet 350cc 2016,2016,21708.0,first owner,chennai,37.0,19.8,93000,350.0,Royal Enfield,8,0.05657142857142857
Royal Enfield Classic 350cc 2018,2018,14700.0,first owner,mumbai,35.0,19.8,165000,350.0,Royal Enfield,6,0.05657142857142857
Bajaj Pulsar 150cc 2011,2011,65.0,first owner,palampur,65.0,14.85,35000,150.0,Bajaj,13,0.09899999999999999
Honda Dream Yuga 110cc 2013,2013,84.0,first owner,bangalore,84.0,8.25,32000,110.0,Honda,11,0.075
Honda Dream Yuga 110cc 2016,2016,84.0,first owner,bangalore,84.0,8.25,39100,110.0,Honda,8,0.075
Suzuki Gixxer SF 250cc ABS 2019,2019,8000.0,first owner,ahmedabad,40.0,26.1,140000,250.0,Suzuki,5,0.1044
Hero Xpulse 200cc FI 2019,2019,3400.0,first owner,hyderabad,40.0,18.1,95000,200.0,Hero,5,0.09050000000000001
Benelli TNT 600i ABS 2018,2018,11500.0,second owner,mumbai,19.0,82.7,475000,600.0,Benelli,6,0.13783333333333334
Bajaj Avenger Street 220 2016,2016,38800.0,first owner,kolkata,53.0,19.0,50900,220.0,Bajaj,8,0.08636363636363636
Royal Enfield Thunderbird 350cc 2019,2019,2000.0,first owner,bangalore,40.0,19.8,148000,350.0,Royal Enfield,5,0.05657142857142857
Royal Enfield Classic 350cc ABS Stormrider Sand BS6 2020,2020,1900.0,first owner,bangalore,35.0,19.1,200000,350.0,Royal Enfield,4,0.054571428571428576
Suzuki Gixxer 150cc 2018,2018,25000.0,first owner,hyderabad,63.0,14.0,65000,150.0,Suzuki,6,0.09333333333333334
Kawasaki Ninja 1000 2018,2018,9500.0,second owner,delhi,15.0,140.0,825000,1000.0,Kawasaki,6,0.14
Bajaj Avenger Cruise 220 2017,2017,15000.0,first owner,pune,35.0,19.0,75000,220.0,Bajaj,7,0.08636363636363636
Bajaj V15 150cc 2018,2018,15510.0,first owner,faridabad,57.0,11.8,33000,150.0,Bajaj,6,0.07866666666666668
Yamaha Fazer 150cc 2010,2010,45.0,first owner,jamshedpur,45.0,13.0,50000,150.0,Yamaha,14,0.08666666666666667
Honda CB Shine 125cc 2009,2009,65.0,first owner,bangalore,65.0,10.0,30000,125.0,Honda,15,0.08
Bajaj Pulsar RS200 2015,2015,35.0,first owner,faridabad,35.0,24.16,66000,200.0,Bajaj,9,0.1208
Bajaj Pulsar RS200 2016,2016,35.0,first owner,mumbai,35.0,24.5,75000,200.0,Bajaj,8,0.1225
Honda CBF Stunner 125cc 2009,2009,65.0,first owner,jaipur,65.0,11.0,16000,125.0,Honda,15,0.088
Yamaha SS 125 125cc 2012,2012,68.0,first owner,ahmedabad,68.0,10.7,20000,125.0,Yamaha,12,0.0856
Bajaj Pulsar NS160 2018,2018,40000.0,first owner,kanpur,40.0,15.5,63600,160.0,Bajaj,6,0.096875
Bajaj Pulsar 220cc 2015,2015,65000.0,first owner,madurai,38.0,21.0,75000,220.0,Bajaj,9,0.09545454545454546
Honda CB Unicorn 160 STD 2017,2017,52.0,first owner,patna,52.0,13.82,70000,160.0,Honda,7,0.08637500000000001
TVS Apache RR310 2018,2018,3500.0,first owner,bangalore,22.0,33.0,185000,310.0,TVS,6,0.1064516129032258
Honda CB ShineSP 125cc CBS 2016,2016,65.0,first owner,hyderabad,65.0,10.0,50000,125.0,Honda,8,0.08
TVS Apache RTR 160 4V Disc 2018,2018,9385.0,first owner,faridabad,40.0,16.1,61000,160.0,TVS,6,0.100625
Harley-Davidson Fat Bob 2014,2014,15500.0,first owner,jalandhar,18.0,65.0,924999,1868.0,Harley-Davidson,10,0.034796573875803
Ducati Panigale 959 2018,2018,289.0,first owner,delhi,17.0,154.85,1070500,959.0,Ducati,6,0.16147028154327422
Kawasaki Ninja 400 2019,2019,190.0,first owner,surat,40.0,47.5,300000,400.0,Kawasaki,5,0.11875
KTM RC 390cc 2017,2017,17500.0,first owner,kolkata,26.0,42.3,145000,390.0,KTM,7,0.10846153846153846
Hero Karizma R 223cc 2012,2012,25000.0,first owner,visakhapatnam,40.0,17.0,40000,223.0,Hero,12,0.07623318385650224
Royal Enfield Bullet 350cc KS EFI Black BS6 2020,2020,37.0,first owner,fatehpur,37.0,19.8,175000,350.0,Royal Enfield,4,0.05657142857142857
Hero Passion Pro 100cc 2013,2013,21000.0,first owner,bangalore,5.0,8.2,42000,100.0,Hero,11,0.08199999999999999
Royal Enfield Classic 350cc 2017,2017,11000.0,second owner,ahmedabad,35.0,19.8,130000,350.0,Royal Enfield,7,0.05657142857142857
Yamaha Fazer 150cc 2014,2014,45.0,first owner,patna,45.0,13.0,400000,150.0,Yamaha,10,0.08666666666666667
Hero Splendor Plus 100cc 2017,2017,55000.0,first owner,mysore,81.0,8.2,45000,100.0,Hero,7,0.08199999999999999
TVS Apache RTR 180cc 2018,2018,45.0,first owner,gurgaon,45.0,17.3,58000,180.0,TVS,6,0.09611111111111112
Bajaj Pulsar NS200 2014,2014,35.0,second owner,bangalore,35.0,23.19,65000,200.0,Bajaj,10,0.11595000000000001
Hero Passion Pro 100cc 2017,2017,15000.0,first owner,bangalore,5.0,8.2,57500,100.0,Hero,7,0.08199999999999999
Hero Xpulse 200cc 2019,2019,11732.0,first owner,bangalore,40.0,18.1,105000,200.0,Hero,5,0.09050000000000001
Yamaha FZs 150cc 2017,2017,14000.0,first owner,bangalore,45.0,13.0,68000,150.0,Yamaha,7,0.08666666666666667
Bajaj V15 150cc 2018,2018,5984.0,first owner,navi mumbai,57.0,11.8,52000,150.0,Bajaj,6,0.07866666666666668
Royal Enfield Himalayan 410cc 2016,2016,14000.0,first owner,bangalore,32.0,24.5,130000,410.0,Royal Enfield,8,0.05975609756097561
Bajaj Pulsar RS200 2019,2019,35.0,first owner,gurgaon,35.0,24.5,90000,200.0,Bajaj,5,0.1225
Bajaj Discover 125cc 2012,2012,26356.0,second owner,bangalore,65.0,12.5,28000,125.0,Bajaj,12,0.1
Harley-Davidson Street 750 2015,2015,1700.0,first owner,ghaziabad,20.0,47.0,275000,750.0,Harley-Davidson,9,0.06266666666666666
Harley-Davidson Street 750 2015,2015,15000.0,first owner,delhi,20.0,47.0,320000,750.0,Harley-Davidson,9,0.06266666666666666
Bajaj Discover 100cc 2013,2013,80.0,first owner,coimbatore,80.0,7.7,30000,100.0,Bajaj,11,0.077
Benelli TNT 600 GT 2018,2018,10800.0,first owner,ahmedabad,19.0,82.7,425000,600.0,Benelli,6,0.13783333333333334
Royal Enfield Classic Chrome 500cc 2016,2016,7700.0,first owner,thrissur,32.0,27.2,127900,500.0,Royal Enfield,8,0.0544
Honda H’ness CB 350 DLX Pro 2020,2020,3500.0,first owner,mumbai,45.8,20.78,228250,350.0,Honda,4,0.059371428571428575
Royal Enfield Classic 350cc ABS 2019,2019,6300.0,first owner,mumbai,35.0,19.8,186750,350.0,Royal Enfield,5,0.05657142857142857
KTM RC 200cc 2017,2017,13000.0,first owner,mumbai,35.0,25.1,145250,200.0,KTM,7,0.1255
Bajaj Dominar 400 ABS 2019,2019,28.0,first owner,mumbai,28.0,34.5,190000,400.0,Bajaj,5,0.08625
KTM Duke 200cc ABS BS6 2020,2020,1200.0,first owner,mumbai,35.0,24.6,197125,200.0,KTM,4,0.12300000000000001
Hero CD Deluxe 100cc 2006,2006,67500.0,first owner,jaipur,65.0,7.7,11500,100.0,Hero,18,0.077
Royal Enfield Classic 350cc 2015,2015,21000.0,first owner,dehradun,35.0,19.8,95000,350.0,Royal Enfield,9,0.05657142857142857
Bajaj Pulsar 150cc 2009,2009,65.0,second owner,gurgaon,65.0,14.85,12000,150.0,Bajaj,15,0.09899999999999999
Hero Splendor Plus 100cc 2007,2007,90000.0,first owner,hosur,81.0,8.2,12200,100.0,Hero,17,0.08199999999999999
Kawasaki Ninja 300cc 2014,2014,32000.0,second owner,chennai,25.0,39.0,230000,300.0,Kawasaki,10,0.13
Royal Enfield Bullet Electra 350cc 2011,2011,55000.0,first owner,hyderabad,40.0,19.8,82000,350.0,Royal Enfield,13,0.05657142857142857
Royal Enfield Thunderbird 350cc 2014,2014,19700.0,first owner,noida,40.0,19.8,80000,350.0,Royal Enfield,10,0.05657142857142857
UM Renegade Commando 2017,2017,8425.0,first owner,lucknow,35.0,24.8,85000,279.0,UM,7,0.08888888888888889
Hero Splendor 100cc 2008,2008,31000.0,first owner,chennai,45.0,6.15,17000,100.0,Hero,16,0.061500000000000006
Bajaj Pulsar 150cc 2012,2012,65.0,first owner,mumbai,65.0,14.85,25000,150.0,Bajaj,12,0.09899999999999999
Bajaj Pulsar NS160 2018,2018,18000.0,first owner,indore,40.0,15.5,75000,160.0,Bajaj,6,0.096875
Bajaj Platina 110 H Gear Disc BS6 2020,2020,1600.0,first owner,mysore,84.0,8.44,67900,110.0,Bajaj,4,0.07672727272727273
Yamaha FZ S V 2.0 150cc 2016,2016,58.0,first owner,jaipur,58.0,13.0,55000,150.0,Yamaha,8,0.08666666666666667
Royal Enfield Bullet Electra 350cc 2014,2014,22000.0,first owner,gurgaon,40.0,19.8,78500,350.0,Royal Enfield,10,0.05657142857142857
Yamaha Fazer 150cc 2010,2010,45.0,first owner,delhi,45.0,13.0,14000,150.0,Yamaha,14,0.08666666666666667
Hero Splendor Plus 100cc 2014,2014,12500.0,first owner,sonepat,81.0,8.2,25800,100.0,Hero,10,0.08199999999999999
Bajaj Pulsar 180cc 2018,2018,65000.0,fourth owner or more,bangalore,65.0,17.0,26800,180.0,Bajaj,6,0.09444444444444444
Royal Enfield Himalayan 410cc 2016,2016,7300.0,first owner,bangalore,32.0,24.5,150000,410.0,Royal Enfield,8,0.05975609756097561
Harley-Davidson Fat Boy 2013,2013,18.0,first owner,ahmedabad,18.0,65.0,1299999,1868.0,Harley-Davidson,11,0.034796573875803
Harley-Davidson Street Bob 2015,2015,5200.0,second owner,ahmedabad,18.0,65.0,625000,1868.0,Harley-Davidson,9,0.034796573875803
Hero Splendor Pro 100cc 2015,2015,11000.0,first owner,ludhiana,81.0,8.2,40000,100.0,Hero,9,0.08199999999999999
Bajaj Pulsar 180cc 2012,2012,20000.0,first owner,delhi,45.0,17.0,26900,180.0,Bajaj,12,0.09444444444444444
Honda CBR 250R 2016,2016,38.0,first owner,bangalore,38.0,26.15,150000,250.0,Honda,8,0.1046
Harley-Davidson Street 750 2016,2016,14000.0,first owner,bangalore,20.0,47.0,358900,750.0,Harley-Davidson,8,0.06266666666666666
Harley-Davidson 1200 Custom 2019,2019,130.0,first owner,bangalore,18.0,67.7,1050000,200.0,Harley-Davidson,5,0.3385
Bajaj Pulsar AS150 2015,2015,31000.0,second owner,bangalore,53.0,16.8,42000,150.0,Bajaj,9,0.112
KTM RC 390cc 2017,2017,13000.0,first owner,kolkata,26.0,42.3,145000,390.0,KTM,7,0.10846153846153846
Hero Splendor 100cc 2007,2007,70000.0,first owner,hosur,45.0,6.15,17000,100.0,Hero,17,0.061500000000000006
Bajaj XCD 125 2009,2009,25000.0,first owner,delhi,60.0,9.4,16000,125.0,Bajaj,15,0.0752
Hero Passion Pro 100cc 2015,2015,16754.0,first owner,faridabad,84.0,8.2,24700,100.0,Hero,9,0.08199999999999999
Hero Hunk 150cc 2013,2013,12500.0,first owner,bangalore,53.0,14.0,30000,150.0,Hero,11,0.09333333333333334
TVS Sport 100cc 2013,2013,14736.0,first owner,faridabad,95.0,7.4,17500,100.0,TVS,11,0.07400000000000001
Hero Ignitor 125cc 2012,2012,450.0,first owner,kolhapur,55.0,11.0,62000,125.0,Hero,12,0.088
Kawasaki Z1000 2016,2016,9800.0,first owner,bangalore,15.0,139.0,1078000,1000.0,Kawasaki,8,0.139
Bajaj Pulsar RS200 2018,2018,35.0,first owner,delhi,35.0,24.5,105000,200.0,Bajaj,6,0.1225
TVS Apache RTR 180cc 2012,2012,45.0,first owner,coimbatore,45.0,17.2,50000,180.0,TVS,12,0.09555555555555555
Honda CD 110 Dream CBS DLX CARRIER 2019,2019,84.0,first owner,delhi,84.0,8.31,45000,110.0,Honda,5,0.07554545454545455
Royal Enfield Thunderbird 350cc 2015,2015,12000.0,first owner,bangalore,40.0,19.8,115000,350.0,Royal Enfield,9,0.05657142857142857
Royal Enfield Thunderbird 350cc 2017,2017,5000.0,first owner,bangalore,40.0,19.8,130000,350.0,Royal Enfield,7,0.05657142857142857
Royal Enfield Thunderbird 350cc 2017,2017,9000.0,first owner,bangalore,40.0,19.8,125000,350.0,Royal Enfield,7,0.05657142857142857
Royal Enfield Electra 350cc 2018,2015,19500.0,first owner,bangalore,37.0,19.0,105000,350.0,Royal Enfield,9,0.054285714285714284
Bajaj XCD 125 2007,2007,26000.0,first owner,bhopal,60.0,9.4,15000,125.0,Bajaj,17,0.0752
Triumph Bonneville T120 2017,2017,4800.0,second owner,gurgaon,18.0,78.9,700000,120.0,Triumph,7,0.6575000000000001
Royal Enfield Himalayan 410cc 2017,2017,12000.0,first owner,pune,32.0,24.5,150000,410.0,Royal Enfield,7,0.05975609756097561
Honda CB Shine 125cc 2015,2015,65.0,first owner,faridabad,65.0,10.0,30000,125.0,Honda,9,0.08
Harley-Davidson Iron 883 2015,2015,10000.0,first owner,mumbai,20.0,50.0,596562,883.0,Harley-Davidson,9,0.056625141562853906
KTM Duke 250cc 2018,2018,3100.0,first owner,chennai,40.0,29.6,150000,250.0,KTM,6,0.1184
Suzuki GSX-R 1000cc 2011,2011,18500.0,first owner,hubli,12.0,160.0,810000,1000.0,Suzuki,13,0.16
Honda CB Unicorn 160 STD 2015,2015,52.0,second owner,mumbai,52.0,13.82,35000,160.0,Honda,9,0.08637500000000001
TVS Apache RTR 180cc ABS 2017,2017,45.0,second owner,mumbai,45.0,17.3,47500,180.0,TVS,7,0.09611111111111112
Bajaj Pulsar 200 NS 200cc 2014,2014,57000.0,first owner,ahmedabad,40.0,24.2,42200,200.0,Bajaj,10,0.121
Honda Livo Disc 110cc CBS 2019,2019,2500.0,first owner,bangalore,40.0,8.25,64000,110.0,Honda,5,0.075
Yamaha YZF-R15 2.0 150cc 2017,2017,4800.0,first owner,hyderabad,42.0,16.7,100000,150.0,Yamaha,7,0.11133333333333333
Bajaj Pulsar 135LS 2010,2010,20000.0,first owner,jamshedpur,64.0,13.0,20000,135.0,Bajaj,14,0.0962962962962963
Royal Enfield Himalayan 410cc 2016,2016,10158.0,first owner,delhi,32.0,24.5,125000,410.0,Royal Enfield,8,0.05975609756097561
Bajaj Pulsar 220F 2016,2016,47042.0,first owner,bangalore,38.0,21.0,55000,220.0,Bajaj,8,0.09545454545454546
Bajaj Pulsar 150cc 2015,2015,65.0,first owner,sikar,65.0,14.85,45000,150.0,Bajaj,9,0.09899999999999999
Honda CB Hornet 160R Special Edition-CBS 2017,2017,52.0,first owner,pune,52.0,15.44,75000,160.0,Honda,7,0.0965
KTM RC 200cc 2015,2015,15000.0,first owner,bangalore,35.0,25.0,132000,200.0,KTM,9,0.125
Bajaj Pulsar 150cc 2016,2016,65.0,first owner,bangalore,65.0,15.0,47000,150.0,Bajaj,8,0.1
Bajaj Pulsar 220cc 2016,2016,31651.0,first owner,faridabad,38.0,21.0,41000,220.0,Bajaj,8,0.09545454545454546
MV Agusta F3 800cc 2015,2015,6898.0,first owner,delhi,15.0,145.9,950000,800.0,MV Agusta,9,0.182375
Hero Passion Pro 100cc 2009,2009,34000.0,second owner,kolkata,5.0,8.2,20000,100.0,Hero,15,0.08199999999999999
Hero Ignitor 125cc 2012,2012,32000.0,first owner,delhi,55.0,11.0,25000,125.0,Hero,12,0.088
Bajaj Pulsar NS160 Rear Disc 2018,2018,13000.0,first owner,chennai,40.0,15.5,64553,160.0,Bajaj,6,0.096875
Bajaj V15 150cc 2017,2017,14303.0,first owner,jaipur,57.0,11.8,52400,150.0,Bajaj,7,0.07866666666666668
Bajaj Avenger 220cc 2015,2015,27000.0,first owner,gurgaon,40.0,19.0,54400,220.0,Bajaj,9,0.08636363636363636
Bajaj Avenger Street 220 2016,2016,3650.0,first owner,ghaziabad,53.0,19.0,75000,220.0,Bajaj,8,0.08636363636363636
Royal Enfield Bullet Twinspark 350cc 2014,2014,37.0,first owner,bangalore,37.0,19.8,112000,350.0,Royal Enfield,10,0.05657142857142857
Bajaj Avenger Street 220 2016,2016,15500.0,first owner,hyderabad,53.0,19.0,70000,220.0,Bajaj,8,0.08636363636363636
Suzuki Gixxer SF 150cc 2015,2015,15000.0,first owner,ahmedabad,40.0,14.6,60000,150.0,Suzuki,9,0.09733333333333333
Bajaj Pulsar 220cc 2013,2013,24500.0,second owner,delhi,38.0,21.0,45000,220.0,Bajaj,11,0.09545454545454546
Suzuki Gixxer 150cc Dual Tone Rear Disc 2017,2017,17500.0,first owner,secunderabad,63.0,14.0,70000,150.0,Suzuki,7,0.09333333333333334
Royal Enfield Classic 350cc 2016,2016,1400.0,first owner,delhi,35.0,19.8,127300,350.0,Royal Enfield,8,0.05657142857142857
Royal Enfield Classic 350cc 2017,2017,4200.0,first owner,delhi,35.0,19.8,131500,350.0,Royal Enfield,7,0.05657142857142857
Royal Enfield Machismo 500cc 2007,2007,25.0,second owner,mumbai,25.0,23.9,89000,500.0,Royal Enfield,17,0.047799999999999995
Hero Hunk 150cc 2009,2009,16000.0,first owner,delhi,53.0,14.0,22000,150.0,Hero,15,0.09333333333333334
TVS Sport Electric Start 2017,2017,29067.0,first owner,delhi,95.0,7.4,40000,109.0,TVS,7,0.06788990825688074
UM Renegade Sport S 2017,2017,4454.0,first owner,faridabad,35.0,24.8,125000,279.0,UM,7,0.08888888888888889
Bajaj Avenger Street 150 2016,2016,14000.0,first owner,hyderabad,50.0,14.3,58100,150.0,Bajaj,8,0.09533333333333334
Royal Enfield Electra 350cc 2011,2011,22000.0,first owner,delhi,37.0,19.0,98000,350.0,Royal Enfield,13,0.054285714285714284
Bajaj  Pulsar 180cc 2011,2011,55000.0,first owner,gurgaon,45.0,17.0,26000,180.0,Bajaj,13,0.09444444444444444
Bajaj V15 150cc 2016,2016,17800.0,first owner,bangalore,57.0,11.8,47500,150.0,Bajaj,8,0.07866666666666668
Royal Enfield Classic 350cc 2014,2014,21000.0,second owner,delhi,35.0,19.8,95000,350.0,Royal Enfield,10,0.05657142857142857
Bajaj Pulsar RS200 ABS 2015,2015,35.0,first owner,delhi,35.0,24.16,80000,200.0,Bajaj,9,0.1208
Bajaj V15 150cc 2016,2016,23000.0,first owner,muvattupuzha,57.0,11.8,46000,150.0,Bajaj,8,0.07866666666666668
Honda CB Hornet 160R CBS 2016,2016,52.0,first owner,medak,52.0,15.44,68200,160.0,Honda,8,0.0965
Bajaj Pulsar 135LS 2014,2014,10000.0,first owner,gurgaon,64.0,13.0,40000,135.0,Bajaj,10,0.0962962962962963
Royal Enfield Classic 350cc 2016,2016,3750.0,first owner,delhi,35.0,19.8,130000,350.0,Royal Enfield,8,0.05657142857142857
KTM Duke 200cc 2017,2017,14500.0,first owner,pune,35.0,24.6,135000,200.0,KTM,7,0.12300000000000001
Royal Enfield Classic 350cc 2015,2015,35000.0,second owner,kaithal,35.0,19.8,97000,350.0,Royal Enfield,9,0.05657142857142857
Royal Enfield Thunderbird 350cc 2018,2018,3350.0,first owner,delhi,40.0,19.8,141400,350.0,Royal Enfield,6,0.05657142857142857
Bajaj Avenger Street 220 2018,2018,7500.0,first owner,kalyan,53.0,19.0,90000,220.0,Bajaj,6,0.08636363636363636
Royal Enfield Classic 350cc 2017,2017,5304.0,first owner,pune,35.0,19.8,140000,350.0,Royal Enfield,7,0.05657142857142857
KTM RC 390cc 2017,2017,4500.0,first owner,chandigarh,26.0,42.3,229000,390.0,KTM,7,0.10846153846153846
KTM Duke 200cc 2017,2017,4500.0,first owner,kalyan,35.0,24.6,145000,200.0,KTM,7,0.12300000000000001
Yamaha Fazer25 250cc 2018,2018,17000.0,first owner,gurgaon,43.0,20.3,133500,250.0,Yamaha,6,0.08120000000000001
Honda CBR 150R 150cc 2015,2015,38.0,second owner,dehradun,38.0,18.28,71800,150.0,Honda,9,0.12186666666666668
KTM Duke 200cc 2016,2016,10500.0,first owner,dharmapuri,35.0,24.6,121900,200.0,KTM,8,0.12300000000000001
Bajaj Pulsar 150cc 2017,2017,65.0,first owner,jaipur,65.0,15.0,70000,150.0,Bajaj,7,0.1
Royal Enfield Standard 500cc 2018,2017,2330.0,first owner,delhi,25.0,26.1,161793,500.0,Royal Enfield,7,0.0522
Bajaj Pulsar NS200 2017,2017,42.0,first owner,ludhiana,42.0,23.2,90000,200.0,Bajaj,7,0.11599999999999999
Hero Ignitor 125cc 2014,2014,36000.0,first owner,ghaziabad,55.0,11.0,26900,125.0,Hero,10,0.088
Honda Dream Yuga 110cc 2015,2015,18988.0,first owner,kolhapur,84.0,8.0,44000,110.0,Honda,9,0.07272727272727272
Yamaha FZs 150cc 2015,2015,25000.0,first owner,mumbai,45.0,13.0,49940,150.0,Yamaha,9,0.08666666666666667
Yamaha FZ V 2.0 150cc 2013,2013,58.0,first owner,kolkata,58.0,13.0,38000,150.0,Yamaha,11,0.08666666666666667
Bajaj Pulsar 180cc 2013,2013,31500.0,first owner,pune,65.0,15.0,42000,180.0,Bajaj,11,0.08333333333333333
Bajaj V15 150cc 2017,2017,10200.0,first owner,ahmedabad,57.0,11.8,58000,150.0,Bajaj,7,0.07866666666666668
Bajaj Discover 125cc 2016,2016,15000.0,first owner,pratapgarh,65.0,12.5,37800,125.0,Bajaj,8,0.1
Royal Enfield Thunderbird 350cc 2012,2012,30000.0,first owner,pune,40.0,19.8,75000,350.0,Royal Enfield,12,0.05657142857142857
Honda CD 110 Dream 2016,2016,84.0,first owner,khedbrahma,84.0,8.25,35100,110.0,Honda,8,0.075
Royal Enfield Classic Desert Storm 500cc 2016,2016,15700.0,first owner,bangalore,32.0,27.2,145000,500.0,Royal Enfield,8,0.0544
Bajaj Avenger 220cc 2014,2014,22000.0,third owner,bareilly,40.0,19.0,34500,220.0,Bajaj,10,0.08636363636363636
Honda CBR 250R Repsol ABS 2017,2017,38.0,second owner,noida,38.0,26.15,120000,250.0,Honda,7,0.1046
Honda CBR 250R ABS 2017,2017,38.0,first owner,mumbai,38.0,26.15,173400,250.0,Honda,7,0.1046
Hyosung GT250R 2015,2015,8700.0,first owner,ajmer,30.0,28.0,205000,250.0,Hyosung,9,0.112
Harley-Davidson Street 750 2016,2016,2000.0,first owner,jalandhar,20.0,47.0,450000,750.0,Harley-Davidson,8,0.06266666666666666
Harley-Davidson Street 750 ABS 2019,2019,399.0,first owner,jaipur,20.0,47.0,520000,750.0,Harley-Davidson,5,0.06266666666666666
Harley-Davidson Street 750 2016,2016,10000.0,first owner,delhi,20.0,47.0,421000,750.0,Harley-Davidson,8,0.06266666666666666
Triumph Bonneville T100 900cc 2017,2017,7500.0,second owner,delhi,25.0,54.0,640000,900.0,Triumph,7,0.06
Harley-Davidson Street Rod 2017,2017,5700.0,second owner,delhi,25.0,70.0,505000,749.0,Harley-Davidson,7,0.09345794392523364
Harley-Davidson Street 750 2016,2016,12000.0,first owner,rudrapur,20.0,47.0,395000,750.0,Harley-Davidson,8,0.06266666666666666
Harley-Davidson Street 750 2015,2015,9300.0,first owner,bhavnagar,20.0,47.0,400000,750.0,Harley-Davidson,9,0.06266666666666666
Harley-Davidson Street 750 ABS 2017,2017,200.0,first owner,delhi,20.0,47.0,500000,750.0,Harley-Davidson,7,0.06266666666666666
Harley-Davidson Street 750 2015,2015,14000.0,third owner,delhi,20.0,47.0,330000,750.0,Harley-Davidson,9,0.06266666666666666
Hyosung GT250R 2013,2013,10000.0,third owner,delhi,30.0,28.0,130000,250.0,Hyosung,11,0.112
Harley-Davidson Street 750 2014,2014,6000.0,first owner,jaipur,20.0,47.0,400000,750.0,Harley-Davidson,10,0.06266666666666666
Harley-Davidson Street 750 2016,2016,1300.0,first owner,delhi,20.0,47.0,478000,750.0,Harley-Davidson,8,0.06266666666666666
Harley-Davidson Street 750 2015,2015,8800.0,first owner,delhi,20.0,47.0,360000,750.0,Harley-Davidson,9,0.06266666666666666
Harley-Davidson Street 750 2015,2015,3100.0,first owner,mumbai,20.0,47.0,350000,750.0,Harley-Davidson,9,0.06266666666666666
Harley-Davidson Street 750 2015,2015,7400.0,first owner,faridabad,20.0,47.0,400000,750.0,Harley-Davidson,9,0.06266666666666666
Harley-Davidson Street 750 2014,2014,2200.0,first owner,gurgaon,20.0,47.0,360000,750.0,Harley-Davidson,10,0.06266666666666666
Hyosung Aquila GV250 2017,2017,3600.0,first owner,pune,27.0,26.21,232000,250.0,Hyosung,7,0.10484
Triumph Bonneville T100 865cc 2015,2015,4400.0,first owner,indore,18.0,67.0,580000,865.0,Triumph,9,0.07745664739884393
Benelli TNT 300 i 300cc 2016,2016,7500.0,first owner,mumbai,25.0,37.73,270000,300.0,Benelli,8,0.12576666666666667
Triumph Rocket III Roadster 2016,2016,23000.0,first owner,pune,17.0,146.0,1900000,2458.0,Triumph,8,0.059397884458909686
Triumph Thunderbird LT 2015,2015,21000.0,first owner,coimbatore,12.0,93.0,1400000,1699.0,Triumph,9,0.05473808122424956
Hyosung GT250R 2013,2013,5000.0,first owner,delhi,30.0,28.0,0,250.0,Hyosung,11,0.112
Benelli TNT 25 250 cc 2016,2016,6300.0,first owner,lonavala,40.0,19.0,140000,200.0,Benelli,8,0.095
Harley-Davidson 1200 Custom 2016,2016,3000.0,first owner,mumbai,18.0,67.7,750000,200.0,Harley-Davidson,8,0.3385
Benelli TNT 300 2017,2017,11700.0,second owner,mumbai,25.0,37.73,280000,300.0,Benelli,7,0.12576666666666667
Harley-Davidson Street 750 2014,2014,5600.0,first owner,delhi,20.0,47.0,349000,750.0,Harley-Davidson,10,0.06266666666666666
Harley-Davidson Street 750 2015,2015,2675.0,first owner,pune,20.0,47.0,419700,750.0,Harley-Davidson,9,0.06266666666666666
Harley-Davidson Street 750 2015,2015,1600.0,first owner,mumbai,20.0,47.0,350000,750.0,Harley-Davidson,9,0.06266666666666666
Harley-Davidson Street 750 2014,2014,4000.0,first owner,jaipur,20.0,47.0,455000,750.0,Harley-Davidson,10,0.06266666666666666
Benelli TNT 300 2016,2016,13000.0,second owner,bardhaman,25.0,37.73,220000,300.0,Benelli,8,0.12576666666666667
Harley-Davidson XG750 750cc 2014,2014,1000.0,first owner,madurai,20.0,47.0,441142,750.0,Harley-Davidson,10,0.06266666666666666
Kawasaki Ninja 300cc 2015,2015,5000.0,first owner,satna,25.0,39.0,204600,300.0,Kawasaki,9,0.13
Benelli TNT 600i ABS 2019,2019,1000.0,first owner,kolkata,19.0,82.7,650000,600.0,Benelli,5,0.13783333333333334
Harley-Davidson Street Rod 2017,2017,3000.0,first owner,delhi,25.0,70.0,525000,749.0,Harley-Davidson,7,0.09345794392523364
Harley-Davidson Street 750 2014,2014,15237.0,first owner,ahmedabad,20.0,47.0,311000,750.0,Harley-Davidson,10,0.06266666666666666
Bajaj Pulsar 150cc 2013,2013,65.0,first owner,jaipur,65.0,14.85,32999,150.0,Bajaj,11,0.09899999999999999
Royal Enfield Classic 500cc 2014,2014,10200.0,first owner,bangalore,32.0,27.2,0,500.0,Royal Enfield,10,0.0544
KTM RC 200cc 2015,2015,16000.0,first owner,adyar,35.0,25.0,130000,200.0,KTM,9,0.125
Bajaj Pulsar 135LS 135cc 2013,2013,65.0,first owner,delhi,65.0,13.37,27000,135.0,Bajaj,11,0.09903703703703703
Hero Passion PRO  100 cc 2013,2013,6000.0,first owner,ludhiana,45.0,6.15,30000,200.0,Hero,11,0.030750000000000003
Yamaha YZF-R15 150cc 2014,2014,7000.0,first owner,visakhapatnam,42.0,16.0,80000,150.0,Yamaha,10,0.10666666666666667
Bajaj Discover 125ST 2012,2012,40200.0,first owner,varanasi,65.0,12.5,20000,125.0,Bajaj,12,0.1
Bajaj Discover150S 150cc 2014,2014,70.0,first owner,satna,70.0,13.0,25000,150.0,Bajaj,10,0.08666666666666667
Bajaj Discover 125ST 2013,2013,17000.0,second owner,faridabad,65.0,12.5,24000,125.0,Bajaj,11,0.1
KTM RC 200cc 2016,2016,8700.0,first owner,chennai,35.0,25.1,150000,200.0,KTM,8,0.1255
Bajaj Avenger Street 150 2016,2016,10000.0,first owner,delhi,50.0,14.3,65000,150.0,Bajaj,8,0.09533333333333334
Royal Enfield Classic Desert Storm 500cc 2013,2013,28000.0,first owner,ahmedabad,32.0,27.2,100999,500.0,Royal Enfield,11,0.0544
Hero Splendor 100cc 2004,2004,55000.0,first owner,muzaffarpur,45.0,6.15,19000,100.0,Hero,20,0.061500000000000006
Bajaj Pulsar RS200 2017,2017,35.0,first owner,chennai,35.0,24.5,120000,200.0,Bajaj,7,0.1225
Bajaj Avenger Street 150 2016,2016,4900.0,first owner,mumbai,50.0,14.3,70000,150.0,Bajaj,8,0.09533333333333334
Royal Enfield Classic 350cc 2015,2015,22392.0,first owner,gurgaon,35.0,19.8,95000,350.0,Royal Enfield,9,0.05657142857142857
Hero Passion Plus 100cc 2008,2008,42662.0,first owner,jaipur,55.0,7.5,16000,100.0,Hero,16,0.075
Bajaj V15 150cc 2016,2016,22139.0,first owner,delhi,57.0,11.8,48000,150.0,Bajaj,8,0.07866666666666668
Bajaj Pulsar RS200 ABS 2016,2016,35.0,first owner,mumbai,35.0,24.5,125000,200.0,Bajaj,8,0.1225
Bajaj Pulsar 180cc 2009,2009,77000.0,first owner,delhi,65.0,15.0,18000,180.0,Bajaj,15,0.08333333333333333
KTM RC 390cc 2016,2016,4500.0,first owner,mumbai,26.0,42.3,180000,390.0,KTM,8,0.10846153846153846
Hero Splendor Pro Alloy 2017,2017,300.0,first owner,ludhiana,81.0,8.2,41000,97.0,Hero,7,0.0845360824742268
Hero Passion Xpro 110cc 2016,2016,7500.0,first owner,ahmedabad,55.0,6.72,50000,110.0,Hero,8,0.06109090909090909
KTM RC 200cc 2015,2015,13800.0,first owner,mumbai,35.0,25.0,140000,200.0,KTM,9,0.125
KTM Duke 390cc 2016,2016,6900.0,first owner,pune,25.0,42.9,180000,390.0,KTM,8,0.11
Honda CB Shine 125cc 2005,2005,65.0,first owner,baloda,65.0,10.0,35000,125.0,Honda,19,0.08
Bajaj Avenger Street 150 2017,2017,73.0,first owner,hyderabad,45.0,14.3,84000,150.0,Bajaj,7,0.09533333333333334
Royal Enfield Bullet Twinspark 350cc 2014,2014,37.0,first owner,bhuj,37.0,19.8,99000,350.0,Royal Enfield,10,0.05657142857142857
Royal Enfield Classic 500cc 2015,2015,28000.0,first owner,chennai,32.0,27.2,120000,500.0,Royal Enfield,9,0.0544
Bajaj Pulsar 200 NS 200cc 2014,2014,23000.0,first owner,lakhimpur kheri,40.0,24.2,52000,200.0,Bajaj,10,0.121
KTM RC 200cc 2016,2016,3050.0,first owner,patiala,35.0,25.1,155000,200.0,KTM,8,0.1255
KTM RC 390cc 2015,2015,21000.0,first owner,gangtok,26.0,43.0,150000,390.0,KTM,9,0.11025641025641025
Honda CBF Stunner 125cc 2009,2009,65.0,first owner,noida,65.0,11.0,15000,125.0,Honda,15,0.088
Bajaj Pulsar RS200 ABS 2015,2015,35.0,first owner,navi mumbai,35.0,24.16,90000,200.0,Bajaj,9,0.1208
Hyosung GT650R 2017,2017,2000.0,first owner,meerut,20.0,72.68,380000,650.0,Hyosung,7,0.11181538461538462
Honda CB ShineSP 125cc 2017,2017,65.0,first owner,bharuch,65.0,10.0,60000,125.0,Honda,7,0.08
Suzuki Gixxer SF Fi 150cc 2017,2017,6000.0,first owner,thane,40.0,14.6,85000,150.0,Suzuki,7,0.09733333333333333
TVS Apache RTR 200 4V Fi 2016,2016,40.0,first owner,bangalore,40.0,20.23,80000,200.0,TVS,8,0.10115
Royal Enfield Bullet Electra 350cc 2012,2012,34061.0,first owner,delhi,40.0,19.8,85400,350.0,Royal Enfield,12,0.05657142857142857
Royal Enfield Thunderbird 500cc 2015,2015,48000.0,first owner,kalyan,25.0,27.2,98000,500.0,Royal Enfield,9,0.0544
Royal Enfield Thunderbird 350cc 2014,2014,9902.0,first owner,jaipur,40.0,19.8,90000,350.0,Royal Enfield,10,0.05657142857142857
Royal Enfield Classic Chrome 500cc 2017,2017,5200.0,first owner,howrah,32.0,27.2,135000,500.0,Royal Enfield,7,0.0544
Bajaj Pulsar 135LS 2008,2008,65.0,first owner,ludhiana,65.0,13.37,22000,135.0,Bajaj,16,0.09903703703703703
Hero Karizma R 223cc 2015,2015,12000.0,first owner,gaya,40.0,17.0,44100,223.0,Hero,9,0.07623318385650224
Honda CB Unicorn 160 STD 2016,2016,52.0,first owner,delhi,52.0,13.82,45000,160.0,Honda,8,0.08637500000000001
Bajaj Avenger Street 150 2016,2016,18500.0,first owner,rohtak,50.0,14.3,62000,150.0,Bajaj,8,0.09533333333333334
Bajaj Avenger Street 220 2017,2017,5399.0,first owner,bangalore,53.0,19.0,75000,220.0,Bajaj,7,0.08636363636363636
Yamaha YZF-R15 S 150cc 2016,2016,23911.0,first owner,gurgaon,42.0,16.0,87900,150.0,Yamaha,8,0.10666666666666667
Royal Enfield Classic 350cc 2015,2015,25000.0,first owner,jaipur,35.0,19.8,115000,350.0,Royal Enfield,9,0.05657142857142857
Bajaj Avenger Cruise 220 2017,2017,3500.0,first owner,kalyan,35.0,19.0,80000,220.0,Bajaj,7,0.08636363636363636
Bajaj Pulsar NS160 2017,2017,1540.0,first owner,medak,40.0,15.5,90000,160.0,Bajaj,7,0.096875
Bajaj Avenger 220cc 2016,2016,11500.0,first owner,hyderabad,40.0,19.0,70000,220.0,Bajaj,8,0.08636363636363636
Bajaj Avenger 220cc 2016,2016,10000.0,first owner,bangarmau,40.0,19.0,68000,220.0,Bajaj,8,0.08636363636363636
Royal Enfield Classic 350cc 2015,2015,12500.0,first owner,rohtak,35.0,19.8,114999,350.0,Royal Enfield,9,0.05657142857142857
Honda CB Hornet 160R 2017,2017,52.0,first owner,chakan,52.0,15.44,78000,160.0,Honda,7,0.0965
Royal Enfield Classic 350cc 2017,2017,5000.0,first owner,pune,35.0,19.8,146000,350.0,Royal Enfield,7,0.05657142857142857
Royal Enfield Thunderbird 350cc 2016,2016,10000.0,first owner,gurgaon,40.0,19.8,115000,350.0,Royal Enfield,8,0.05657142857142857
Bajaj Discover 100M 2014,2014,80.0,first owner,delhi,80.0,9.1,25999,100.0,Bajaj,10,0.091
Honda CB Hornet 160R 160cc STD SP 2016,2016,52.0,first owner,gurgaon,52.0,15.44,66000,160.0,Honda,8,0.0965
Hero Xtreme Sports 149cc 2016,2016,4500.0,first owner,pune,40.0,19.0,65000,149.0,Hero,8,0.12751677852348994
KTM RC 200cc 2015,2015,14357.0,first owner,faridabad,35.0,25.0,135000,200.0,KTM,9,0.125
Bajaj Pulsar 150cc 2008,2008,65.0,first owner,delhi,65.0,14.85,15000,150.0,Bajaj,16,0.09899999999999999
Bajaj Discover 125ST 2013,2013,31000.0,first owner,faridabad,65.0,12.5,26900,125.0,Bajaj,11,0.1
Royal Enfield Classic Squadron Blue 500cc 2017,2017,2000.0,first owner,bangalore,25.0,27.2,199500,500.0,Royal Enfield,7,0.0544
Honda CBR 150R 150cc 2014,2014,34000.0,first owner,indore,38.0,18.28,70000,150.0,Honda,10,0.12186666666666668
Bajaj Discover 125M 2015,2015,16000.0,first owner,delhi,65.0,12.5,32500,125.0,Bajaj,9,0.1
Honda CB Trigger 150cc 2014,2014,33000.0,first owner,ahmedabad,60.0,14.0,35000,150.0,Honda,10,0.09333333333333334
Royal Enfield Classic 350cc 2014,2014,9191.0,first owner,jalandhar,35.0,19.8,103000,350.0,Royal Enfield,10,0.05657142857142857
Bajaj Discover 100M 2012,2012,80.0,first owner,lucknow,80.0,9.1,32000,100.0,Bajaj,12,0.091
Bajaj Pulsar 180cc 2014,2014,65000.0,first owner,hisar,45.0,17.0,25000,180.0,Bajaj,10,0.09444444444444444
Hero Passion 100cc  2002,2002,50000.0,second owner,jaipur,55.0,7.5,14000,100.0,Hero,22,0.075
Royal Enfield Bullet Twinspark 350cc 2014,2014,37.0,first owner,delhi,37.0,19.8,90000,350.0,Royal Enfield,10,0.05657142857142857
Honda CBR 250R ABS 2012,2012,38.0,first owner,noida,38.0,26.15,68100,250.0,Honda,12,0.1046
Royal Enfield Classic 500cc 2016,2016,18100.0,first owner,delhi,32.0,27.2,130000,500.0,Royal Enfield,8,0.0544
Bajaj Discover 125ST 2012,2012,55000.0,first owner,faridabad,65.0,12.5,20000,125.0,Bajaj,12,0.1
Hero CD Deluxe 100cc 2012,2012,50000.0,first owner,delhi,65.0,7.7,20000,100.0,Hero,12,0.077
KTM RC 200cc 2017,2017,6450.0,first owner,ahmedabad,35.0,25.1,151000,200.0,KTM,7,0.1255
KTM Duke 250cc 2018,2018,10000.0,first owner,bhopal,40.0,29.6,155000,250.0,KTM,6,0.1184
KTM Duke 390cc 2017,2017,8300.0,first owner,delhi,25.0,42.9,178000,390.0,KTM,7,0.11
Yamaha YZF-R15 S 150cc 2018,2018,3900.0,first owner,chennai,42.0,16.0,98000,150.0,Yamaha,6,0.10666666666666667
Honda CBR 250R 2011,2011,29000.0,first owner,gurgaon,29.0,26.15,45000,250.0,Honda,13,0.1046
Bajaj Avenger Cruise 220 2016,2016,11000.0,first owner,belgaum,35.0,19.0,66887,220.0,Bajaj,8,0.08636363636363636
Royal Enfield Thunderbird 500cc 2013,2013,9450.0,first owner,allahabad,25.0,27.2,103000,500.0,Royal Enfield,11,0.0544
Hero Hunk 150cc 2009,2009,80000.0,first owner,delhi,53.0,14.0,14000,150.0,Hero,15,0.09333333333333334
Royal Enfield Thunderbird 500cc 2015,2015,18000.0,first owner,mumbai,25.0,27.2,99000,500.0,Royal Enfield,9,0.0544
Bajaj Pulsar RS200 2016,2016,35.0,second owner,delhi,35.0,24.5,85700,200.0,Bajaj,8,0.1225
Bajaj Pulsar RS200 ABS 2016,2016,35.0,first owner,mumbai,35.0,24.5,80000,200.0,Bajaj,8,0.1225
Bajaj Pulsar NS200 2012,2012,35.0,third owner,delhi,35.0,23.19,34600,200.0,Bajaj,12,0.11595000000000001
Bajaj Pulsar RS200 ABS 2017,2017,35.0,first owner,tiruchirappalli,35.0,24.5,115000,200.0,Bajaj,7,0.1225
Bajaj Discover 135cc 2008,2008,80200.0,first owner,delhi,65.0,9.64,15000,135.0,Bajaj,16,0.0714074074074074
Hero Passion Pro i3S Disc 100cc 2017,2017,22600.0,second owner,bhatkal,84.0,8.2,38000,100.0,Hero,7,0.08199999999999999
KTM Duke 200cc 2016,2016,22000.0,first owner,nashik,35.0,24.6,95000,200.0,KTM,8,0.12300000000000001
Royal Enfield Bullet Electra 350cc 2010,2010,38900.0,first owner,panipat,40.0,19.8,65000,350.0,Royal Enfield,14,0.05657142857142857
Royal Enfield Classic 350cc 2014,2014,20000.0,first owner,delhi,35.0,19.8,80000,350.0,Royal Enfield,10,0.05657142857142857
KTM Duke 390cc 2017,2017,12400.0,first owner,delhi,25.0,42.9,160000,390.0,KTM,7,0.11
Royal Enfield Thunderbird 500cc 2014,2014,5000.0,first owner,mumbai,25.0,27.2,105000,500.0,Royal Enfield,10,0.0544
Bajaj Pulsar 220F 2017,2017,14000.0,first owner,mumbai,38.0,21.0,70000,220.0,Bajaj,7,0.09545454545454546
Honda Dream Yuga 110cc 2017,2017,84.0,first owner,delhi,84.0,8.25,30000,110.0,Honda,7,0.075
Royal Enfield Thunderbird 500cc 2017,2017,40000.0,first owner,pune,25.0,27.2,120000,500.0,Royal Enfield,7,0.0544
Yamaha YZF-R15 150cc 2014,2014,30000.0,first owner,tiruvallur,42.0,16.0,60000,150.0,Yamaha,10,0.10666666666666667
Bajaj Pulsar RS200 2015,2015,35.0,first owner,mumbai,35.0,24.16,80000,200.0,Bajaj,9,0.1208
Bajaj Avenger 220cc 2013,2013,40000.0,first owner,delhi,40.0,19.0,27000,220.0,Bajaj,11,0.08636363636363636
KTM RC 390cc 2015,2015,22000.0,first owner,pune,26.0,43.0,150100,390.0,KTM,9,0.11025641025641025
Honda CB Trigger 150cc 2013,2013,60.0,first owner,bangalore,60.0,14.0,47100,150.0,Honda,11,0.09333333333333334
Royal Enfield Himalayan 410cc 2017,2017,19500.0,first owner,mumbai,32.0,24.5,155000,410.0,Royal Enfield,7,0.05975609756097561
Bajaj V15 150cc 2016,2016,3325.0,second owner,ghaziabad,57.0,11.8,42200,150.0,Bajaj,8,0.07866666666666668
KTM RC 390cc 2016,2016,20700.0,first owner,nadiad,26.0,42.3,135000,390.0,KTM,8,0.10846153846153846
Royal Enfield Classic 350cc-Redditch Edition 2018,2018,15500.0,first owner,delhi,35.0,19.8,140000,350.0,Royal Enfield,6,0.05657142857142857
KTM RC 390cc 2015,2015,24000.0,first owner,pune,26.0,43.0,149600,390.0,KTM,9,0.11025641025641025
Royal Enfield Classic 350cc 2013,2013,26700.0,first owner,kanchipuram,35.0,19.8,84000,350.0,Royal Enfield,11,0.05657142857142857
Bajaj Pulsar RS200 ABS 2018,2018,35.0,first owner,ghaziabad,35.0,24.5,130000,200.0,Bajaj,6,0.1225
Bajaj Pulsar RS200 ABS 2015,2015,35.0,first owner,thiruvallur,35.0,24.16,80000,200.0,Bajaj,9,0.1208
Bajaj Pulsar 180cc 2009,2009,32000.0,first owner,delhi,65.0,15.0,18900,180.0,Bajaj,15,0.08333333333333333
Bajaj Pulsar 220F 2017,2017,3450.0,first owner,gurgaon,38.0,21.0,76000,220.0,Bajaj,7,0.09545454545454546
Royal Enfield Bullet Electra 350cc 2012,2012,16527.0,second owner,delhi,40.0,19.8,75000,350.0,Royal Enfield,12,0.05657142857142857
Bajaj Avenger Cruise 220 2016,2016,12500.0,first owner,delhi,35.0,19.0,55000,220.0,Bajaj,8,0.08636363636363636
Royal Enfield Bullet Electra 350cc 2007,2007,38000.0,first owner,panchkula,30.0,19.8,68000,350.0,Royal Enfield,17,0.05657142857142857
Royal Enfield Bullet Electra Twinspark 350cc 2017,2017,34000.0,first owner,pune,35.0,19.8,115700,350.0,Royal Enfield,7,0.05657142857142857
UM Renegade Commando Mojave 2018,2018,2000.0,first owner,faridabad,35.0,24.8,170000,279.0,UM,6,0.08888888888888889
UM Renegade Commando 2017,2017,800.0,first owner,tiruvallur,35.0,24.8,120000,279.0,UM,7,0.08888888888888889
Royal Enfield Thunderbird 500cc 2014,2014,15471.0,first owner,pune,25.0,27.2,110000,500.0,Royal Enfield,10,0.0544
Bajaj Pulsar 220F 2010,2012,35000.0,first owner,sonipat,38.0,21.0,22000,220.0,Bajaj,12,0.09545454545454546
Royal Enfield Classic 350cc 2017,2017,23000.0,first owner,faridabad,35.0,19.8,109999,350.0,Royal Enfield,7,0.05657142857142857
KTM RC 390cc 2017,2017,6300.0,first owner,navsari,26.0,42.3,183333,390.0,KTM,7,0.10846153846153846
Honda CB Trigger 150cc 2013,2013,60.0,first owner,chennai,60.0,14.0,42000,150.0,Honda,11,0.09333333333333334
Bajaj Pulsar 150cc 2010,2010,65.0,first owner,gurgaon,65.0,14.85,20000,150.0,Bajaj,14,0.09899999999999999
KTM Duke 390cc 2018,2018,4300.0,first owner,jabalpur,25.0,42.9,250430,390.0,KTM,6,0.11
Royal Enfield Bullet 500cc 2018,2018,10443.0,first owner,yamuna nagar,25.0,26.1,165000,500.0,Royal Enfield,6,0.0522
Hero Hunk Rear Disc 150cc 2013,2013,45000.0,first owner,mumbai,55.0,14.0,30000,150.0,Hero,11,0.09333333333333334
Honda CB ShineSP 125cc Disc 2017,2017,65.0,first owner,guwahati,65.0,10.0,51000,125.0,Honda,7,0.08
Bajaj V15 150cc 2017,2017,25000.0,first owner,noida,57.0,11.8,51900,150.0,Bajaj,7,0.07866666666666668
Royal Enfield Bullet Electra Twinspark 350cc 2015,2015,16000.0,first owner,bangalore,35.0,19.8,111200,350.0,Royal Enfield,9,0.05657142857142857
Bajaj V12 125cc 2017,2017,7500.0,first owner,ahmedabad,57.0,12.0,51000,125.0,Bajaj,7,0.096
TVS Apache RTR 200 4V Carburetor Pirelli Tyres 2018,2018,6200.0,first owner,hyderabad,40.0,16.1,78000,200.0,TVS,6,0.0805
Royal Enfield Electra 350cc 2014,2014,9550.0,first owner,mubarakpur,37.0,19.0,95000,350.0,Royal Enfield,10,0.054285714285714284
Bajaj Pulsar 200 NS 200cc 2016,2016,35.0,first owner,golaghat,35.0,23.19,82000,200.0,Bajaj,8,0.11595000000000001
Bajaj Pulsar 200 NS 200cc 2015,2015,35.0,first owner,delhi,35.0,23.19,56789,200.0,Bajaj,9,0.11595000000000001
Royal Enfield Thunderbird 350cc 2014,2014,23000.0,first owner,bangalore,40.0,19.8,95182,350.0,Royal Enfield,10,0.05657142857142857
Royal Enfield Classic 350cc 2015,2015,19000.0,first owner,chennai,35.0,19.8,115000,350.0,Royal Enfield,9,0.05657142857142857
Bajaj Avenger Street 220 2017,2017,500.0,first owner,hyderabad,53.0,19.0,93000,220.0,Bajaj,7,0.08636363636363636
Yamaha YZFR15 2.0 150 2016,2016,22000.0,first owner,bijapur,42.0,16.7,85000,150.0,Yamaha,8,0.11133333333333333
Bajaj CT 100 100cc 2001,2001,60000.0,second owner,manpur,89.0,8.1,16000,100.0,Bajaj,23,0.081
Bajaj Platina 125cc 2009,2009,82.0,first owner,chennai,82.0,8.5,16000,125.0,Bajaj,15,0.068
Royal Enfield Classic 350cc 2016,2016,6000.0,first owner,pune,35.0,19.8,130000,350.0,Royal Enfield,8,0.05657142857142857
KTM Duke 200cc 2016,2016,15000.0,first owner,mumbai,35.0,24.6,105786,200.0,KTM,8,0.12300000000000001
Suzuki Gixxer 150cc SP Rear Disc 2017,2017,10000.0,first owner,anand,63.0,14.0,75000,150.0,Suzuki,7,0.09333333333333334
Yamaha YZF-R15 150cc 2016,2016,7000.0,first owner,bangalore,42.0,16.0,103000,150.0,Yamaha,8,0.10666666666666667
Bajaj Pulsar RS200  ABS-200cc 2015,2015,35.0,first owner,dwarka,35.0,24.16,95000,200.0,Bajaj,9,0.1208
Royal Enfield Classic 500cc 2014,2014,14800.0,first owner,gurgaon,32.0,27.2,115000,500.0,Royal Enfield,10,0.0544
Royal Enfield Bullet Electra 350cc 2013,2013,24000.0,first owner,thane,40.0,19.8,88000,350.0,Royal Enfield,11,0.05657142857142857
TVS Star City 110cc 2012,2012,47453.0,first owner,ganganagar,85.0,8.2,18000,110.0,TVS,12,0.07454545454545454
Royal Enfield Classic 500cc 2011,2011,15000.0,first owner,buldhana,32.0,27.2,82556,500.0,Royal Enfield,13,0.0544
Bajaj Avenger Street 150 2016,2016,12600.0,first owner,bangalore,50.0,14.3,67000,150.0,Bajaj,8,0.09533333333333334
Bajaj Pulsar RS200 2017,2017,35.0,first owner,pune,35.0,24.5,120000,200.0,Bajaj,7,0.1225
Hero Splendor Pro 100cc 2014,2014,23000.0,first owner,asansol,81.0,8.2,35000,100.0,Hero,10,0.08199999999999999
Royal Enfield Thunderbird 500cc 2014,2014,13500.0,first owner,chennai,25.0,27.2,125000,500.0,Royal Enfield,10,0.0544
Royal Enfield Classic 350cc 2015,2015,16000.0,first owner,pune,35.0,19.8,120000,350.0,Royal Enfield,9,0.05657142857142857
Royal Enfield Himalayan 410cc 2016,2016,3800.0,first owner,ludhiana,32.0,24.5,140000,410.0,Royal Enfield,8,0.05975609756097561
Hero Splendor 100cc 2015,2015,15500.0,first owner,hyderabad,45.0,6.15,44000,100.0,Hero,9,0.061500000000000006
Bajaj Pulsar RS200 2015,2015,35.0,first owner,hyderabad,35.0,24.16,95000,200.0,Bajaj,9,0.1208
Hero CD Deluxe 100cc 2012,2012,35000.0,first owner,dwarka,65.0,7.7,2000,100.0,Hero,12,0.077
Hero Passion 100cc  2002,2002,35000.0,second owner,perumbavoor,55.0,7.5,15000,100.0,Hero,22,0.075
Royal Enfield Thunderbird 350cc 2016,2016,8500.0,first owner,jaipur,40.0,19.8,128000,350.0,Royal Enfield,8,0.05657142857142857
Bajaj Discover 100M 2012,2012,80.0,second owner,lucknow,80.0,9.1,31080,100.0,Bajaj,12,0.091
TVS Sport 100cc 2017,2017,35535.0,first owner,kurukshetra,95.0,7.4,36000,100.0,TVS,7,0.07400000000000001
KTM RC 200cc 2015,2015,22000.0,first owner,mumbai,35.0,25.0,125000,200.0,KTM,9,0.125
Royal Enfield Bullet Electra Twinspark 350cc 2014,2014,15700.0,first owner,vadodara,35.0,19.8,95000,350.0,Royal Enfield,10,0.05657142857142857
Bajaj Platina 125cc 2010,2010,82.0,first owner,pathanamthitta,82.0,8.2,16000,125.0,Bajaj,14,0.06559999999999999
Yamaha FZ 150cc 2014,2014,58.0,first owner,delhi,58.0,13.0,45000,150.0,Yamaha,10,0.08666666666666667
Yamaha YZF-R15 150cc 2016,2016,5500.0,first owner,jind,42.0,16.0,95000,150.0,Yamaha,8,0.10666666666666667
Bajaj Avenger 220cc 2015,2015,18000.0,first owner,mumbai,40.0,19.0,50000,220.0,Bajaj,9,0.08636363636363636
KTM RC 390cc 2016,2016,26000.0,first owner,pune,26.0,42.3,155000,390.0,KTM,8,0.10846153846153846
Suzuki Slingshot Plus 125cc 2015,2015,15000.0,second owner,ajmer,59.0,8.5,28000,125.0,Suzuki,9,0.068
Hero Passion Plus 100cc 2005,2005,47000.0,first owner,jaipur,55.0,7.5,13000,100.0,Hero,19,0.075
KTM RC 200cc 2016,2016,9800.0,first owner,dharwar,35.0,25.1,140000,200.0,KTM,8,0.1255
Bajaj Avenger Street 220 2016,2016,8000.0,first owner,mumbai,53.0,19.0,70000,220.0,Bajaj,8,0.08636363636363636
Hero Splendor Plus 100cc 2006,2006,45852.0,third owner,vaniyambadi,81.0,8.2,12500,100.0,Hero,18,0.08199999999999999
Harley-Davidson Street 750 ABS 2018,2018,7200.0,first owner,indore,20.0,47.0,530000,750.0,Harley-Davidson,6,0.06266666666666666
Honda CB Shine 125cc Disc 2014,2014,65.0,first owner,ludhiana,65.0,10.0,26000,125.0,Honda,10,0.08
Royal Enfield Classic 350cc 2017,2017,14000.0,first owner,chandigarh,35.0,19.8,130000,350.0,Royal Enfield,7,0.05657142857142857
Royal Enfield Bullet Electra 350cc 2008,2008,25000.0,third owner,delhi,30.0,19.8,68000,350.0,Royal Enfield,16,0.05657142857142857
Royal Enfield‎ Bullet 350cc 2012,2012,25000.0,first owner,faridabad,37.0,19.8,70000,350.0,Royal Enfield,12,0.05657142857142857
UM Renegade Commando Classic 2018,2018,1600.0,first owner,ahmedabad,35.0,25.0,185000,279.0,UM,6,0.08960573476702509
UM Renegade Commando 2018,2018,1788.0,first owner,jaipur,35.0,24.8,188078,279.0,UM,6,0.08888888888888889
Royal Enfield Classic 500cc 2012,2012,42300.0,first owner,ghaziabad,32.0,27.2,82000,500.0,Royal Enfield,12,0.0544
Royal Enfield Bullet 500cc 2016,2016,24500.0,first owner,pune,25.0,26.37,105000,500.0,Royal Enfield,8,0.05274
KTM Duke 390cc 2018,2018,2300.0,first owner,mumbai,25.0,42.9,220000,390.0,KTM,6,0.11
Royal Enfield Classic 350cc 2017,2017,2750.0,first owner,gurgaon,35.0,19.8,134100,350.0,Royal Enfield,7,0.05657142857142857
Harley-Davidson Street 750 2016,2016,2350.0,first owner,delhi,20.0,47.0,325000,750.0,Harley-Davidson,8,0.06266666666666666
TVS Star City Plus 110cc 2015,2015,35300.0,first owner,delhi,85.0,8.2,27606,110.0,TVS,9,0.07454545454545454
TVS Apache RTR 160cc 2011,2011,60.0,first owner,delhi,60.0,15.2,23000,160.0,TVS,13,0.095
Royal Enfield Thunderbird 350cc 2017,2017,32000.0,first owner,bardhaman,40.0,19.8,95000,350.0,Royal Enfield,7,0.05657142857142857
Royal Enfield Bullet Electra 350cc 2009,2009,12700.0,first owner,ghaziabad,30.0,19.8,70000,350.0,Royal Enfield,15,0.05657142857142857
Honda CB Unicorn 150cc 2013,2013,60.0,first owner,ghaziabad,60.0,14.0,20200,150.0,Honda,11,0.09333333333333334
Bajaj Pulsar 150cc 2011,2011,65.0,first owner,bangalore,65.0,14.85,21000,150.0,Bajaj,13,0.09899999999999999
Royal Enfield Classic 350cc 2014,2014,45000.0,first owner,mumbai,35.0,19.8,90000,350.0,Royal Enfield,10,0.05657142857142857
Bajaj Discover 125cc Disc 2018,2018,10000.0,first owner,delhi,65.0,10.9,45000,125.0,Bajaj,6,0.0872
Bajaj Avenger 220cc 2015,2015,12000.0,first owner,bangalore,40.0,19.0,55000,220.0,Bajaj,9,0.08636363636363636
Bajaj Discover 125cc 2008,2008,82000.0,first owner,delhi,65.0,12.5,13000,125.0,Bajaj,16,0.1
Honda CB Unicorn 160 STD 2018,2018,52.0,first owner,kolkata,52.0,13.82,75500,160.0,Honda,6,0.08637500000000001
UM Renegade Commando 2017,2017,3400.0,first owner,mumbai,35.0,24.8,145000,279.0,UM,7,0.08888888888888889
Bajaj V15 150cc 2018,2018,11000.0,first owner,delhi,57.0,11.8,45000,150.0,Bajaj,6,0.07866666666666668
Suzuki Intruder 150cc FI 2018,2018,10923.0,first owner,delhi,40.0,14.6,98102,150.0,Suzuki,6,0.09733333333333333
Royal Enfield Classic 350cc 2014,2014,20500.0,first owner,delhi,35.0,19.8,94964,350.0,Royal Enfield,10,0.05657142857142857
Bajaj Discover 135cc 2007,2007,58000.0,first owner,ghaziabad,65.0,9.64,10000,135.0,Bajaj,17,0.0714074074074074
Yamaha Fazer 25 250cc 2017,2017,14500.0,first owner,kadapa,43.0,20.3,123000,250.0,Yamaha,7,0.08120000000000001
Hero Passion Pro 100cc 2010,2010,77000.0,second owner,jind,5.0,8.2,16666,100.0,Hero,14,0.08199999999999999
Bajaj Pulsar 150cc 2007,2007,65.0,first owner,jalandhar,65.0,14.85,12000,150.0,Bajaj,17,0.09899999999999999
Royal Enfield Classic 350cc 2015,2015,39000.0,first owner,bangalore,35.0,19.8,100000,350.0,Royal Enfield,9,0.05657142857142857
Royal Enfield Thunderbird 500cc 2014,2014,30000.0,first owner,ghaziabad,25.0,27.2,75000,500.0,Royal Enfield,10,0.0544
Bajaj Dominar 400 ABS 2017,2017,28.0,first owner,ghaziabad,28.0,34.5,120000,400.0,Bajaj,7,0.08625
KTM Duke 390cc 2017,2017,5000.0,first owner,mumbai,25.0,42.9,220000,390.0,KTM,7,0.11
KTM Duke 390cc 2018,2018,4000.0,first owner,alibag,25.0,42.9,210000,390.0,KTM,6,0.11
Suzuki GSX-R 1000R 2018,2018,312.0,first owner,mumbai,12.0,160.0,1000000,1000.0,Suzuki,6,0.16
Hero Splendor iSmart 110cc 2017,2017,12000.0,first owner,faridabad,55.0,9.3,39200,110.0,Hero,7,0.08454545454545455
Yamaha SZ-RR 150cc 2015,2015,25909.0,first owner,faridabad,55.0,12.0,25000,150.0,Yamaha,9,0.08
Hyosung Aquila Pro GV650 2016,2016,4600.0,first owner,bangalore,16.0,74.0,300000,650.0,Hyosung,8,0.11384615384615385
Royal Enfield Standard 350cc 2014,2014,40.0,second owner,navi mumbai,40.0,19.8,75000,350.0,Royal Enfield,10,0.05657142857142857
Bajaj Pulsar NS200 ABS 2018,2018,42.0,first owner,delhi,42.0,23.2,90000,200.0,Bajaj,6,0.11599999999999999
Bajaj Pulsar NS200 2018,2018,42.0,first owner,agartala,42.0,23.2,80000,200.0,Bajaj,6,0.11599999999999999
KTM RC 200cc 2015,2015,20000.0,first owner,pune,35.0,25.0,125000,200.0,KTM,9,0.125
Royal Enfield Classic 350cc 2016,2016,11300.0,first owner,hyderabad,35.0,19.8,130000,350.0,Royal Enfield,8,0.05657142857142857
Honda CBR 250R ABS 2014,2014,38.0,first owner,delhi,38.0,26.15,85000,250.0,Honda,10,0.1046
Bajaj Pulsar RS200  ABS-200cc 2015,2015,35.0,first owner,bodhan,35.0,24.16,108000,200.0,Bajaj,9,0.1208
Royal Enfield Bullet Electra 350cc 2010,2010,51000.0,first owner,pune,40.0,19.8,83000,350.0,Royal Enfield,14,0.05657142857142857
Bajaj Pulsar AS150 2016,2016,35000.0,second owner,patna,53.0,16.8,35000,150.0,Bajaj,8,0.112
Bajaj Discover 125cc 2006,2006,2946.0,first owner,delhi,65.0,12.5,12000,125.0,Bajaj,18,0.1
Hero Hunk 150cc 2010,2010,25424.0,first owner,delhi,53.0,14.0,14000,150.0,Hero,14,0.09333333333333334
Bajaj V15 150cc 2016,2016,24925.0,first owner,bangalore,57.0,11.8,43400,150.0,Bajaj,8,0.07866666666666668
Benelli 302R 2017,2017,4130.0,first owner,mumbai,40.0,38.26,300000,302.0,Benelli,7,0.1266887417218543
Bajaj Pulsar 150cc 2005,2005,65.0,first owner,vadodara,65.0,14.85,9000,150.0,Bajaj,19,0.09899999999999999
Hero Super Splendor 125cc 2006,2006,31800.0,first owner,gurgaon,75.0,9.0,10000,125.0,Hero,18,0.072
KTM Duke 390cc 2015,2015,23000.0,first owner,hyderabad,25.0,44.0,110000,390.0,KTM,9,0.11282051282051282
Honda CB Hornet 160R Special Edition-CBS 2017,2017,52.0,first owner,chinsurah,52.0,15.44,65000,160.0,Honda,7,0.0965
Suzuki Gixxer SF Fi 150cc ABS 2019,2019,25.0,first owner,delhi,40.0,14.6,85000,150.0,Suzuki,5,0.09733333333333333
Royal Enfield Thunderbird 500cc 2015,2015,17000.0,second owner,mumbai,25.0,27.2,85000,500.0,Royal Enfield,9,0.0544
Bajaj Pulsar RS200 2015,2015,35.0,first owner,kanpur nagar,35.0,24.16,85400,200.0,Bajaj,9,0.1208
Bajaj Pulsar 150cc 2005,2005,65.0,first owner,ghaziabad,65.0,14.85,9000,150.0,Bajaj,19,0.09899999999999999
Bajaj Pulsar NS200 2013,2013,35.0,second owner,chirawa,35.0,23.19,38000,200.0,Bajaj,11,0.11595000000000001
Hero Splendor 100cc 2016,2016,32000.0,first owner,raebareli,45.0,6.15,27500,100.0,Hero,8,0.061500000000000006
Bajaj Discover 125ST 2013,2013,30000.0,first owner,swaimadhopur,65.0,12.5,23000,125.0,Bajaj,11,0.1
Royal Enfield Bullet Electra 350cc 2004,2004,28800.0,first owner,delhi,30.0,19.8,70300,350.0,Royal Enfield,20,0.05657142857142857
Royal Enfield Bullet 350cc 2016,2016,23544.0,first owner,gurgaon,37.0,19.8,90000,350.0,Royal Enfield,8,0.05657142857142857
Royal Enfield Classic 350cc 2016,2016,8518.0,first owner,delhi,35.0,19.8,100000,350.0,Royal Enfield,8,0.05657142857142857
UM Renegade Commando 2017,2017,5411.0,second owner,gurgaon,35.0,24.8,125000,279.0,UM,7,0.08888888888888889
Royal Enfield Thunderbird 500cc 2014,2014,23200.0,second owner,hyderabad,25.0,27.2,86500,500.0,Royal Enfield,10,0.0544
Royal Enfield Thunderbird 350cc 2015,2015,40670.0,first owner,mumbai,40.0,19.8,80000,350.0,Royal Enfield,9,0.05657142857142857
KTM Duke 390cc 2017,2017,16000.0,first owner,kalyan,25.0,42.9,169912,390.0,KTM,7,0.11
Hero Passion Plus 100cc 2004,2004,57432.0,first owner,delhi,55.0,7.5,13000,100.0,Hero,20,0.075
KTM RC 390cc 2016,2016,23000.0,second owner,challakere,26.0,42.3,115000,390.0,KTM,8,0.10846153846153846
Bajaj Dominar 400 ABS 2018,2018,28.0,first owner,delhi,28.0,34.5,135000,400.0,Bajaj,6,0.08625
Royal Enfield Classic 350cc 2016,2016,19500.0,first owner,ghaziabad,35.0,19.8,113900,350.0,Royal Enfield,8,0.05657142857142857
KTM Duke 200cc 2017,2017,13795.0,first owner,faridabad,35.0,24.6,110000,200.0,KTM,7,0.12300000000000001
Mahindra Centuro 110cc 2014,2014,42936.0,first owner,bangalore,60.0,8.5,22000,110.0,Mahindra,10,0.07727272727272727
Hero Super Splendor 125cc 2008,2008,74184.0,second owner,chandigarh,75.0,9.0,17000,125.0,Hero,16,0.072
Bajaj Discover 125cc 2007,2007,40862.0,first owner,delhi,65.0,12.5,12000,125.0,Bajaj,17,0.1
Harley-Davidson Street 750 ABS 2017,2017,5400.0,first owner,nagpur,20.0,47.0,500000,750.0,Harley-Davidson,7,0.06266666666666666
Royal Enfield Thunderbird 350cc 2017,2017,21000.0,first owner,chennai,40.0,19.8,116800,350.0,Royal Enfield,7,0.05657142857142857
Royal Enfield Bullet 350cc 2016,2016,29000.0,first owner,chandigarh,37.0,19.8,110000,350.0,Royal Enfield,8,0.05657142857142857
Hero Passion Plus 100cc 2004,2004,77636.0,first owner,ahmedabad,55.0,7.5,14000,100.0,Hero,20,0.075
TVS Apache RTR 200 4V Carburetor 2017,2017,40.0,first owner,vellore,40.0,20.7,75000,200.0,TVS,7,0.1035
Royal Enfield Classic 350cc 2016,2016,49767.0,first owner,delhi,35.0,19.8,95000,350.0,Royal Enfield,8,0.05657142857142857
Honda CB Trigger 150cc 2014,2014,34407.0,first owner,mumbai,60.0,14.0,42000,150.0,Honda,10,0.09333333333333334
Royal Enfield Classic 350cc 2014,2014,30091.0,third owner,delhi,35.0,19.8,78000,350.0,Royal Enfield,10,0.05657142857142857
Bajaj Discover 135cc 2007,2007,17267.701935319583,fourth owner or more,jaipur,65.0,9.64,14000,135.0,Bajaj,17,0.0714074074074074
Yamaha FZ25 250cc 2018,2018,3000.0,first owner,buldhana,43.0,20.3,100000,250.0,Yamaha,6,0.08120000000000001
Harley-Davidson Iron 883 2016,2016,4764.0,first owner,mumbai,20.0,50.0,550000,883.0,Harley-Davidson,8,0.056625141562853906
Hero Passion Xpro 110cc 2015,2015,40000.0,first owner,ambala,55.0,6.72,26000,110.0,Hero,9,0.06109090909090909
Bajaj Pulsar RS200 ABS 2016,2016,35.0,first owner,hyderabad,35.0,24.5,85000,200.0,Bajaj,8,0.1225
Royal Enfield Bullet Electra 350cc 2012,2012,30776.0,second owner,delhi,40.0,19.8,74000,350.0,Royal Enfield,12,0.05657142857142857
KTM Duke 390cc 2017,2017,400.0,first owner,jaipur,25.0,42.9,170000,390.0,KTM,7,0.11
Bajaj Avenger Street 220 2016,2016,16500.0,first owner,madhupur,53.0,19.0,50000,220.0,Bajaj,8,0.08636363636363636
Bajaj Avenger Street 150 2015,2015,16500.0,first owner,chennai,50.0,14.3,48900,150.0,Bajaj,9,0.09533333333333334
Royal Enfield Classic 500cc 2016,2016,7400.0,first owner,faridabad,32.0,27.2,130000,500.0,Royal Enfield,8,0.0544
Hero Passion Plus 100cc 2004,2004,51716.0,second owner,delhi,55.0,7.5,13999,100.0,Hero,20,0.075
Hero Passion Pro 100cc 2011,2011,27003.0,first owner,mumbai,5.0,8.2,19900,100.0,Hero,13,0.08199999999999999
UM Renegade Commando Classic 2018,2018,10009.0,first owner,patna,35.0,25.0,160000,279.0,UM,6,0.08960573476702509
Yamaha FZ16 150cc 2016,2016,58.0,first owner,mumbai,58.0,13.0,40000,150.0,Yamaha,8,0.08666666666666667
Royal Enfield Standard 350cc 2013,2013,37.0,second owner,delhi,37.0,19.8,70000,350.0,Royal Enfield,11,0.05657142857142857
Bajaj Pulsar RS200 ABS 2016,2016,35.0,first owner,sitamarhi,35.0,24.5,95000,200.0,Bajaj,8,0.1225
Royal Enfield Thunderbird 350cc 2014,2014,24800.0,first owner,vadodara,40.0,19.8,83000,350.0,Royal Enfield,10,0.05657142857142857
Bajaj Pulsar 150cc 2009,2009,65.0,first owner,delhi,65.0,14.85,17500,150.0,Bajaj,15,0.09899999999999999
Suzuki Gixxer 150cc Dual Tone Rear Disc 2018,2018,4800.0,first owner,wardha,63.0,14.0,72855,150.0,Suzuki,6,0.09333333333333334
Yamaha Saluto 125cc 2016,2016,70.0,first owner,delhi,70.0,6.1,27000,125.0,Yamaha,8,0.048799999999999996
Harley-Davidson Street 750 2015,2015,3100.0,first owner,mumbai,20.0,47.0,370000,750.0,Harley-Davidson,9,0.06266666666666666
Royal Enfield Classic Chrome 500cc 2013,2013,26739.0,first owner,pune,32.0,27.2,105000,500.0,Royal Enfield,11,0.0544
Yamaha Fazer 150cc 2013,2013,45.0,first owner,delhi,45.0,13.0,26000,150.0,Yamaha,11,0.08666666666666667
Bajaj Pulsar 150cc 2008,2008,65.0,second owner,kanchipuram,65.0,14.85,13000,150.0,Bajaj,16,0.09899999999999999
Royal Enfield Thunderbird 350cc 2016,2016,18000.0,first owner,mumbai,40.0,19.8,101900,350.0,Royal Enfield,8,0.05657142857142857
Yamaha FZ 150cc 2009,2009,58.0,first owner,delhi,58.0,13.0,17000,150.0,Yamaha,15,0.08666666666666667
Bajaj Pulsar RS200 ABS 2016,2016,35.0,first owner,bangalore,35.0,24.5,100000,200.0,Bajaj,8,0.1225
Royal Enfield Standard 500cc 2018,2017,14418.0,first owner,gurgaon,25.0,26.1,110000,500.0,Royal Enfield,7,0.0522
UM Renegade Commando Classic 2018,2018,9500.0,first owner,mumbai,35.0,25.0,196500,279.0,UM,6,0.08960573476702509
Hero Passion Plus 100cc 2008,2008,35000.0,first owner,tiruvallur,55.0,7.5,15000,100.0,Hero,16,0.075
Suzuki Gixxer SF 150cc ABS 2017,2017,12300.0,first owner,ajmer,40.0,14.6,65000,150.0,Suzuki,7,0.09733333333333333
Hero Karizma R 223cc 2009,2009,17299.0,first owner,delhi,40.0,17.0,16979,223.0,Hero,15,0.07623318385650224
Hero Splendor Plus 100cc 2010,2010,42000.0,second owner,tekanpur,81.0,8.2,18000,100.0,Hero,14,0.08199999999999999
Suzuki GS 150 R 150cc 2012,2012,99000.0,first owner,tiruverkadu,56.0,13.8,20000,150.0,Suzuki,12,0.092
UM Renegade Sport S 2017,2017,13000.0,first owner,mumbai,35.0,24.8,135000,279.0,UM,7,0.08888888888888889
Hero Passion 100cc 2006,2006,70403.0,third owner,ahmedabad,45.0,7.5,12500,100.0,Hero,18,0.075
TVS Apache RR310 2018,2018,7384.0,first owner,mumbai,22.0,33.0,190000,310.0,TVS,6,0.1064516129032258
Royal Enfield Classic 500cc 2011,2011,17700.0,second owner,mumbai,32.0,27.2,75000,500.0,Royal Enfield,13,0.0544
KTM Duke 200cc 2018,2018,7000.0,first owner,24 pargana,35.0,24.6,140000,200.0,KTM,6,0.12300000000000001
Bajaj Pulsar RS200 2017,2017,35.0,first owner,uran,35.0,24.5,90000,200.0,Bajaj,7,0.1225
Royal Enfield Thunderbird 500cc 2016,2016,35006.0,first owner,bangalore,25.0,27.2,110000,500.0,Royal Enfield,8,0.0544
Yamaha FZ25 250cc 2017,2017,13000.0,first owner,mumbai,43.0,20.3,90000,250.0,Yamaha,7,0.08120000000000001
UM Renegade Sport S 2017,2017,1300.0,first owner,hyderabad,35.0,24.8,130000,279.0,UM,7,0.08888888888888889
Royal Enfield Classic 500cc 2014,2014,20500.0,first owner,bangalore,32.0,27.2,109300,500.0,Royal Enfield,10,0.0544
Hyosung Aquila GV250 2015,2015,51791.0,first owner,jaipur,27.0,26.21,120000,250.0,Hyosung,9,0.10484
Ducati Multistrada 1200 Enduro 2017,2017,3174.0,first owner,gurgaon,17.85,157.8,1400000,200.0,Ducati,7,0.789
Royal Enfield Thunderbird 500cc 2015,2015,22700.0,first owner,mumbai,25.0,27.2,110000,500.0,Royal Enfield,9,0.0544
Harley-Davidson Street 750 ABS 2017,2017,3430.0,first owner,jodhpur,20.0,47.0,450000,750.0,Harley-Davidson,7,0.06266666666666666
Mahindra Mojo Tourer Edition 300cc 2017,2017,11786.0,first owner,gurgaon,35.0,26.82,120000,300.0,Mahindra,7,0.08940000000000001
Yamaha YZF-R15 2.0 150cc 2017,2017,16000.0,first owner,samastipur,42.0,16.7,75000,150.0,Yamaha,7,0.11133333333333333
Mahindra Mojo 300cc 2016,2016,30000.0,first owner,noida,25.0,26.45,110000,300.0,Mahindra,8,0.08816666666666667
Bajaj Pulsar RS200 2015,2015,35.0,first owner,delhi,35.0,24.16,75000,200.0,Bajaj,9,0.1208
UM Renegade Sport S 2017,2017,13240.0,second owner,delhi,35.0,24.8,105500,279.0,UM,7,0.08888888888888889
Bajaj Dominar 400 ABS 2017,2017,28.0,first owner,mumbai,28.0,34.5,126000,400.0,Bajaj,7,0.08625
Yamaha YZF-R15 V3 150CC ABS 2019,2019,1500.0,first owner,delhi,40.0,18.7,150000,150.0,Yamaha,5,0.12466666666666666
Royal Enfield Classic 350cc-Redditch Edition Dual Disc 2018,2018,7050.0,first owner,bangalore,35.0,19.8,154900,350.0,Royal Enfield,6,0.05657142857142857
Hyosung GT250R 2016,2016,1884.0,first owner,pune,30.0,28.0,220000,250.0,Hyosung,8,0.112
Bajaj Pulsar 220F 2017,2017,19865.0,first owner,kolkata,38.0,21.0,60000,220.0,Bajaj,7,0.09545454545454546
Royal Enfield Bullet Electra Twinspark 350cc 2017,2017,15148.0,first owner,delhi,35.0,19.8,120000,350.0,Royal Enfield,7,0.05657142857142857
Bajaj Pulsar RS200 ABS 2015,2015,35.0,first owner,gurgaon,35.0,24.16,80218,200.0,Bajaj,9,0.1208
Royal Enfield Thunderbird 350cc ABS 2019,2019,12400.0,first owner,ghaziabad,40.0,19.8,145000,350.0,Royal Enfield,5,0.05657142857142857
Royal Enfield Bullet Electra 350cc 2009,2009,28300.0,first owner,ghaziabad,30.0,19.8,65000,350.0,Royal Enfield,15,0.05657142857142857
Honda CB Hornet 160R STD 2016,2016,52.0,first owner,patiala,52.0,15.44,50400,160.0,Honda,8,0.0965
Bajaj Discover 125ST 2013,2013,25000.0,first owner,ahmedabad,65.0,12.5,22000,125.0,Bajaj,11,0.1
Bajaj Pulsar RS200 2015,2015,35.0,first owner,hyderabad,35.0,24.16,83000,200.0,Bajaj,9,0.1208
Royal Enfield Thunderbird 350cc 2010,2010,50000.0,first owner,bangalore,35.0,19.8,62700,350.0,Royal Enfield,14,0.05657142857142857
Hero Passion Xpro Disc 2018,2018,6800.0,first owner,delhi,55.0,8.0,52600,109.0,Hero,6,0.07339449541284404
Hero HF Deluxe Kick Alloy 100cc 2018,2018,24611.0,first owner,gurgaon,55.0,6.15,30000,100.0,Hero,6,0.061500000000000006
Bajaj Discover 125cc 2011,2011,72000.0,first owner,ahmedabad,65.0,12.5,18800,125.0,Bajaj,13,0.1
KTM RC 390cc 2016,2016,7980.0,first owner,mumbai,26.0,42.3,135000,390.0,KTM,8,0.10846153846153846
Royal Enfield Classic 350cc 2017,2017,16000.0,first owner,delhi,35.0,19.8,125600,350.0,Royal Enfield,7,0.05657142857142857
Royal Enfield Bullet Twinspark 350cc 2013,2013,37.0,first owner,delhi,37.0,19.8,80000,350.0,Royal Enfield,11,0.05657142857142857
TVS Apache RTR 180cc 2016,2016,45.0,first owner,kanchipuram,45.0,17.3,52000,180.0,TVS,8,0.09611111111111112
Bajaj Pulsar 220cc 2017,2017,21000.0,first owner,patna,38.0,21.0,65000,220.0,Bajaj,7,0.09545454545454546
KTM RC 390cc 2018,2018,4000.0,first owner,24 pargana,26.0,42.3,215000,390.0,KTM,6,0.10846153846153846
Honda CB Trigger 150cc 2013,2013,60.0,first owner,pune,60.0,14.0,40000,150.0,Honda,11,0.09333333333333334
Bajaj Dominar 400 2017,2017,28.0,first owner,gondia,28.0,34.5,135000,400.0,Bajaj,7,0.08625
Bajaj Pulsar 150cc Rear Disc 2018,2018,65.0,first owner,delhi,65.0,15.0,40000,150.0,Bajaj,6,0.1
Hero Passion Plus 100cc 2004,2004,55000.0,first owner,ghaziabad,55.0,7.5,12000,100.0,Hero,20,0.075
Honda CBF Stunner 125cc 2010,2010,65.0,second owner,noida,65.0,11.0,16000,125.0,Honda,14,0.088
Royal Enfield Thunderbird 350cc 2014,2014,36000.0,first owner,ghaziabad,40.0,19.8,75000,350.0,Royal Enfield,10,0.05657142857142857
Royal Enfield Thunderbird 350cc 2014,2014,48000.0,second owner,alibag,40.0,19.8,77000,350.0,Royal Enfield,10,0.05657142857142857
Suzuki GS 150 R 150cc 2011,2011,80500.0,first owner,noida,56.0,13.8,18000,150.0,Suzuki,13,0.092
TVS Apache RTR 160cc 2017,2017,60.0,first owner,delhi,60.0,15.2,55000,160.0,TVS,7,0.095
Bajaj Pulsar AS200 2015,2015,42.0,first owner,delhi,42.0,23.2,35000,200.0,Bajaj,9,0.11599999999999999
Bajaj V15 150cc 2016,2016,15440.0,first owner,chennai,57.0,11.8,34000,150.0,Bajaj,8,0.07866666666666668
Bajaj Avenger Cruise 220 2017,2017,21000.0,first owner,jaipur,35.0,19.0,61700,220.0,Bajaj,7,0.08636363636363636
Royal Enfield Electra 350cc 2017,2016,5645.0,first owner,delhi,25.0,19.8,85500,350.0,Royal Enfield,8,0.05657142857142857
UM Renegade Sport S 2017,2017,8100.0,first owner,godavari,35.0,24.8,110000,279.0,UM,7,0.08888888888888889
Royal Enfield Classic Desert Storm 500cc 2014,2014,28411.0,first owner,indi,32.0,27.2,70000,500.0,Royal Enfield,10,0.0544
Bajaj Pulsar 150cc 2008,2008,65.0,first owner,ranga reddy,65.0,14.85,10500,150.0,Bajaj,16,0.09899999999999999
Royal Enfield Thunderbird 500cc 2016,2016,24500.0,first owner,guwahati,25.0,27.2,110000,500.0,Royal Enfield,8,0.0544
Bajaj Discover 125cc 2013,2013,20000.0,second owner,palwal,65.0,12.5,17000,125.0,Bajaj,11,0.1
Harley-Davidson Street Rod 2017,2017,1554.0,first owner,delhi,25.0,70.0,450000,749.0,Harley-Davidson,7,0.09345794392523364
Bajaj Pulsar AS150 2017,2017,3629.0,first owner,mumbai,53.0,16.8,45000,150.0,Bajaj,7,0.112
Bajaj Pulsar 220F 2014,2014,28989.0,first owner,chennai,38.0,21.0,40300,220.0,Bajaj,10,0.09545454545454546
Bajaj Discover 125cc 2007,2007,80000.0,first owner,mumbai,65.0,12.5,12300,125.0,Bajaj,17,0.1
Royal Enfield Classic Stealth Black 500cc 2018,2018,26000.0,first owner,mumbai,32.0,27.2,170000,500.0,Royal Enfield,6,0.0544
Suzuki Intruder 150cc 2018,2018,11200.0,first owner,hyderabad,40.0,14.6,75400,150.0,Suzuki,6,0.09733333333333333
Bajaj Pulsar RS200 2015,2015,35.0,first owner,faridabad,35.0,24.16,90000,200.0,Bajaj,9,0.1208
Hero Passion Plus 100cc 2004,2004,39252.0,first owner,ghaziabad,55.0,7.5,10500,100.0,Hero,20,0.075
Yamaha YZF-R15 S 150cc 2016,2016,5812.0,first owner,bangalore,42.0,16.0,64000,150.0,Yamaha,8,0.10666666666666667
Royal Enfield Thunderbird 350cc 2012,2012,24370.0,third owner,delhi,40.0,19.8,55000,350.0,Royal Enfield,12,0.05657142857142857
Hero Splendor iSmart 110cc 2017,2017,17267.701935319583,first owner,delhi,55.0,9.3,30000,110.0,Hero,7,0.08454545454545455
Suzuki Gixxer SF 150cc 2017,2017,24336.0,first owner,mumbai,40.0,14.6,50000,150.0,Suzuki,7,0.09733333333333333
Yamaha YZF-R15 150cc 2009,2009,27000.0,first owner,delhi,42.0,16.0,30000,150.0,Yamaha,15,0.10666666666666667
Bajaj Dominar 400 2018,2018,28.0,first owner,mumbai,28.0,34.5,140000,400.0,Bajaj,6,0.08625
Yamaha YZF-R15 V3 150cc 2018,2018,3000.0,first owner,kolkata,40.0,18.7,145000,150.0,Yamaha,6,0.12466666666666666
Royal Enfield Himalayan 410cc 2016,2016,14000.0,first owner,sibsagar,32.0,24.5,107000,410.0,Royal Enfield,8,0.05975609756097561
Royal Enfield Bullet 350cc 2019,2017,27235.0,first owner,chennai,40.0,19.8,99650,350.0,Royal Enfield,7,0.05657142857142857
Yamaha FZ 150cc 2012,2012,58.0,first owner,gurgaon,58.0,13.0,23400,150.0,Yamaha,12,0.08666666666666667
Bajaj Avenger 220cc 2014,2014,60000.0,first owner,kanchipuram,40.0,19.0,35000,220.0,Bajaj,10,0.08636363636363636
Hero Xtreme Sports 150cc 2017,2017,26008.0,first owner,delhi,55.0,15.6,48500,150.0,Hero,7,0.104
Royal Enfield Bullet Electra 350cc 2010,2010,31000.0,first owner,thane,40.0,19.8,70000,350.0,Royal Enfield,14,0.05657142857142857
Bajaj Pulsar 180cc 2010,2010,17267.701935319583,first owner,gautam buddha nagar,65.0,15.0,12000,180.0,Bajaj,14,0.08333333333333333
Royal Enfield Thunderbird 350cc 2011,2011,6050.0,first owner,gautam buddha nagar,35.0,19.8,61500,350.0,Royal Enfield,13,0.05657142857142857
Royal Enfield Thunderbird 500cc 2017,2017,25500.0,first owner,bangalore,25.0,27.2,135000,500.0,Royal Enfield,7,0.0544
Royal Enfield Thunderbird 500cc 2017,2017,13600.0,first owner,kozhikode,25.0,27.2,130000,500.0,Royal Enfield,7,0.0544
Harley-Davidson Street 750 ABS 2018,2018,1174.0,second owner,delhi,20.0,47.0,450000,750.0,Harley-Davidson,6,0.06266666666666666
Bajaj Pulsar 150cc 2008,2008,65.0,first owner,delhi,65.0,14.85,14000,150.0,Bajaj,16,0.09899999999999999
Bajaj Pulsar 135LS 2017,2017,65.0,first owner,mumbai,65.0,13.0,45400,135.0,Bajaj,7,0.0962962962962963
TVS Apache RTR 200 4V Carburetor 2017,2017,40.0,first owner,mumbai,40.0,20.7,76000,200.0,TVS,7,0.1035
Honda CBF Stunner 125cc 2010,2010,65.0,second owner,delhi,65.0,11.0,16000,125.0,Honda,14,0.088
KTM RC 200cc 2017,2017,10642.0,first owner,gurgaon,35.0,25.1,140000,200.0,KTM,7,0.1255
UM Renegade Commando 2019,2019,42.0,first owner,bangalore,35.0,24.8,197200,279.0,UM,5,0.08888888888888889
Bajaj Avenger Cruise 220 2016,2016,27500.0,second owner,delhi,35.0,19.0,50000,220.0,Bajaj,8,0.08636363636363636
Bajaj Avenger 220cc 2012,2012,10000.0,third owner,delhi,40.0,19.0,29500,220.0,Bajaj,12,0.08636363636363636
Bajaj Pulsar 180cc 2010,2010,50000.0,third owner,ahmedabad,65.0,15.0,18000,180.0,Bajaj,14,0.08333333333333333
KTM RC 390cc 2016,2016,12000.0,first owner,virar,26.0,42.3,145000,390.0,KTM,8,0.10846153846153846
TVS Apache RTR 200 4V Carburetor Race Edition 2.0 2018,2018,40.0,first owner,delhi,40.0,20.7,80000,200.0,TVS,6,0.1035
Hyosung GT650R 2016,2016,5000.0,second owner,delhi,20.0,72.68,310000,650.0,Hyosung,8,0.11181538461538462
Bajaj Pulsar 150cc 2010,2010,65.0,first owner,delhi,65.0,14.85,18000,150.0,Bajaj,14,0.09899999999999999
Royal Enfield Thunderbird 350cc 2014,2014,60000.0,first owner,delhi,40.0,19.8,70000,350.0,Royal Enfield,10,0.05657142857142857
Bajaj Avenger Cruise 220 2018,2018,3000.0,first owner,delhi,35.0,19.0,86500,220.0,Bajaj,6,0.08636363636363636
UM Renegade Commando 2017,2017,6200.0,first owner,jaipur,35.0,24.8,157800,279.0,UM,7,0.08888888888888889
Royal Enfield Classic 350cc 2016,2016,13000.0,first owner,chennai,35.0,19.8,120000,350.0,Royal Enfield,8,0.05657142857142857
Hero Splendor NXG 100cc 2011,2011,86000.0,first owner,delhi,65.0,7.0,16000,100.0,Hero,13,0.07
Royal Enfield Bullet Electra 350cc 2011,2011,25000.0,first owner,delhi,40.0,19.8,72000,350.0,Royal Enfield,13,0.05657142857142857
Honda CBR 250R Repsol ABS 2017,2017,38.0,first owner,patiala,38.0,26.15,174600,250.0,Honda,7,0.1046
UM Renegade Sport S 2017,2017,5600.0,second owner,palwal,35.0,24.8,135000,279.0,UM,7,0.08888888888888889
Royal Enfield Thunderbird 350cc 2015,2015,14000.0,first owner,surat,40.0,19.8,102000,350.0,Royal Enfield,9,0.05657142857142857
Royal Enfield Thunderbird 500cc 2014,2014,5264.0,first owner,mumbai,25.0,27.2,125000,500.0,Royal Enfield,10,0.0544
Hero Splendor iSmart 110cc 2017,2017,18200.0,first owner,delhi,55.0,9.3,37500,110.0,Hero,7,0.08454545454545455
Bajaj Pulsar RS200 ABS 2015,2015,35.0,first owner,kota,35.0,24.16,97209,200.0,Bajaj,9,0.1208
Bajaj Pulsar 135LS 2010,2010,82737.0,first owner,delhi,64.0,13.0,14000,135.0,Bajaj,14,0.0962962962962963
Royal Enfield Classic Desert Storm 500cc 2015,2015,10000.0,first owner,thane,32.0,27.2,120000,500.0,Royal Enfield,9,0.0544
Bajaj Pulsar RS200 2015,2015,35.0,first owner,delhi,35.0,24.16,70000,200.0,Bajaj,9,0.1208
KTM Duke 200cc 2018,2018,12500.0,first owner,delhi,35.0,24.6,130500,200.0,KTM,6,0.12300000000000001
Hero Glamour i3s 125cc 2017,2017,8000.0,first owner,patna,40.0,11.4,55000,125.0,Hero,7,0.0912
Honda CBR 150R 150cc 2013,2013,28661.0,third owner,hyderabad,38.0,18.28,49500,150.0,Honda,11,0.12186666666666668
Royal Enfield Classic 350cc 2013,2013,28000.0,third owner,dakshina kannada,35.0,19.8,80000,350.0,Royal Enfield,11,0.05657142857142857
Royal Enfield Thunderbird 350cc 2016,2016,80000.0,first owner,hazaribagh,40.0,19.8,82000,350.0,Royal Enfield,8,0.05657142857142857
Yamaha FZ S V 2.0 150cc-Ltd. Edition 2017,2017,58.0,first owner,nashik,58.0,13.0,62000,150.0,Yamaha,7,0.08666666666666667
Royal Enfield Thunderbird 500cc 2013,2013,23000.0,first owner,mumbai,25.0,27.2,99000,500.0,Royal Enfield,11,0.0544
Royal Enfield Bullet Electra 350cc 2011,2011,27795.0,second owner,delhi,40.0,19.8,70000,350.0,Royal Enfield,13,0.05657142857142857
UM Renegade Commando 2017,2017,1000.0,first owner,delhi,35.0,24.8,125000,279.0,UM,7,0.08888888888888889
Royal Enfield Bullet 350cc 2015,2015,11000.0,first owner,pune,37.0,19.8,107800,350.0,Royal Enfield,9,0.05657142857142857
Bajaj V15 150cc 2017,2017,17000.0,first owner,kanchipuram,57.0,11.8,45000,150.0,Bajaj,7,0.07866666666666668
Bajaj V12 125cc 2017,2017,30074.0,first owner,delhi,57.0,12.0,36000,125.0,Bajaj,7,0.096
Bajaj Avenger Street 220 2015,2015,27792.0,first owner,mumbai,53.0,19.0,48000,220.0,Bajaj,9,0.08636363636363636
Royal Enfield Standard 350cc 2016,2016,37.0,first owner,gurgaon,37.0,19.8,102200,350.0,Royal Enfield,8,0.05657142857142857
Bajaj Avenger Street 150 2016,2016,23156.0,first owner,ghaziabad,50.0,14.3,40000,150.0,Bajaj,8,0.09533333333333334
Bajaj Discover 135cc 2009,2009,68000.0,first owner,ahmedabad,65.0,9.64,18500,135.0,Bajaj,15,0.0714074074074074
Royal Enfield Classic Desert Storm 500cc 2015,2015,22253.0,second owner,chennai,32.0,27.2,105000,500.0,Royal Enfield,9,0.0544
Yamaha YZF-R15 150cc 2014,2014,50000.0,first owner,poonamallee,42.0,16.0,50000,150.0,Yamaha,10,0.10666666666666667
Royal Enfield Classic 350cc 2016,2016,18120.0,first owner,farrukhabad,35.0,19.8,110000,350.0,Royal Enfield,8,0.05657142857142857
Royal Enfield Classic 350cc 2014,2014,27000.0,second owner,ranga reddy,35.0,19.8,75000,350.0,Royal Enfield,10,0.05657142857142857
TVS Apache RTR 200 4V FI 2017,2017,40.0,first owner,delhi,40.0,20.7,75000,200.0,TVS,7,0.1035
Royal Enfield Thunderbird 350cc 2015,2015,20112.0,first owner,hyderabad,40.0,19.8,85000,350.0,Royal Enfield,9,0.05657142857142857
Yamaha YZF-R15 S 150cc 2016,2016,17892.0,first owner,bangalore,42.0,16.0,75000,150.0,Yamaha,8,0.10666666666666667
Royal Enfield Classic Chrome 500cc 2012,2012,51000.0,second owner,ahmedabad,32.0,27.2,96400,500.0,Royal Enfield,12,0.0544
Bajaj Pulsar AS150 2016,2016,22840.0,first owner,delhi,53.0,16.8,38000,150.0,Bajaj,8,0.112
Bajaj Pulsar 180cc 2014,2014,34623.0,second owner,bangalore,45.0,17.0,20000,180.0,Bajaj,10,0.09444444444444444
Royal Enfield Standard 500cc 2018,2017,12000.0,first owner,chennai,25.0,26.1,130000,500.0,Royal Enfield,7,0.0522
Bajaj Discover 125cc 2007,2007,60000.0,first owner,ferozepur,65.0,12.5,12000,125.0,Bajaj,17,0.1
Bajaj Pulsar 150cc 2011,2011,65.0,second owner,noida,65.0,14.85,18000,150.0,Bajaj,13,0.09899999999999999
Honda CB Trigger 150cc 2014,2014,74073.0,first owner,gurgaon,60.0,14.0,32500,150.0,Honda,10,0.09333333333333334
Royal Enfield Thunderbird 500cc 2015,2015,45000.0,first owner,margao,25.0,27.2,100000,500.0,Royal Enfield,9,0.0544
Yamaha FZ25 250cc 2017,2017,17243.0,second owner,ranchi,43.0,20.3,75000,250.0,Yamaha,7,0.08120000000000001
Bajaj Pulsar RS200 ABS 2015,2015,35.0,first owner,gurgaon,35.0,24.16,91100,200.0,Bajaj,9,0.1208
Bajaj Pulsar 150cc Rear Disc ABS 2019,2019,65.0,first owner,nanded,65.0,15.0,85000,150.0,Bajaj,5,0.1
Hero Passion Plus 100cc 2004,2004,54845.0,first owner,delhi,55.0,7.5,10000,100.0,Hero,20,0.075
Bajaj Pulsar RS200 ABS 2015,2015,35.0,first owner,gurgaon,35.0,24.16,80000,200.0,Bajaj,9,0.1208
Hero Glamour Fi 125cc 2018,2018,15500.0,second owner,jobner,55.0,9.0,51000,125.0,Hero,6,0.072
UM Renegade Sport S 2017,2017,9300.0,first owner,hyderabad,35.0,24.8,135000,279.0,UM,7,0.08888888888888889
Royal Enfield Bullet Electra 350cc 2013,2013,22805.0,first owner,ahmedabad,40.0,19.8,75000,350.0,Royal Enfield,11,0.05657142857142857
Bajaj Pulsar 150cc 2011,2011,65.0,first owner,ahmedabad,65.0,14.85,19000,150.0,Bajaj,13,0.09899999999999999
Hero Xtreme 200R 2018,2018,2307.0,first owner,mumbai,39.4,18.1,90000,200.0,Hero,6,0.09050000000000001
Honda CBR 150R 150cc 2014,2014,17869.0,second owner,delhi,38.0,18.28,52000,150.0,Honda,10,0.12186666666666668
KTM Duke 390cc 2018,2018,3648.0,first owner,noida,25.0,42.9,200000,390.0,KTM,6,0.11
Bajaj Discover 100M 2014,2014,80.0,first owner,noida,80.0,9.1,21000,100.0,Bajaj,10,0.091
Hero Karizma ZMR 223cc 2012,2012,32050.0,first owner,delhi,48.0,20.0,35500,223.0,Hero,12,0.08968609865470852
Royal Enfield Thunderbird 500cc 2017,2017,5192.0,first owner,mumbai,25.0,27.2,155000,500.0,Royal Enfield,7,0.0544
Hero CBZ Xtreme 150cc 2011,2011,46700.0,first owner,bangalore,65.0,14.4,30000,150.0,Hero,13,0.096
Bajaj Dominar 400 ABS 2018,2018,28.0,first owner,chennai,28.0,34.5,155000,400.0,Bajaj,6,0.08625
TVS Apache RTR 160 4V Carburetor With Rear Disc 2018,2018,7500.0,first owner,ludhiana,40.0,16.1,85000,160.0,TVS,6,0.100625
Honda CBR 150R 150cc 2013,2013,12000.0,first owner,delhi,38.0,18.28,65500,150.0,Honda,11,0.12186666666666668
Royal Enfield Thunderbird 350cc ABS 2019,2019,2382.0,first owner,delhi,40.0,19.8,175000,350.0,Royal Enfield,5,0.05657142857142857
Yamaha SZ-RR 150cc 2016,2016,30000.0,second owner,faridabad,55.0,12.0,35000,150.0,Yamaha,8,0.08
Royal Enfield Thunderbird 500cc 2017,2017,900.0,first owner,roorkee,25.0,27.2,150000,500.0,Royal Enfield,7,0.0544
Royal Enfield Classic 350cc 2015,2015,8000.0,first owner,delhi,35.0,19.8,180000,350.0,Royal Enfield,9,0.05657142857142857
Royal Enfield Thunderbird 350cc 2016,2016,48000.0,first owner,chennai,40.0,19.8,100500,350.0,Royal Enfield,8,0.05657142857142857
TVS Apache RTR 160 4V Disc 2018,2018,9999.0,first owner,delhi,40.0,16.1,65999,160.0,TVS,6,0.100625
Royal Enfield Classic 350cc 2011,2011,63000.0,first owner,chennai,35.0,19.8,69100,350.0,Royal Enfield,13,0.05657142857142857
Kawasaki Ninja 650cc 2017,2017,18095.0,first owner,pune,21.0,67.2,465000,650.0,Kawasaki,7,0.1033846153846154
Bajaj Avenger Cruise 220 2018,2018,20500.0,first owner,chennai,35.0,19.0,69600,220.0,Bajaj,6,0.08636363636363636
Honda CB Hornet 160R CBS 2018,2018,52.0,first owner,krishna,52.0,15.44,65000,160.0,Honda,6,0.0965
Hero Passion Pro 100cc 2010,2010,33000.0,first owner,chennai,5.0,8.2,17000,100.0,Hero,14,0.08199999999999999
Hero Glamour i3s 125cc 2017,2017,17729.0,first owner,gautam buddha nagar,40.0,11.4,55500,125.0,Hero,7,0.0912
UM Renegade Commando Classic 2018,2018,8133.0,first owner,bhubaneshwar,35.0,25.0,155000,279.0,UM,6,0.08960573476702509
UM Renegade Commando Classic 2018,2018,4600.0,first owner,chennai,35.0,25.0,165000,279.0,UM,6,0.08960573476702509
Yamaha YZF-R15 150cc 2011,2011,57000.0,third owner,jhajjar,42.0,16.0,33000,150.0,Yamaha,13,0.10666666666666667
Bajaj V15 150cc 2017,2017,11000.0,first owner,rupnagar,57.0,11.8,35000,150.0,Bajaj,7,0.07866666666666668
Harley-Davidson Street 750 ABS 2018,2018,4189.0,first owner,bangalore,20.0,47.0,500000,750.0,Harley-Davidson,6,0.06266666666666666
Bajaj Pulsar RS200 ABS 2016,2016,35.0,second owner,bangalore,35.0,24.5,89000,200.0,Bajaj,8,0.1225
Yamaha YZF-R15 2.0 150cc 2017,2017,28261.0,first owner,ahmedabad,42.0,16.7,69825,150.0,Yamaha,7,0.11133333333333333
Royal Enfield Bullet 350cc 2003,2003,6600.0,first owner,noida,37.0,19.8,130000,350.0,Royal Enfield,21,0.05657142857142857
Royal Enfield‎ Bullet 350cc 2012,2012,35000.0,second owner,kurukshetra,37.0,19.8,70100,350.0,Royal Enfield,12,0.05657142857142857
Royal Enfield Thunderbird 350cc 2018,2018,13600.0,first owner,guwahati,40.0,19.8,117000,350.0,Royal Enfield,6,0.05657142857142857
Bajaj Pulsar RS200 2015,2015,35.0,first owner,mumbai,35.0,24.16,67000,200.0,Bajaj,9,0.1208
Bajaj Pulsar RS200 2016,2016,35.0,first owner,akot,35.0,24.5,85000,200.0,Bajaj,8,0.1225
Harley-Davidson Street 750 2015,2015,26236.0,first owner,hyderabad,20.0,47.0,350000,750.0,Harley-Davidson,9,0.06266666666666666
Bajaj Pulsar RS200 ABS 2017,2017,35.0,first owner,nadiad,35.0,24.5,101300,200.0,Bajaj,7,0.1225
Bajaj Pulsar 150cc 2005,2005,65.0,first owner,alibag,65.0,14.85,10000,150.0,Bajaj,19,0.09899999999999999
Bajaj Pulsar 220F 2017,2017,20012.0,first owner,noida,38.0,21.0,56000,220.0,Bajaj,7,0.09545454545454546
Yamaha YZF-R15 S 150cc 2017,2017,11000.0,first owner,agra,42.0,16.0,69000,150.0,Yamaha,7,0.10666666666666667
Hero CBZ Xtreme 150cc 2011,2011,95000.0,first owner,kadi,65.0,14.4,16500,150.0,Hero,13,0.096
TVS Apache RTR 200 4V Carburetor Race Edition 2.0 2018,2018,40.0,first owner,gurgaon,40.0,20.7,75000,200.0,TVS,6,0.1035
Honda CBF Stunner 125cc 2013,2013,65.0,first owner,ghaziabad,65.0,11.0,22000,125.0,Honda,11,0.088
TVS Apache RTR 200 4V FI Race Edition 2.0 2019,2019,40.0,first owner,tiruvallur,40.0,20.7,100000,200.0,TVS,5,0.1035
TVS Apache RTR 160 4V DRUM ABS 2019,2019,834.0,first owner,delhi,40.0,16.1,90000,160.0,TVS,5,0.100625
Bajaj Pulsar 200 NS 200cc 2016,2016,35.0,first owner,ponda,35.0,23.19,68000,200.0,Bajaj,8,0.11595000000000001
Suzuki Intruder 150cc 2018,2018,2500.0,first owner,deoria,40.0,14.6,77806,150.0,Suzuki,6,0.09733333333333333
Bajaj V15 150cc 2016,2016,15327.0,first owner,delhi,57.0,11.8,42000,150.0,Bajaj,8,0.07866666666666668
Royal Enfield Classic 500cc 2010,2010,47518.0,first owner,delhi,32.0,27.2,74000,500.0,Royal Enfield,14,0.0544
UM Renegade Commando 2017,2017,5800.0,first owner,chennai,35.0,24.8,135400,279.0,UM,7,0.08888888888888889
Royal Enfield Thunderbird 500cc 2018,2018,10000.0,first owner,ernakulam,25.0,27.2,140000,500.0,Royal Enfield,6,0.0544
Royal Enfield Classic Gunmetal Grey 350cc 2018,2018,16000.0,first owner,dhanbad,35.0,19.8,136424,350.0,Royal Enfield,6,0.05657142857142857
UM Renegade Commando 2017,2017,15372.0,first owner,noida,35.0,24.8,116848,279.0,UM,7,0.08888888888888889
Bajaj Pulsar RS200 ABS 2017,2017,35.0,first owner,bangalore,35.0,24.5,101697,200.0,Bajaj,7,0.1225
Yamaha YZF-R15 150cc 2009,2009,29570.0,third owner,bangalore,42.0,16.0,39000,150.0,Yamaha,15,0.10666666666666667
UM Renegade Commando 2017,2017,13000.0,first owner,bangalore,35.0,24.8,121000,279.0,UM,7,0.08888888888888889
Harley-Davidson Fat Bob 2018,2018,18.0,first owner,hyderabad,18.0,65.0,1261000,1868.0,Harley-Davidson,6,0.034796573875803
Honda CB Hornet 160R CBS 2018,2018,52.0,first owner,agra,52.0,15.44,75600,160.0,Honda,6,0.0965
Suzuki Gixxer SF 150cc SP Rear Disc 2017,2017,24487.0,first owner,delhi,40.0,14.6,52500,150.0,Suzuki,7,0.09733333333333333
UM Renegade Commando 2017,2017,8252.0,first owner,gurgaon,35.0,24.8,100000,279.0,UM,7,0.08888888888888889
Bajaj V15 150cc 2016,2016,29857.0,first owner,tumkur,57.0,11.8,37000,150.0,Bajaj,8,0.07866666666666668
Royal Enfield Thunderbird 500cc 2013,2013,20000.0,first owner,hyderabad,25.0,27.2,111300,500.0,Royal Enfield,11,0.0544
yamaha Libero 110cc 2006,2006,50000.0,first owner,ghaziabad,40.0,19.0,6000,110.0,Yamaha,18,0.17272727272727273
Royal Enfield Classic 350cc 2014,2014,9300.0,first owner,thane,35.0,19.8,90400,350.0,Royal Enfield,10,0.05657142857142857
Royal Enfield Thunderbird 350cc ABS 2019,2019,12000.0,first owner,ahmedabad,40.0,19.8,155000,350.0,Royal Enfield,5,0.05657142857142857
Honda CBF Stunner 125cc 2014,2014,65.0,second owner,tiruvallur,65.0,11.0,22000,125.0,Honda,10,0.088
Royal Enfield Classic 500cc 2013,2013,31500.0,first owner,jaipur,32.0,27.2,93000,500.0,Royal Enfield,11,0.0544
Bajaj Pulsar 220cc 2011,2011,50649.0,second owner,delhi,38.0,21.0,26000,220.0,Bajaj,13,0.09545454545454546
Royal Enfield Bullet Electra 350cc 2012,2012,21496.0,first owner,faridabad,40.0,19.8,72378,350.0,Royal Enfield,12,0.05657142857142857
Bajaj Boxer CT100 2004,2004,50000.0,first owner,bolpur,72.0,12.0,18000,100.0,Bajaj,20,0.12
Honda CB Hornet 160R CBS 2017,2017,52.0,first owner,agra,52.0,15.44,60000,160.0,Honda,7,0.0965
Suzuki Gixxer 150cc 2015,2015,40997.0,first owner,chatrapur,63.0,14.0,60000,150.0,Suzuki,9,0.09333333333333334
Royal Enfield Bullet Electra Twinspark 350cc 2015,2015,23399.0,third owner,palwal,35.0,19.8,85000,350.0,Royal Enfield,9,0.05657142857142857
Bajaj Discover 125ST 2012,2012,20000.0,first owner,bharatpur,65.0,12.5,18500,125.0,Bajaj,12,0.1
Hero Passion Xpro 110cc 2015,2015,28329.0,first owner,hoshiarpur,55.0,6.72,32000,110.0,Hero,9,0.06109090909090909
KTM Duke 200cc 2017,2017,5935.0,first owner,amritsar,35.0,24.6,121100,200.0,KTM,7,0.12300000000000001
Royal Enfield Thunderbird 350cc 2014,2014,31491.0,second owner,delhi,40.0,19.8,70000,350.0,Royal Enfield,10,0.05657142857142857
KTM Duke 390cc 2017,2017,17500.0,first owner,mumbai,25.0,42.9,198200,390.0,KTM,7,0.11
Bajaj Pulsar 135LS 2011,2011,58966.0,first owner,delhi,64.0,13.0,15311,135.0,Bajaj,13,0.0962962962962963
Bajaj Pulsar RS200 ABS 2017,2017,35.0,first owner,delhi,35.0,24.5,87000,200.0,Bajaj,7,0.1225
Honda CB Trigger 150cc 2013,2013,60.0,first owner,delhi,60.0,14.0,25000,150.0,Honda,11,0.09333333333333334
Royal Enfield Bullet Electra Twinspark 350cc 2017,2017,1403.0,first owner,faridabad,35.0,19.8,119000,350.0,Royal Enfield,7,0.05657142857142857
Yamaha Fazer 25 250cc 2017,2017,15000.0,second owner,hyderabad,43.0,20.3,84900,250.0,Yamaha,7,0.08120000000000001
Bajaj Pulsar NS200 ABS 2019,2019,42.0,first owner,indore,42.0,23.2,111100,200.0,Bajaj,5,0.11599999999999999
Royal Enfield Classic 500cc 2012,2012,37654.0,second owner,gurgaon,32.0,27.2,80000,500.0,Royal Enfield,12,0.0544
Honda CB Trigger 150cc 2015,2015,60.0,first owner,adalaj,60.0,14.0,40000,150.0,Honda,9,0.09333333333333334
Bajaj Pulsar 150cc 2013,2013,65.0,first owner,delhi,65.0,14.85,23000,150.0,Bajaj,11,0.09899999999999999
Hero Karizma ZMR 223cc 2014,2014,24340.0,first owner,pune,48.0,20.0,41000,223.0,Hero,10,0.08968609865470852
Bajaj Dominar 400 2017,2017,28.0,second owner,delhi,28.0,34.5,110000,400.0,Bajaj,7,0.08625
Bajaj V15 150cc 2016,2016,14500.0,first owner,thiruvananthapuram,57.0,11.8,40000,150.0,Bajaj,8,0.07866666666666668
Bajaj Avenger Street 220 2018,2018,14750.0,second owner,mumbai,53.0,19.0,75000,220.0,Bajaj,6,0.08636363636363636
Hero Splendor Plus 100cc 2008,2008,26000.0,first owner,mandi dabwali,81.0,8.2,23500,100.0,Hero,16,0.08199999999999999
Yamaha SZ 150cc 2011,2011,40000.0,first owner,bangalore,40.0,12.0,28000,150.0,Yamaha,13,0.08
Bajaj Pulsar RS200 ABS 2016,2016,35.0,first owner,hyderabad,35.0,24.5,120000,200.0,Bajaj,8,0.1225
Royal Enfield Machismo 500cc 2008,2008,25.0,second owner,pune,25.0,23.9,57000,500.0,Royal Enfield,16,0.047799999999999995
Honda CB Trigger 150cc 2015,2015,60.0,first owner,fatehgarh sahib,60.0,14.0,40000,150.0,Honda,9,0.09333333333333334
Bajaj Pulsar RS200 2016,2016,35.0,first owner,24 pargana,35.0,24.5,85000,200.0,Bajaj,8,0.1225
Suzuki Gixxer SF 150cc Special MOTOGP Edition 2017,2017,11000.0,first owner,mumbai,40.0,14.6,55000,150.0,Suzuki,7,0.09733333333333333
Royal Enfield Bullet Electra 350cc 2014,2014,14300.0,first owner,mumbai,40.0,19.8,90000,350.0,Royal Enfield,10,0.05657142857142857
Yamaha FZ S V 2.0 150cc 2019,2019,58.0,first owner,bangalore,58.0,13.0,81000,150.0,Yamaha,5,0.08666666666666667
Royal Enfield Bullet Electra Twinspark 350cc 2015,2015,20000.0,first owner,delhi,35.0,19.8,85000,350.0,Royal Enfield,9,0.05657142857142857
KTM Duke 200cc 2017,2017,21000.0,first owner,thane,35.0,24.6,112600,200.0,KTM,7,0.12300000000000001
Royal Enfield Classic 350cc 2012,2012,13000.0,first owner,delhi,35.0,19.8,80000,350.0,Royal Enfield,12,0.05657142857142857
Royal Enfield Thunderbird 500cc 2015,2015,11976.0,third owner,bangalore,25.0,27.2,119000,500.0,Royal Enfield,9,0.0544
Royal Enfield Thunderbird 350cc 2017,2017,21000.0,first owner,chennai,40.0,19.8,110000,350.0,Royal Enfield,7,0.05657142857142857
Royal Enfield Classic 500cc 2014,2014,6701.0,first owner,thane,32.0,27.2,100000,500.0,Royal Enfield,10,0.0544
Bajaj Pulsar RS200 2015,2015,35.0,first owner,jagdalpur,35.0,24.16,85000,200.0,Bajaj,9,0.1208
Royal Enfield Thunderbird 500cc 2016,2016,23560.0,first owner,delhi,25.0,27.2,115000,500.0,Royal Enfield,8,0.0544
Hero Super Splendor 125cc 2006,2006,40320.0,first owner,jaipur,75.0,9.0,15244,125.0,Hero,18,0.072
Harley-Davidson Street 750 2014,2014,28755.0,first owner,gurgaon,20.0,47.0,306000,750.0,Harley-Davidson,10,0.06266666666666666
Royal Enfield Thunderbird 350cc 2013,2013,29932.0,first owner,ghaziabad,40.0,19.8,63000,350.0,Royal Enfield,11,0.05657142857142857
Hero Passion Plus 100cc 2005,2005,30000.0,first owner,delhi,55.0,7.5,9000,100.0,Hero,19,0.075
Royal Enfield Bullet Twinspark 350cc 2016,2016,37.0,first owner,bangalore,37.0,19.8,100000,350.0,Royal Enfield,8,0.05657142857142857
KTM RC 200cc 2018,2018,18000.0,first owner,hyderabad,35.0,25.1,160000,200.0,KTM,6,0.1255
KTM RC 200cc 2018,2018,17864.0,first owner,hyderabad,35.0,25.1,150000,200.0,KTM,6,0.1255
TVS Apache RTR 200 4V Carburetor 2017,2017,40.0,first owner,24 pargana,40.0,20.7,62999,200.0,TVS,7,0.1035
KTM RC 200cc 2017,2017,5800.0,first owner,visakhapatnam,35.0,25.1,150000,200.0,KTM,7,0.1255
Bajaj Pulsar NS 200 2014,2014,10000.0,first owner,thane,40.0,24.2,55700,200.0,Bajaj,10,0.121
TVS Apache RTR 200 4V Carburetor Race Edition 2.0 2019,2019,40.0,first owner,bangalore,40.0,20.7,93500,200.0,TVS,5,0.1035
Royal Enfield Classic 500cc 2012,2012,6000.0,first owner,bangalore,32.0,27.2,93000,500.0,Royal Enfield,12,0.0544
Hero Karizma R 223cc 2007,2007,75000.0,first owner,moradabad,40.0,17.0,12000,223.0,Hero,17,0.07623318385650224
Yamaha YZF-R15 V3 150cc 2018,2018,6800.0,first owner,vidisha,40.0,18.7,115000,150.0,Yamaha,6,0.12466666666666666
Bajaj Pulsar 180cc 2010,2010,45635.0,first owner,delhi,65.0,15.0,15000,180.0,Bajaj,14,0.08333333333333333
TVS Apache RTR 200 4V Carburetor 2017,2017,40.0,first owner,pune,40.0,20.7,73000,200.0,TVS,7,0.1035
KTM RC 390cc 2017,2017,3749.0,first owner,ahmedabad,26.0,42.3,154000,390.0,KTM,7,0.10846153846153846
Royal Enfield Bullet Twinspark 350cc 2016,2016,37.0,first owner,mohali,37.0,19.8,95000,350.0,Royal Enfield,8,0.05657142857142857
Yamaha YZF-R15 150cc 2016,2016,9300.0,first owner,chennai,42.0,16.0,105000,150.0,Yamaha,8,0.10666666666666667
Bajaj Pulsar RS200 2019,2019,35.0,first owner,mumbai,35.0,24.5,118800,200.0,Bajaj,5,0.1225
KTM RC 390cc 2015,2015,15000.0,first owner,jaipur,26.0,43.0,147000,390.0,KTM,9,0.11025641025641025
Harley-Davidson Street 750 2015,2015,14116.0,second owner,ahmedabad,20.0,47.0,325000,750.0,Harley-Davidson,9,0.06266666666666666
Yamaha YZF-R15 150cc 2011,2011,47913.0,third owner,delhi,42.0,16.0,43000,150.0,Yamaha,13,0.10666666666666667
Honda Livo 110cc 2016,2016,55.0,first owner,noida,55.0,8.25,34600,110.0,Honda,8,0.075
Royal Enfield Thunderbird 500cc 2015,2015,17000.0,second owner,bangalore,25.0,27.2,135000,500.0,Royal Enfield,9,0.0544
TVS Apache RTR 180cc 2011,2011,45.0,first owner,thane,45.0,17.2,35000,180.0,TVS,13,0.09555555555555555
Harley-Davidson Street 750 2015,2015,5800.0,second owner,ambala,20.0,47.0,280000,750.0,Harley-Davidson,9,0.06266666666666666
Triumph Tiger 800XC 2014,2014,18259.0,first owner,jaipur,21.0,93.7,600000,800.0,Triumph,10,0.117125
Yamaha Fazer 150cc 2011,2011,45.0,first owner,gurgaon,45.0,13.0,21000,150.0,Yamaha,13,0.08666666666666667
Bajaj Avenger Cruise 220 ABS 2019,2019,1600.0,first owner,pune,35.0,19.0,110000,220.0,Bajaj,5,0.08636363636363636
Yamaha YZF-R15 2.0 150cc 2014,2014,23235.0,first owner,hyderabad,42.0,16.7,65300,150.0,Yamaha,10,0.11133333333333333
Kawasaki Z800 2017,2017,12000.0,first owner,surat,16.0,111.0,650000,800.0,Kawasaki,7,0.13875
Hero Passion PRO  100 cc 2013,2013,9000.0,first owner,visakhapatnam,45.0,6.15,30000,200.0,Hero,11,0.030750000000000003
Suzuki Gixxer SF 150cc 2015,2015,12500.0,first owner,bangalore,40.0,14.6,55000,150.0,Suzuki,9,0.09733333333333333
Bajaj Pulsar NS200 2014,2014,35.0,fourth owner or more,bangalore,35.0,23.19,65000,200.0,Bajaj,10,0.11595000000000001
Bajaj Avenger 220cc 2018,2018,17000.0,first owner,bangalore,40.0,19.0,82750,220.0,Bajaj,6,0.08636363636363636
Royal Enfield Bullet Electra Twinspark 350CC ABS 2019,2019,500.0,first owner,delhi,35.0,19.8,130000,350.0,Royal Enfield,5,0.05657142857142857
Royal Enfield Bullet 350cc 2019,2017,9500.0,first owner,bangalore,40.0,19.8,110000,350.0,Royal Enfield,7,0.05657142857142857
Yamaha FZs 150cc 2014,2014,12000.0,first owner,ghaziabad,45.0,13.0,42000,150.0,Yamaha,10,0.08666666666666667
Hero Ignitor 125cc 2014,2014,24800.0,first owner,howrah,55.0,11.0,28700,125.0,Hero,10,0.088
Royal Enfield Classic 350cc 2015,2015,63664.0,first owner,chennai,35.0,19.8,112200,350.0,Royal Enfield,9,0.05657142857142857
Bajaj Pulsar 200 NS 200cc 2008,2008,28000.0,first owner,vadodara,40.0,23.0,0,200.0,Bajaj,16,0.115
Yamaha YZF-R15 2.0 150cc 2015,2015,18000.0,second owner,delhi,40.0,16.7,62000,150.0,Yamaha,9,0.11133333333333333
Hero Karizma ZMR 223cc 2016,2016,17000.0,first owner,faridabad,48.0,20.0,69100,223.0,Hero,8,0.08968609865470852
Royal Enfield Thunderbird 500cc 2016,2016,1450.0,first owner,noida,25.0,27.2,149100,500.0,Royal Enfield,8,0.0544
Suzuki Gixxer SF 150cc Special MOTOGP Edition Rear Disc 2017,2017,3000.0,first owner,chennai,40.0,14.6,80000,150.0,Suzuki,7,0.09733333333333333
Hero Glamour 125cc 2012,2012,43000.0,first owner,kurukshetra,55.0,8.9,21000,125.0,Hero,12,0.0712
Royal Enfield Thunderbird 500cc 2013,2013,9500.0,first owner,bangalore,25.0,27.2,116400,500.0,Royal Enfield,11,0.0544
Royal Enfield Classic 500cc 2017,2017,8575.0,first owner,guwahati,35.0,27.2,146006,500.0,Royal Enfield,7,0.0544
Hyosung Aquila Pro GV650 2016,2016,3200.0,first owner,delhi,16.0,74.0,425000,650.0,Hyosung,8,0.11384615384615385
Suzuki Gixxer 150cc 2016,2016,17000.0,first owner,mumbai,63.0,14.0,60000,150.0,Suzuki,8,0.09333333333333334
Hero Karizma R 223cc 2008,2008,42452.0,second owner,thane,40.0,17.0,16000,223.0,Hero,16,0.07623318385650224
Bajaj Pulsar 135LS 2010,2010,42000.0,first owner,thane,64.0,13.0,16000,135.0,Bajaj,14,0.0962962962962963
TVS Apache RTR 200 4V Single Channel ABS BS6 2020,2020,40.0,first owner,bangalore,40.0,20.21,140000,200.0,TVS,4,0.10105
Royal Enfield Bullet 350cc 1991,1991,1677.0,first owner,bangalore,37.0,19.8,200000,350.0,Royal Enfield,33,0.05657142857142857
Royal Enfield Classic 350cc 2014,2014,25000.0,first owner,jalgaon,35.0,19.8,105000,350.0,Royal Enfield,10,0.05657142857142857
Hero Passion Pro 100cc 2009,2009,33474.0,first owner,chennai,5.0,8.2,0,100.0,Hero,15,0.08199999999999999
Royal Enfield Classic 350cc 2017,2017,6709.0,first owner,faridabad,35.0,19.8,115000,350.0,Royal Enfield,7,0.05657142857142857
KTM RC 200cc 2014,2014,25000.0,first owner,rajkot,35.0,25.0,118000,200.0,KTM,10,0.125
TVS Apache RTR 160cc 2015,2015,60.0,first owner,rajkot,60.0,15.2,45000,160.0,TVS,9,0.095
Bajaj Pulsar AS150 2015,2015,12000.0,first owner,delhi,53.0,16.8,40000,150.0,Bajaj,9,0.112
Yamaha YZF-R15 150cc 2016,2016,9000.0,first owner,delhi,42.0,16.0,68000,150.0,Yamaha,8,0.10666666666666667
Yamaha YZF-R15 2.0 150cc 2013,2013,20000.0,first owner,amritsar,42.0,16.7,60000,150.0,Yamaha,11,0.11133333333333333
Hero Splendor NXG 100cc 2011,2011,13010.0,first owner,faridabad,65.0,7.0,17000,100.0,Hero,13,0.07
Royal Enfield Himalayan 410cc 2016,2016,7215.0,first owner,patna,32.0,24.5,134999,410.0,Royal Enfield,8,0.05975609756097561
Bajaj Avenger Street 150 2016,2016,4400.0,first owner,gwalior,50.0,14.3,65000,150.0,Bajaj,8,0.09533333333333334
Bajaj Pulsar 150cc 2016,2016,65.0,first owner,faridabad,65.0,15.0,33000,150.0,Bajaj,8,0.1
TVS Sport 100cc 2010,2010,32031.0,first owner,cuttack,95.0,7.4,17000,100.0,TVS,14,0.07400000000000001
Hero Xtreme 150cc 2013,2013,17000.0,first owner,delhi,50.0,14.2,25300,150.0,Hero,11,0.09466666666666666
Bajaj Avenger 220cc 2016,2016,16000.0,first owner,faridabad,40.0,19.0,47000,220.0,Bajaj,8,0.08636363636363636
TVS Apache RTR 160cc 2011,2011,60.0,first owner,faridabad,60.0,15.2,18500,160.0,TVS,13,0.095
Honda CB Hornet 160R CBS 2016,2016,52.0,first owner,kolkata,52.0,15.44,55000,160.0,Honda,8,0.0965
Bajaj Platina 100cc 2013,2013,104.0,first owner,jaipur,104.0,8.2,32000,100.0,Bajaj,11,0.08199999999999999
Hero Splendor 100cc 2008,2008,35243.0,first owner,jaipur,45.0,6.15,22000,100.0,Hero,16,0.061500000000000006
TVS Sport 100cc 2015,2015,16592.0,first owner,faridabad,95.0,7.4,22000,100.0,TVS,9,0.07400000000000001
Hero Splendor Plus 100cc 2014,2014,11381.0,first owner,faridabad,81.0,8.2,22000,100.0,Hero,10,0.08199999999999999
TVS Star City 110cc 2012,2012,53520.0,first owner,chennai,85.0,8.2,0,110.0,TVS,12,0.07454545454545454
Hero Passion Pro 100cc 2014,2014,16138.0,first owner,chennai,5.0,8.2,0,100.0,Hero,10,0.08199999999999999
Hero Ignitor 125cc 2015,2015,25000.0,second owner,jhansi,55.0,11.0,23000,125.0,Hero,9,0.088
Hero Passion Pro 100cc 2012,2012,15000.0,first owner,chennai,5.0,8.2,27000,100.0,Hero,12,0.08199999999999999
KTM Duke 390cc 2018,2018,16000.0,first owner,mumbai,25.0,42.9,200000,390.0,KTM,6,0.11
Honda CB Shine 125cc 2004,2004,65.0,third owner,mumbai,65.0,10.0,27000,125.0,Honda,20,0.08
Honda CBR 150R 150cc 2017,2017,38.0,first owner,gurgaon,38.0,18.28,70000,150.0,Honda,7,0.12186666666666668
Hero Passion Pro 100cc 2011,2011,18590.0,first owner,ludhiana,5.0,8.2,22000,100.0,Hero,13,0.08199999999999999
Bajaj Platina 125cc 2010,2010,82.0,first owner,chennai,82.0,8.2,17000,125.0,Bajaj,14,0.06559999999999999
Royal Enfield Bullet Twinspark 350cc 2013,2013,37.0,first owner,delhi,37.0,19.8,90000,350.0,Royal Enfield,11,0.05657142857142857
Hero Splendor 100cc 1996,1996,38000.0,first owner,chennai,45.0,7.44,23000,100.0,Hero,28,0.07440000000000001
Hero Splendor 100cc 2002,2002,55000.0,first owner,hyderabad,45.0,7.44,20000,100.0,Hero,22,0.07440000000000001
Bajaj Discover 110cc 2012,2012,5451.0,first owner,chennai,72.0,8.51,26000,110.0,Bajaj,12,0.07736363636363636
Bajaj Platina 100cc 2011,2011,104.0,first owner,chennai,104.0,8.2,20000,100.0,Bajaj,13,0.08199999999999999
Hero Splendor Plus 100 CC 2014,2014,15632.0,first owner,chennai,40.0,19.0,29000,200.0,Hero,10,0.095
Bajaj Discover 110cc 2015,2015,17203.0,first owner,chennai,72.0,8.51,30000,110.0,Bajaj,9,0.07736363636363636
Bajaj Pulsar 150cc 2013,2013,65.0,first owner,jhansi,65.0,14.85,21800,150.0,Bajaj,11,0.09899999999999999
Hero Passion Xpro 110cc 2015,2015,23000.0,first owner,delhi,55.0,6.72,35000,110.0,Hero,9,0.06109090909090909
Bajaj Pulsar RS200 2015,2015,35.0,first owner,delhi,35.0,24.16,87000,200.0,Bajaj,9,0.1208
Bajaj Pulsar 135LS 2010,2010,10495.0,first owner,ludhiana,64.0,13.0,20000,135.0,Bajaj,14,0.0962962962962963
Royal Enfield Classic 350cc 2016,2016,12500.0,first owner,mumbai,35.0,19.8,125000,350.0,Royal Enfield,8,0.05657142857142857
Royal Enfield Thunderbird 350cc 2015,2015,19000.0,first owner,delhi,40.0,19.8,99000,350.0,Royal Enfield,9,0.05657142857142857
Mahindra Centuro 110cc 2013,2013,20000.0,first owner,delhi,60.0,8.5,22500,110.0,Mahindra,11,0.07727272727272727
TVS Apache RTR 160cc 2018,2018,60.0,first owner,alipore,60.0,15.2,70986,160.0,TVS,6,0.095
TVS Apache RTR 160cc Matt Red Rear Disc 2019,2019,60.0,first owner,delhi,60.0,15.0,76000,160.0,TVS,5,0.09375
Yamaha FZs 150cc 2013,2013,40826.0,first owner,delhi,45.0,13.0,38000,150.0,Yamaha,11,0.08666666666666667
Bajaj Discover 135cc 2010,2010,25715.0,first owner,mumbai,40.0,9.64,24000,135.0,Bajaj,14,0.0714074074074074
Hero Passion Pro 100cc 2012,2012,37501.0,first owner,chennai,5.0,8.2,20000,100.0,Hero,12,0.08199999999999999
Bajaj Discover 100cc 2010,2010,80.0,first owner,delhi,80.0,7.7,20000,100.0,Bajaj,14,0.077
Hero Passion Pro 100cc 2014,2014,13654.0,first owner,chennai,5.0,8.2,24000,100.0,Hero,10,0.08199999999999999
Bajaj Pulsar 150cc 2010,2010,65.0,first owner,chennai,65.0,14.85,20000,150.0,Bajaj,14,0.09899999999999999
Honda CB Shine 125cc 2009,2009,65.0,first owner,chennai,65.0,10.0,15000,125.0,Honda,15,0.08
Bajaj Discover 100cc 2013,2013,80.0,first owner,chennai,80.0,7.7,18000,100.0,Bajaj,11,0.077
Hero Glamour 125cc 2010,2010,39778.0,first owner,chennai,55.0,8.9,18000,125.0,Hero,14,0.0712
Bajaj Discover 135cc 2010,2010,20834.0,first owner,chennai,40.0,9.64,18000,135.0,Bajaj,14,0.0714074074074074
Hero Passion 100cc  2005,2005,53907.0,first owner,delhi,55.0,7.5,18000,100.0,Hero,19,0.075
Hero Passion 100cc  2002,2002,51000.0,first owner,delhi,55.0,7.5,16000,100.0,Hero,22,0.075
Hero CD Deluxe 100cc 2010,2010,81000.0,first owner,delhi,65.0,7.7,25000,100.0,Hero,14,0.077
Bajaj Pulsar 150cc 2007,2007,65.0,first owner,delhi,65.0,14.85,17000,150.0,Bajaj,17,0.09899999999999999
Mahindra Centuro 110cc 2015,2015,8000.0,first owner,jaipur,60.0,8.5,38500,110.0,Mahindra,9,0.07727272727272727
Hero Passion Plus 100cc 2012,2012,24434.0,first owner,chennai,55.0,7.5,28000,100.0,Hero,12,0.075
Yamaha Fazer 150cc 2015,2015,45.0,first owner,chennai,45.0,13.0,50000,150.0,Yamaha,9,0.08666666666666667
TVS MAX 4R 110cc 2014,2014,13673.0,first owner,chennai,70.0,9.7,18000,110.0,TVS,10,0.08818181818181818
Bajaj Pulsar 220cc 2017,2017,26724.0,first owner,bangalore,38.0,21.0,76000,220.0,Bajaj,7,0.09545454545454546
Bajaj Pulsar 150cc 2006,2006,65.0,first owner,chennai,65.0,14.85,15000,150.0,Bajaj,18,0.09899999999999999
Bajaj V15 150cc 2017,2017,7000.0,first owner,jabalpur,57.0,11.8,45000,150.0,Bajaj,7,0.07866666666666668
Royal Enfield Classic 350cc 2014,2014,18000.0,second owner,delhi,35.0,19.8,99000,350.0,Royal Enfield,10,0.05657142857142857
Bajaj Avenger Street 150 2017,2017,8500.0,first owner,delhi,45.0,14.3,63309,150.0,Bajaj,7,0.09533333333333334
TVS Apache RTR 180cc 2012,2012,45.0,first owner,bhuj,45.0,17.2,0,180.0,TVS,12,0.09555555555555555
Bajaj Avenger Street 150 2017,2017,7580.0,first owner,delhi,45.0,14.3,64000,150.0,Bajaj,7,0.09533333333333334
Bajaj Pulsar 180cc 2015,2015,29000.0,first owner,mumbai,45.0,17.0,42000,180.0,Bajaj,9,0.09444444444444444
Yamaha FZ 150cc 2012,2012,58.0,first owner,ludhiana,58.0,13.0,35000,150.0,Yamaha,12,0.08666666666666667
Bajaj Discover 100cc  2012,2012,80.0,first owner,ludhiana,80.0,7.7,17000,100.0,Bajaj,12,0.077
Hero Karizma ZMR 223cc 2013,2013,23695.0,first owner,wardha,48.0,20.0,45000,223.0,Hero,11,0.08968609865470852
TVS Star City Plus 110cc 2015,2015,4500.0,first owner,jaipur,85.0,8.2,0,110.0,TVS,9,0.07454545454545454
Bajaj Discover 150cc 2010,2010,70.0,first owner,ludhiana,70.0,13.0,19000,150.0,Bajaj,14,0.08666666666666667
Bajaj Pulsar 220cc 2014,2014,41736.0,first owner,rajkot,38.0,21.0,38000,220.0,Bajaj,10,0.09545454545454546
Hero Passion Pro 100cc 2017,2017,29000.0,first owner,delhi,5.0,8.2,37000,100.0,Hero,7,0.08199999999999999
Honda CB Shine 125cc 2018,2018,65.0,first owner,delhi,65.0,10.0,57000,125.0,Honda,6,0.08
Royal Enfield Classic 350cc 2018,2018,2656.0,first owner,ludhiana,35.0,19.8,145000,350.0,Royal Enfield,6,0.05657142857142857
Bajaj Discover 125ST 2012,2012,50000.0,first owner,kolkata,65.0,12.5,33000,125.0,Bajaj,12,0.1
UM Renegade Commando 2017,2017,3000.0,first owner,delhi,35.0,24.8,120000,279.0,UM,7,0.08888888888888889
Honda CBF Stunner 125cc 2015,2015,65.0,first owner,delhi,65.0,11.0,29800,125.0,Honda,9,0.088
Bajaj Pulsar 220cc 2013,2013,12500.0,first owner,delhi,38.0,21.0,35400,220.0,Bajaj,11,0.09545454545454546
Bajaj Pulsar 150cc 2009,2009,65.0,first owner,delhi,65.0,14.85,19000,150.0,Bajaj,15,0.09899999999999999
Bajaj Pulsar 135LS 2014,2014,56780.0,first owner,mandi dabwali,64.0,13.0,22000,135.0,Bajaj,10,0.0962962962962963
Bajaj Pulsar 150cc 2011,2011,65.0,first owner,delhi,65.0,14.85,23400,150.0,Bajaj,13,0.09899999999999999
Royal Enfield Bullet Electra 350cc 2015,2015,26101.0,first owner,delhi,40.0,19.8,95000,350.0,Royal Enfield,9,0.05657142857142857
Bajaj V15 150cc 2016,2016,10682.0,first owner,bangalore,57.0,11.8,38000,150.0,Bajaj,8,0.07866666666666668
Royal Enfield Classic 350cc 2015,2015,21000.0,first owner,delhi,35.0,19.8,105000,350.0,Royal Enfield,9,0.05657142857142857
Royal Enfield Standard 500cc 2014,2014,9700.0,first owner,delhi,25.0,26.1,102000,500.0,Royal Enfield,10,0.0522
Royal Enfield Continental GT 535cc 2015,2015,6000.0,first owner,delhi,26.0,29.1,115000,535.0,Royal Enfield,9,0.05439252336448598
Hero Splendor Pro 100cc 2015,2015,30000.0,first owner,jaipur,81.0,8.2,40000,100.0,Hero,9,0.08199999999999999
Yamaha FZ S V 2.0 150cc Rear Disc 2018,2018,58.0,first owner,delhi,58.0,13.0,66000,150.0,Yamaha,6,0.08666666666666667
Royal Enfield Standard 500cc 2011,2011,65000.0,first owner,ahmedabad,25.0,26.37,70000,500.0,Royal Enfield,13,0.05274
Hero Splendor 100cc 1997,1997,40000.0,first owner,vadodara,45.0,7.44,23000,100.0,Hero,27,0.07440000000000001
Bajaj Pulsar 150cc 2012,2012,65.0,first owner,kurukshetra,65.0,14.85,22000,150.0,Bajaj,12,0.09899999999999999
Hero Splendor iSmart 100cc 2014,2014,20097.0,first owner,chennai,55.0,8.2,22000,100.0,Hero,10,0.08199999999999999
TVS Star City 110cc 2011,2011,20238.0,first owner,chennai,85.0,8.2,16000,110.0,TVS,13,0.07454545454545454
Bajaj Discover 100cc 2012,2012,80.0,first owner,chennai,80.0,7.7,22000,100.0,Bajaj,12,0.077
Hero Passion Plus 100cc 2010,2010,16000.0,first owner,chennai,55.0,7.5,0,100.0,Hero,14,0.075
Bajaj Discover 110cc 2012,2012,27000.0,first owner,chennai,72.0,8.51,0,110.0,Bajaj,12,0.07736363636363636
Bajaj Pulsar 150cc 2010,2010,65.0,first owner,chennai,65.0,14.85,0,150.0,Bajaj,14,0.09899999999999999
Hero Passion Pro 100cc 2014,2014,9000.0,first owner,delhi,5.0,8.2,37830,100.0,Hero,10,0.08199999999999999
Bajaj Discover 135cc 2008,2008,21985.0,first owner,delhi,40.0,9.64,21000,135.0,Bajaj,16,0.0714074074074074
Bajaj Pulsar NS 200cc 2011,2011,48500.0,first owner,mumbai,40.0,19.0,29000,200.0,Bajaj,13,0.095
Yamaha FZ25 250cc 2019,2019,10468.0,first owner,jaipur,43.0,20.3,105000,250.0,Yamaha,5,0.08120000000000001
Bajaj Pulsar 180cc 2018,2018,7000.0,first owner,delhi,65.0,17.0,62000,180.0,Bajaj,6,0.09444444444444444
KTM RC 200cc 2016,2016,4900.0,first owner,delhi,35.0,25.1,150000,200.0,KTM,8,0.1255
Royal Enfield Himalayan 410cc 2016,2016,980.0,first owner,delhi,32.0,24.5,159000,410.0,Royal Enfield,8,0.05975609756097561
KTM Duke 390cc 2015,2015,8600.0,first owner,delhi,25.0,44.0,141375,390.0,KTM,9,0.11282051282051282
Royal Enfield Thunderbird 500cc 2016,2016,24380.0,first owner,hyderabad,25.0,27.2,118150,500.0,Royal Enfield,8,0.0544
Bajaj Discover 135cc 2008,2008,89748.0,first owner,delhi,65.0,9.64,19784,135.0,Bajaj,16,0.0714074074074074
Yamaha FZ S V 2.0 150cc 2016,2016,58.0,first owner,mumbai,58.0,13.0,71500,150.0,Yamaha,8,0.08666666666666667
Bajaj Pulsar 200 NS 200cc 2014,2014,34827.0,first owner,mumbai,40.0,24.2,71500,200.0,Bajaj,10,0.121
Bajaj Pulsar 150cc 2009,2009,65.0,first owner,delhi,65.0,14.85,15000,150.0,Bajaj,15,0.09899999999999999
Bajaj V15 150cc 2016,2016,22540.0,first owner,delhi,57.0,11.8,38700,150.0,Bajaj,8,0.07866666666666668
Bajaj V15 150cc 2016,2016,23000.0,first owner,hyderabad,57.0,11.8,45000,150.0,Bajaj,8,0.07866666666666668
Bajaj Pulsar 135LS 2010,2010,27000.0,first owner,gurgaon,64.0,13.0,24000,135.0,Bajaj,14,0.0962962962962963
Honda CBF Stunner 125cc 2015,2015,65.0,first owner,faridabad,65.0,11.0,26500,125.0,Honda,9,0.088
Bajaj Discover 100cc 2014,2014,80.0,first owner,gurgaon,80.0,7.7,24000,100.0,Bajaj,10,0.077
Royal Enfield Standard 350cc 2015,2015,37.0,first owner,delhi,37.0,19.8,108000,350.0,Royal Enfield,9,0.05657142857142857
Hero Splendor Plus 100cc 2011,2011,20003.0,first owner,sirsa,81.0,8.2,20000,100.0,Hero,13,0.08199999999999999
Bajaj Discover 100cc 2010,2010,80.0,second owner,gurgaon,80.0,7.7,21000,100.0,Bajaj,14,0.077
Bajaj V15 150cc 2017,2017,2525.0,first owner,delhi,57.0,11.8,44000,150.0,Bajaj,7,0.07866666666666668
Hero Splendor 100cc 1997,1997,46000.0,first owner,rajkot,45.0,7.44,23000,100.0,Hero,27,0.07440000000000001
Royal Enfield Thunderbird 350cc 2011,2011,29400.0,first owner,delhi,35.0,19.8,63500,350.0,Royal Enfield,13,0.05657142857142857
Bajaj Pulsar 150cc  2015,2015,65.0,first owner,jaipur,65.0,14.85,45000,150.0,Bajaj,9,0.09899999999999999
Royal Enfield Standard 350cc 2013,2013,37.0,first owner,ludhiana,37.0,19.8,97000,350.0,Royal Enfield,11,0.05657142857142857
Bajaj Avenger 220cc 2013,2013,7300.0,first owner,delhi,40.0,19.0,47530,220.0,Bajaj,11,0.08636363636363636
Yamaha FZs 150cc 2013,2013,31085.0,second owner,gurgaon,45.0,13.0,23000,150.0,Yamaha,11,0.08666666666666667
Hero Splendor Plus 100cc 2006,2006,38253.0,first owner,ahmedabad,81.0,8.2,22050,100.0,Hero,18,0.08199999999999999
Hero Super Splendor 125cc 2012,2012,16450.0,first owner,faridabad,75.0,9.0,21000,125.0,Hero,12,0.072
Bajaj Pulsar 180cc 2016,2016,30000.0,first owner,lucknow,65.0,17.0,52000,180.0,Bajaj,8,0.09444444444444444
Hero Splendor iSmart 110cc 2016,2016,16278.0,first owner,faridabad,55.0,9.3,31000,110.0,Hero,8,0.08454545454545455
TVS Sport 100cc 2018,2018,15820.0,first owner,faridabad,95.0,7.4,32000,100.0,TVS,6,0.07400000000000001
Honda CB Shine 125cc 2015,2015,65.0,first owner,chennai,65.0,10.0,37000,125.0,Honda,9,0.08
Bajaj V15 150cc 2016,2016,12431.0,first owner,delhi,57.0,11.8,53000,150.0,Bajaj,8,0.07866666666666668
Royal Enfield Electra 350cc 2018,2015,2172.0,first owner,delhi,37.0,19.0,115000,350.0,Royal Enfield,9,0.054285714285714284
Bajaj Pulsar 150cc 2015,2015,65.0,first owner,delhi,65.0,14.85,52000,150.0,Bajaj,9,0.09899999999999999
TVS Apache RTR 160 4V Disc 2018,2018,7000.0,first owner,delhi,40.0,16.1,80000,160.0,TVS,6,0.100625
Bajaj Pulsar 180cc 2017,2017,15000.0,first owner,delhi,65.0,17.0,57500,180.0,Bajaj,7,0.09444444444444444
TVS Apache RTR 180cc 2016,2016,45.0,first owner,bangalore,45.0,17.2,60000,180.0,TVS,8,0.09555555555555555
Yamaha YZF-R15 2.0 150cc 2015,2015,13000.0,first owner,delhi,42.0,16.7,75000,150.0,Yamaha,9,0.11133333333333333
Hero Splendor Plus i3s 2018,2018,8100.0,first owner,delhi,81.0,8.2,46000,97.0,Hero,6,0.0845360824742268
Royal Enfield Thunderbird 350cc 2014,2014,20000.0,first owner,delhi,40.0,19.8,99500,350.0,Royal Enfield,10,0.05657142857142857
Bajaj Platina 125cc 2013,2013,82.0,first owner,chennai,82.0,8.5,22000,125.0,Bajaj,11,0.068
Hero Passion Plus 97.2 2013,2013,25172.0,fourth owner or more,chennai,45.0,7.5,23000,97.0,Hero,11,0.07731958762886598
Bajaj Discover 100M 2012,2012,80.0,first owner,mumbai,80.0,9.1,33000,100.0,Bajaj,12,0.091
Yamaha YZF-R15 2.0 150cc 2017,2017,2500.0,first owner,delhi,42.0,16.7,108000,150.0,Yamaha,7,0.11133333333333333
Yamaha YZF-R15 150cc 2014,2014,21580.0,first owner,faridabad,42.0,16.0,45000,150.0,Yamaha,10,0.10666666666666667
Bajaj Discover 135cc 2011,2011,13000.0,first owner,delhi,40.0,9.64,22000,135.0,Bajaj,13,0.0714074074074074
Hero Passion 100cc  2001,2001,34000.0,first owner,delhi,55.0,7.5,15000,100.0,Hero,23,0.075
TVS Apache RTR 160 4V Carburetor 2018,2018,11258.0,first owner,faridabad,40.0,16.1,58000,160.0,TVS,6,0.100625
Bajaj Discover 125cc 2014,2014,10887.0,first owner,faridabad,65.0,12.5,19000,125.0,Bajaj,10,0.1
Yamaha FZ16 150cc 2012,2012,58.0,first owner,delhi,58.0,13.0,32000,150.0,Yamaha,12,0.08666666666666667
Yamaha YZF-R15 150cc 2016,2016,2144.0,first owner,delhi,42.0,16.0,94100,150.0,Yamaha,8,0.10666666666666667
Hero Passion Plus 100cc 2009,2009,20634.0,first owner,faridabad,55.0,7.5,15000,100.0,Hero,15,0.075
Bajaj Discover 100cc 2011,2011,80.0,first owner,ludhiana,80.0,7.7,20000,100.0,Bajaj,13,0.077
Suzuki Intruder 150cc 2018,2018,1700.0,first owner,faridabad,40.0,14.6,80000,150.0,Suzuki,6,0.09733333333333333
Royal Enfield Classic 350cc 2014,2014,30875.0,first owner,faridabad,35.0,19.8,75000,350.0,Royal Enfield,10,0.05657142857142857
Yamaha YZF-R15 150cc 2010,2010,105000.0,first owner,pune,42.0,16.0,42100,150.0,Yamaha,14,0.10666666666666667
Yamaha YZF-R15 150cc 2017,2017,9000.0,first owner,delhi,42.0,16.0,100000,150.0,Yamaha,7,0.10666666666666667
Honda CB Trigger 150cc 2014,2014,28900.0,first owner,pune,60.0,14.0,46506,150.0,Honda,10,0.09333333333333334
Royal Enfield Bullet 500cc 2014,2014,50000.0,first owner,chennai,25.0,26.37,100000,500.0,Royal Enfield,10,0.05274
Bajaj Discover 100M 2014,2014,80.0,first owner,jhansi,80.0,9.1,20300,100.0,Bajaj,10,0.091
Bajaj Discover 110 2010,2010,80.0,first owner,pune,80.0,7.7,26000,110.0,Bajaj,14,0.07
Bajaj Avenger 220cc 2014,2014,15000.0,first owner,delhi,40.0,19.0,53000,220.0,Bajaj,10,0.08636363636363636
Bajaj Avenger Street 150 2016,2016,21745.0,first owner,gurgaon,50.0,14.3,46000,150.0,Bajaj,8,0.09533333333333334
Hero Splendor Pro 100cc 2011,2011,18470.0,first owner,faridabad,81.0,8.2,21000,100.0,Hero,13,0.08199999999999999
Bajaj Discover 135cc 2011,2011,28241.0,first owner,jaipur,65.0,9.64,25000,135.0,Bajaj,13,0.0714074074074074
Honda Dream Yuga 110cc 2013,2013,84.0,first owner,jaipur,84.0,8.25,32000,110.0,Honda,11,0.075
Hero Splendor Plus 100cc 2018,2018,18000.0,first owner,delhi,81.0,8.2,45000,100.0,Hero,6,0.08199999999999999
Hero Splendor Plus 100cc 2013,2013,50000.0,first owner,jaipur,81.0,8.2,25000,100.0,Hero,11,0.08199999999999999
TVS Apache RTR 160cc 2016,2016,60.0,first owner,chaksu,60.0,15.2,47000,160.0,TVS,8,0.095
KTM Duke 125cc 2019,2019,10000.0,first owner,mumbai,40.0,14.3,136500,125.0,KTM,5,0.1144
Bajaj Discover 100cc 2014,2014,80.0,first owner,mumbai,80.0,7.7,34500,100.0,Bajaj,10,0.077
Yamaha YZF-R15 150cc 2011,2011,18000.0,first owner,pune,42.0,16.0,55500,150.0,Yamaha,13,0.10666666666666667
Suzuki Gixxer 150cc 2015,2015,35000.0,first owner,pune,63.0,14.0,62500,150.0,Suzuki,9,0.09333333333333334
Royal Enfield Classic 350cc 2018,2018,21000.0,first owner,mumbai,35.0,19.8,135000,350.0,Royal Enfield,6,0.05657142857142857
Royal Enfield Classic 350cc 2018,2018,24000.0,first owner,mumbai,35.0,19.8,137000,350.0,Royal Enfield,6,0.05657142857142857
Bajaj Pulsar 180cc 2014,2014,22047.0,first owner,ghaziabad,45.0,17.0,28000,180.0,Bajaj,10,0.09444444444444444
Bajaj Pulsar 180cc 2012,2012,38000.0,first owner,jaipur,45.0,17.0,32000,180.0,Bajaj,12,0.09444444444444444
Hero CD Deluxe 100cc 2012,2012,41887.0,first owner,jaipur,65.0,7.7,34000,100.0,Hero,12,0.077
Royal Enfield Bullet Electra 350cc 2014,2014,9355.0,first owner,sirsa,40.0,19.8,90000,350.0,Royal Enfield,10,0.05657142857142857
TVS Apache 150cc 2006,2006,45.0,first owner,delhi,45.0,13.7,18000,150.0,TVS,18,0.09133333333333332
Honda CD110 Dream 109cc 2015,2015,84.0,first owner,jaipur,84.0,8.25,36000,109.0,Honda,9,0.07568807339449542
TVS Apache RTR 160cc 2017,2017,60.0,first owner,patna,60.0,15.2,70000,160.0,TVS,7,0.095
Bajaj Discover 100cc 2010,2010,80.0,first owner,chennai,80.0,7.7,17500,100.0,Bajaj,14,0.077
Royal Enfield Classic 500cc 2012,2012,21000.0,first owner,dinajpur,32.0,27.2,85000,500.0,Royal Enfield,12,0.0544
Yamaha YZF-R15 S 150cc 2015,2015,14000.0,first owner,patna,42.0,16.0,75000,150.0,Yamaha,9,0.10666666666666667
Bajaj Pulsar 150cc 2008,2008,65.0,first owner,bhopal,65.0,14.85,0,150.0,Bajaj,16,0.09899999999999999
Yamaha FZs 150cc 2017,2017,400.0,first owner,delhi,45.0,13.0,88000,150.0,Yamaha,7,0.08666666666666667
Hero Passion PRO  100 cc 2013,2013,23690.0,first owner,chennai,45.0,6.15,28000,200.0,Hero,11,0.030750000000000003
Bajaj Platina 100cc 2014,2014,104.0,first owner,chennai,104.0,8.2,20000,100.0,Bajaj,10,0.08199999999999999
Bajaj Discover150 150cc 2006,2006,70.0,first owner,delhi,70.0,13.0,18000,150.0,Bajaj,18,0.08666666666666667
Royal Enfield Standard 350cc 2012,2012,37.0,first owner,delhi,37.0,19.8,90000,350.0,Royal Enfield,12,0.05657142857142857
TVS Star City 110cc 2012,2012,3712.0,first owner,chennai,85.0,8.2,20000,110.0,TVS,12,0.07454545454545454
Yamaha YZF-R15 150cc 2013,2013,15682.0,first owner,thane,42.0,16.0,65000,150.0,Yamaha,11,0.10666666666666667
Bajaj Discover 110cc 2010,2010,30000.0,first owner,chennai,72.0,8.51,20000,110.0,Bajaj,14,0.07736363636363636
Hero Splendor Plus 100 2009,2009,32332.0,first owner,chennai,45.0,6.15,14500,100.0,Hero,15,0.061500000000000006
Bajaj Discover 100M 2012,2012,80.0,first owner,chennai,80.0,9.1,25000,100.0,Bajaj,12,0.091
TVS Apache RTR 200 4V Carburetor 2018,2018,40.0,first owner,delhi,40.0,20.7,85000,200.0,TVS,6,0.1035
Royal Enfield Classic 350cc 2017,2017,15000.0,second owner,delhi,35.0,19.8,115700,350.0,Royal Enfield,7,0.05657142857142857
Hero Splendor Plus 100cc 2008,2008,58000.0,first owner,madurai,81.0,8.2,16000,100.0,Hero,16,0.08199999999999999
KTM RC 200cc 2016,2016,22000.0,first owner,mumbai,35.0,25.1,130000,200.0,KTM,8,0.1255
Yamaha SZR 150cc 2011,2011,12500.0,second owner,delhi,40.0,12.0,19400,150.0,Yamaha,13,0.08
Mahindra Centuro 110cc 2014,2014,23000.0,first owner,ludhiana,60.0,8.5,29000,110.0,Mahindra,10,0.07727272727272727
Bajaj Pulsar 180cc 2016,2016,15000.0,first owner,ludhiana,65.0,17.0,63000,180.0,Bajaj,8,0.09444444444444444
Bajaj Pulsar 150cc 2016,2016,65.0,first owner,gorakhpur,65.0,15.0,46000,150.0,Bajaj,8,0.1
TVS Apache RTR 180cc 2012,2012,45.0,first owner,ghaziabad,45.0,17.2,31500,180.0,TVS,12,0.09555555555555555
Hero Passion Xpro Disc 2018,2018,5500.0,first owner,delhi,55.0,8.0,55000,109.0,Hero,6,0.07339449541284404
Bajaj CT 100 100cc 2018,2018,5661.0,first owner,bangalore,89.0,8.1,45131,100.0,Bajaj,6,0.081
Bajaj Pulsar 180cc 2016,2016,18020.0,first owner,jaipur,65.0,17.0,48000,180.0,Bajaj,8,0.09444444444444444
Royal Enfield Classic 350cc 2019,2019,12000.0,first owner,mumbai,35.0,19.8,185000,350.0,Royal Enfield,5,0.05657142857142857
Husqvarna Vitpilen 250 2020,2020,2500.0,first owner,mumbai,40.0,29.2,220000,250.0,Husqvarna,4,0.1168
KTM Duke 250cc 2019,2019,6000.0,first owner,mumbai,40.0,29.6,200000,250.0,KTM,5,0.1184
Suzuki Gixxer SF 150cc ABS 2018,2018,9000.0,first owner,mumbai,40.0,14.6,90000,150.0,Suzuki,6,0.09733333333333333
Hero Splendor 100cc 1997,1997,50000.0,first owner,chennai,45.0,7.44,0,100.0,Hero,27,0.07440000000000001
Hero Passion Pro i3S Alloy 100cc 2018,2018,8000.0,first owner,delhi,84.0,8.2,48000,100.0,Hero,6,0.08199999999999999
KTM RC 125CC 2019,2019,5000.0,first owner,mumbai,40.0,14.5,135000,125.0,KTM,5,0.116
Royal Enfield Classic 350cc 2017,2017,7193.0,first owner,faridabad,35.0,19.8,110000,350.0,Royal Enfield,7,0.05657142857142857
Bajaj CT 100 100cc 2006,2006,16254.0,first owner,chennai,89.0,8.1,15000,100.0,Bajaj,18,0.081
Royal Enfield Bullet Twinspark 350cc 2016,2016,37.0,first owner,faridabad,37.0,19.8,90000,350.0,Royal Enfield,8,0.05657142857142857
Hero Passion Plus 100cc 2011,2011,67000.0,first owner,chennai,55.0,7.5,17000,100.0,Hero,13,0.075
Yamaha FZs 150cc 2013,2013,68550.0,first owner,chennai,45.0,13.0,32000,150.0,Yamaha,11,0.08666666666666667
Yamaha FZ 150cc 2015,2015,58.0,first owner,chennai,58.0,13.0,45000,150.0,Yamaha,9,0.08666666666666667
Bajaj Platina 100cc 2011,2011,104.0,first owner,chennai,104.0,8.2,16000,100.0,Bajaj,13,0.08199999999999999
Hero Super Splendor 125cc 2018,2018,8049.0,first owner,faridabad,75.0,9.0,43000,125.0,Hero,6,0.072
Bajaj Pulsar 220cc 2013,2013,25364.0,first owner,chennai,38.0,21.0,37000,220.0,Bajaj,11,0.09545454545454546
TVS Apache RTR 160cc 2014,2014,60.0,first owner,chennai,60.0,15.2,40000,160.0,TVS,10,0.095
Royal Enfield Classic 350cc 2018,2018,12552.0,first owner,faridabad,35.0,19.8,112000,350.0,Royal Enfield,6,0.05657142857142857
Bajaj Pulsar 150cc 2008,2008,65.0,first owner,cuttack,65.0,14.85,18000,150.0,Bajaj,16,0.09899999999999999
Hero Passion PRO  100 cc 2004,2004,45000.0,first owner,cuttack,45.0,6.15,26000,200.0,Hero,20,0.030750000000000003
Mahindra Centuro 110cc 2015,2015,24000.0,first owner,vadodara,60.0,8.5,29500,110.0,Mahindra,9,0.07727272727272727
Royal Enfield Classic 350cc 2014,2014,8000.0,first owner,patan,35.0,19.8,100000,350.0,Royal Enfield,10,0.05657142857142857
Bajaj Pulsar 150cc  2015,2015,65.0,first owner,jaipur,65.0,14.85,52800,150.0,Bajaj,9,0.09899999999999999
Hero Splendor 100cc 2003,2003,60345.0,first owner,cuttack,45.0,6.15,0,100.0,Hero,21,0.061500000000000006
Honda CBR 150R 150cc 2013,2013,12500.0,first owner,ahmedabad,38.0,18.28,71151,150.0,Honda,11,0.12186666666666668
Honda CBR 250R 2014,2014,38.0,first owner,ahmedabad,38.0,26.15,90000,250.0,Honda,10,0.1046
Mahindra Centuro 110cc 2015,2015,11572.0,first owner,jaipur,60.0,8.5,39800,110.0,Mahindra,9,0.07727272727272727
Hero Karizma 223 cc 2008,2008,22000.0,first owner,delhi,40.0,14.9,0,200.0,Hero,16,0.0745
Hero Hunk 150cc 2009,2009,20212.0,first owner,ferozepur,53.0,14.0,16000,150.0,Hero,15,0.09333333333333334
Bajaj Pulsar AS150 2015,2015,73845.0,first owner,pune,53.0,16.8,55000,150.0,Bajaj,9,0.112
Bajaj Discover 100cc 2013,2013,80.0,first owner,chennai,80.0,7.7,23000,100.0,Bajaj,11,0.077
Yamaha YZF-R15 2.0 150cc 2016,2016,39000.0,first owner,delhi,42.0,16.7,75000,150.0,Yamaha,8,0.11133333333333333
TVS Apache RTR 200 4V FI 2018,2018,40.0,first owner,delhi,40.0,20.7,65450,200.0,TVS,6,0.1035
Bajaj Pulsar 220F 2015,2015,54990.0,first owner,gurgaon,38.0,21.0,48000,220.0,Bajaj,9,0.09545454545454546
Bajaj Pulsar 220cc 2016,2016,15000.0,first owner,jalgaon,38.0,21.0,55000,220.0,Bajaj,8,0.09545454545454546
Royal Enfield Bullet Electra 350cc 2017,2016,20000.0,first owner,delhi,40.0,19.8,105000,350.0,Royal Enfield,8,0.05657142857142857
Bajaj Avenger Street 150 2017,2017,7000.0,first owner,delhi,45.0,14.3,65000,150.0,Bajaj,7,0.09533333333333334
Bajaj Pulsar 150cc 2016,2016,65.0,first owner,faridabad,65.0,15.0,32000,150.0,Bajaj,8,0.1
Bajaj Discover 135cc 2008,2008,20000.0,first owner,delhi,40.0,9.64,19500,135.0,Bajaj,16,0.0714074074074074
Honda CB Shine 125cc 2017,2017,65.0,first owner,ahmedabad,65.0,10.0,52000,125.0,Honda,7,0.08
Bajaj Pulsar 150cc 2017,2017,65.0,first owner,ahmedabad,65.0,15.0,56000,150.0,Bajaj,7,0.1
Bajaj Discover 100M 2014,2014,80.0,first owner,ludhiana,80.0,9.1,25500,100.0,Bajaj,10,0.091
Hero Passion Pro 100cc 2005,2005,27000.0,first owner,delhi,5.0,8.2,16000,100.0,Hero,19,0.08199999999999999
Bajaj Pulsar RS200 2017,2017,35.0,first owner,siliguri,35.0,24.5,95000,200.0,Bajaj,7,0.1225
Bajaj Pulsar RS200 2015,2015,35.0,first owner,chandigarh,35.0,24.16,85000,200.0,Bajaj,9,0.1208
Bajaj Discover 125ST 2013,2013,13299.0,first owner,ludhiana,65.0,12.5,0,125.0,Bajaj,11,0.1
Bajaj Pulsar 220cc 2013,2013,2600.0,first owner,ahmedabad,38.0,21.0,42000,220.0,Bajaj,11,0.09545454545454546
Bajaj Discover 125cc 2016,2016,14000.0,first owner,bhopal,65.0,12.5,34000,125.0,Bajaj,8,0.1
Bajaj Avenger 220cc 2012,2012,32342.0,first owner,chennai,40.0,19.0,35000,220.0,Bajaj,12,0.08636363636363636
Hero Passion Plus 100cc 2006,2006,20313.0,first owner,delhi,55.0,7.5,0,100.0,Hero,18,0.075
Royal Enfield Thunderbird 350cc 2015,2015,16000.0,first owner,coimbatore,40.0,19.8,103000,350.0,Royal Enfield,9,0.05657142857142857
Bajaj Avenger 220cc 2013,2013,35000.0,first owner,deesa,40.0,19.0,45000,220.0,Bajaj,11,0.08636363636363636
Bajaj Pulsar 135LS 2012,2012,17000.0,first owner,ahmedabad,64.0,13.0,22000,135.0,Bajaj,12,0.0962962962962963
Bajaj Avenger 220cc 2016,2016,11226.0,first owner,ghaziabad,40.0,19.0,52000,220.0,Bajaj,8,0.08636363636363636
Honda CB Shine 125cc 2005,2005,65.0,first owner,nadiad,65.0,10.0,25000,125.0,Honda,19,0.08
Bajaj Discover 125cc 2007,2007,35308.0,first owner,gurgaon,65.0,12.5,13000,125.0,Bajaj,17,0.1
Bajaj Pulsar  180cc 2015,2015,10065.0,first owner,ludhiana,65.0,15.0,52000,180.0,Bajaj,9,0.08333333333333333
Bajaj CT 100 100cc 2017,2017,31968.0,first owner,gurgaon,89.0,8.1,22500,100.0,Bajaj,7,0.081
Bajaj Pulsar 150cc 2014,2014,65.0,first owner,delhi,65.0,14.85,32000,150.0,Bajaj,10,0.09899999999999999
Yamaha YZF-R15 150cc 2016,2016,2600.0,first owner,delhi,42.0,16.0,102000,150.0,Yamaha,8,0.10666666666666667
Hero Splendor 100cc 1997,1997,20000.0,first owner,rajkot,45.0,7.44,21101,100.0,Hero,27,0.07440000000000001
Royal Enfield Thunderbird 350cc 2014,2014,6742.0,first owner,chennai,40.0,19.8,100000,350.0,Royal Enfield,10,0.05657142857142857
Hero Passion Plus 100cc 2011,2011,78394.0,first owner,chennai,55.0,7.5,20000,100.0,Hero,13,0.075
Yamaha YZF-R15 V3 150cc 2018,2018,6900.0,first owner,chennai,40.0,18.7,115000,150.0,Yamaha,6,0.12466666666666666
Bajaj Pulsar 220cc 2018,2018,22000.0,first owner,bangalore,38.0,21.0,81000,220.0,Bajaj,6,0.09545454545454546
TVS Apache RTR 180cc 2016,2016,45.0,first owner,faridabad,45.0,17.3,42000,180.0,TVS,8,0.09611111111111112
Honda CB Shine 125cc 2014,2014,65.0,first owner,chennai,65.0,10.0,30000,125.0,Honda,10,0.08
Hero Passion Plus 100cc 2005,2005,46000.0,first owner,chennai,55.0,7.5,13000,100.0,Hero,19,0.075
Bajaj Platina  Alloy ES-100cc 2018,2018,104.0,first owner,faridabad,104.0,8.2,32000,100.0,Bajaj,6,0.08199999999999999
Royal Enfield Classic 350cc 2014,2014,38000.0,first owner,jaipur,35.0,19.8,114000,350.0,Royal Enfield,10,0.05657142857142857
Hero HF Deluxe i3s 100cc 2018,2018,13000.0,first owner,mumbai,55.0,8.2,52000,100.0,Hero,6,0.08199999999999999
Bajaj Pulsar 220cc 2017,2017,16000.0,first owner,bangalore,38.0,21.0,75000,220.0,Bajaj,7,0.09545454545454546
TVS Star City Plus 110cc 2015,2015,25999.0,first owner,delhi,85.0,8.2,28000,110.0,TVS,9,0.07454545454545454
Bajaj Discover 135cc 2007,2007,4494.0,first owner,delhi,40.0,9.64,19000,135.0,Bajaj,17,0.0714074074074074
Royal Enfield Thunderbird 350cc 2010,2010,22736.0,first owner,chennai,35.0,19.8,60000,350.0,Royal Enfield,14,0.05657142857142857
Yamaha YZF-R15 150cc 2011,2011,21200.0,first owner,delhi,42.0,16.0,0,150.0,Yamaha,13,0.10666666666666667
Hero Passion Pro 100cc 2011,2011,32000.0,first owner,chennai,5.0,8.2,23000,100.0,Hero,13,0.08199999999999999
Suzuki GS 150 R 150cc 2009,2009,3456.0,first owner,chennai,56.0,13.8,15000,150.0,Suzuki,15,0.092
Bajaj Pulsar AS200 2014,2014,42.0,second owner,bangalore,42.0,23.2,45000,200.0,Bajaj,10,0.11599999999999999
Honda CB Shine 125cc 2015,2015,65.0,first owner,jaipur,65.0,10.0,51000,125.0,Honda,9,0.08
Hero HF Deluxe 100cc 2005,2005,23000.0,first owner,delhi,55.0,7.7,15000,100.0,Hero,19,0.077
Bajaj Avenger 200cc 2010,2010,34733.0,first owner,chennai,53.0,19.0,34000,200.0,Bajaj,14,0.095
Honda CB Shine 125cc 2008,2008,65.0,first owner,chennai,65.0,10.0,13000,125.0,Honda,16,0.08
Bajaj Pulsar 150cc 2007,2007,65.0,first owner,chennai,65.0,14.85,16000,150.0,Bajaj,17,0.09899999999999999
TVS Apache RTR 160cc 2014,2014,60.0,first owner,chennai,60.0,15.2,30000,160.0,TVS,10,0.095
Yamaha FZs 150cc 2014,2014,14326.0,first owner,chennai,45.0,13.0,48000,150.0,Yamaha,10,0.08666666666666667
Bajaj Pulsar RS200 2017,2017,35.0,first owner,jabalpur,35.0,24.5,85000,200.0,Bajaj,7,0.1225
Bajaj Discover 150cc 2010,2010,70.0,first owner,mumbai,70.0,13.0,24999,150.0,Bajaj,14,0.08666666666666667
Hero Passion Pro 100cc 2017,2017,3000.0,first owner,tiruvallur,5.0,8.2,38708,100.0,Hero,7,0.08199999999999999
Bajaj Discover 125cc 2011,2011,27962.0,first owner,karnal,65.0,12.5,16500,125.0,Bajaj,13,0.1
Bajaj Pulsar 150cc 2019,2019,65.0,first owner,chennai,65.0,15.0,67000,150.0,Bajaj,5,0.1
Bajaj V15 150cc 2016,2016,12315.0,first owner,faridabad,57.0,11.8,32000,150.0,Bajaj,8,0.07866666666666668
Royal Enfield Bullet Electra 350cc 2003,2003,29359.0,first owner,delhi,30.0,19.8,63375,350.0,Royal Enfield,21,0.05657142857142857
Hero Splendor Pro 100cc 2011,2011,30000.0,first owner,faridabad,81.0,8.2,21000,100.0,Hero,13,0.08199999999999999
KTM Duke 250cc 2019,2019,5000.0,first owner,mumbai,40.0,29.6,195000,250.0,KTM,5,0.1184
Yamaha Fazer 150cc 2014,2014,45.0,first owner,chennai,45.0,13.0,42000,150.0,Yamaha,10,0.08666666666666667
Bajaj Discover 125ST 2012,2012,35000.0,first owner,gurgaon,65.0,12.5,20000,125.0,Bajaj,12,0.1
Bajaj Avenger 220cc 2013,2013,8903.0,first owner,chennai,40.0,19.0,45000,220.0,Bajaj,11,0.08636363636363636
Bajaj Pulsar ABS 220F 2019,2019,9526.0,first owner,chennai,38.0,21.0,93000,220.0,Bajaj,5,0.09545454545454546
Bajaj Platina 100cc 2012,2012,104.0,first owner,chennai,104.0,8.2,19000,100.0,Bajaj,12,0.08199999999999999
TVS Star City 110cc 2009,2009,39888.0,first owner,chennai,85.0,8.2,0,110.0,TVS,15,0.07454545454545454
Bajaj Dominar 400 ABS 2018,2018,28.0,first owner,mumbai,28.0,34.5,135000,400.0,Bajaj,6,0.08625
TVS Apache RTR 160cc 2011,2011,60.0,first owner,chennai,60.0,15.2,25000,160.0,TVS,13,0.095
Bajaj Pulsar 150cc 2014,2014,65.0,first owner,jaipur,65.0,14.85,53000,150.0,Bajaj,10,0.09899999999999999
Yamaha FZs 150cc 2010,2010,9614.0,first owner,delhi,45.0,13.0,24000,150.0,Yamaha,14,0.08666666666666667
Hero CBZ Xtreme 150cc 2011,2011,9500.0,first owner,delhi,65.0,14.4,21000,150.0,Hero,13,0.096
Hero Passion Pro 100cc 2017,2017,22000.0,first owner,delhi,5.0,8.2,39000,100.0,Hero,7,0.08199999999999999
Bajaj V12 125cc 2017,2017,15621.0,first owner,delhi,57.0,12.0,35000,125.0,Bajaj,7,0.096
Bajaj Discover 125cc 2012,2012,16206.0,first owner,faridabad,65.0,12.5,19000,125.0,Bajaj,12,0.1
Bajaj Dominar 400 2017,2017,28.0,first owner,delhi,28.0,34.5,114000,400.0,Bajaj,7,0.08625
UM Renegade Commando Classic 2018,2018,2911.0,first owner,delhi,35.0,25.0,165000,279.0,UM,6,0.08960573476702509
Royal Enfield Bullet Twinspark 350cc 2015,2015,37.0,first owner,delhi,37.0,19.8,87500,350.0,Royal Enfield,9,0.05657142857142857
TVS Apache 150cc 2011,2011,45.0,first owner,delhi,45.0,13.7,23200,150.0,TVS,13,0.09133333333333332
Yamaha SZR 150cc 2013,2013,17500.0,first owner,delhi,40.0,12.0,26000,150.0,Yamaha,11,0.08
Hero CBZ 150cc 2009,2009,21500.0,first owner,delhi,65.0,12.8,17500,150.0,Hero,15,0.08533333333333334
Hero CD Deluxe 100cc 2016,2016,18000.0,first owner,delhi,65.0,7.7,33000,100.0,Hero,8,0.077
Bajaj Discover 125cc 2004,2004,99890.0,first owner,alipore,65.0,12.5,14900,125.0,Bajaj,20,0.1
Bajaj Discover 125cc 2004,2004,99999.0,first owner,alipore,65.0,12.5,13900,125.0,Bajaj,20,0.1
Royal Enfield Bullet Electra 350cc 2012,2012,38000.0,first owner,delhi,40.0,19.8,85000,350.0,Royal Enfield,12,0.05657142857142857
TVS Star City Plus 110cc 2018,2018,1363.0,first owner,chitradurga,85.0,8.2,45000,110.0,TVS,6,0.07454545454545454
Royal Enfield Bullet Twinspark 350cc 2016,2016,37.0,first owner,delhi,37.0,19.8,90000,350.0,Royal Enfield,8,0.05657142857142857
Royal Enfield Classic 350cc 2010,2010,3000.0,first owner,chennai,35.0,19.8,89889,350.0,Royal Enfield,14,0.05657142857142857
Honda CB Trigger 150cc 2013,2013,60.0,second owner,delhi,60.0,14.0,34400,150.0,Honda,11,0.09333333333333334
Hero CD Deluxe 100cc 2017,2017,28000.0,first owner,delhi,65.0,7.7,33680,100.0,Hero,7,0.077
Royal Enfield Bullet Electra 350cc 2010,2010,26379.0,first owner,faridabad,40.0,19.8,71000,350.0,Royal Enfield,14,0.05657142857142857
Honda CB Shine 125cc 2011,2011,65.0,first owner,chennai,65.0,10.0,18000,125.0,Honda,13,0.08
Royal Enfield Bullet 350cc 2007,2007,11783.0,first owner,faridabad,37.0,19.8,61000,350.0,Royal Enfield,17,0.05657142857142857
TVS Sport 100cc 2018,2018,8048.0,first owner,delhi,95.0,7.4,34000,100.0,TVS,6,0.07400000000000001
Honda CBR 150R 150cc 2015,2015,38.0,first owner,pune,38.0,18.28,65000,150.0,Honda,9,0.12186666666666668
Royal Enfield‎ Bullet 350cc 2012,2012,8200.0,first owner,haldwani,37.0,19.8,90000,350.0,Royal Enfield,12,0.05657142857142857
Hero Splendor Plus 100cc 2011,2011,47000.0,first owner,delhi,81.0,8.2,23000,100.0,Hero,13,0.08199999999999999
Bajaj Discover 100M 2012,2012,80.0,first owner,thane,80.0,9.1,0,100.0,Bajaj,12,0.091
Bajaj Pulsar 150cc 2010,2010,65.0,first owner,delhi,65.0,14.85,23000,150.0,Bajaj,14,0.09899999999999999
Suzuki Gixxer 150cc 2016,2016,18000.0,second owner,delhi,63.0,14.0,45000,150.0,Suzuki,8,0.09333333333333334
Hero Splendor 100cc 1996,1996,75975.0,first owner,ludhiana,45.0,7.44,0,100.0,Hero,28,0.07440000000000001
Hero Passion Pro 100cc 2009,2009,50000.0,first owner,ludhiana,5.0,8.2,0,100.0,Hero,15,0.08199999999999999
Bajaj Dominar 400 2017,2017,28.0,first owner,rohtak,28.0,34.5,120000,400.0,Bajaj,7,0.08625
Bajaj Pulsar 220cc 2014,2014,25000.0,first owner,rohtak,38.0,21.0,40000,220.0,Bajaj,10,0.09545454545454546
Hero Passion Pro 100cc 2014,2014,18168.0,first owner,chennai,5.0,8.2,30000,100.0,Hero,10,0.08199999999999999
Bajaj Avenger 220cc 2010,2010,20245.0,second owner,delhi,40.0,19.0,39500,220.0,Bajaj,14,0.08636363636363636
Bajaj V15 150cc 2016,2016,1000.0,first owner,jaipur,57.0,11.8,45000,150.0,Bajaj,8,0.07866666666666668
Bajaj Discover 135cc 2012,2012,42657.0,first owner,chennai,40.0,9.64,23000,135.0,Bajaj,12,0.0714074074074074
Hyosung GT250R 2012,2012,97772.0,first owner,hyderabad,30.0,28.0,0,250.0,Hyosung,12,0.112
Hero CBZ Xtreme 150 cc 2012,2012,18000.0,first owner,delhi,45.0,11.64,20000,200.0,Hero,12,0.0582
Hero Passion Plus 100cc 2012,2012,28000.0,first owner,chennai,55.0,7.5,26000,100.0,Hero,12,0.075
Hero Passion 100cc  2005,2005,26512.0,second owner,chennai,55.0,7.5,16000,100.0,Hero,19,0.075
Yamaha FZ 150cc 2011,2011,58.0,first owner,chennai,58.0,13.0,32000,150.0,Yamaha,13,0.08666666666666667
TVS Apache RTR 160cc 2008,2008,60.0,first owner,ahmedabad,60.0,15.2,22000,160.0,TVS,16,0.095
TVS Apache RTR 160cc 2016,2016,60.0,first owner,udaipur,60.0,15.2,55000,160.0,TVS,8,0.095
Hero Passion Pro 100cc 2012,2012,12000.0,first owner,ludhiana,5.0,8.2,28000,100.0,Hero,12,0.08199999999999999
Hero Passion 100cc  2005,2005,38000.0,first owner,vadodara,55.0,7.5,0,100.0,Hero,19,0.075
Honda Dream Neo 110cc 2015,2015,84.0,first owner,jalandhar,84.0,8.25,25000,110.0,Honda,9,0.075
Suzuki Hayate 110cc 2016,2016,16257.0,first owner,vadodara,69.0,8.3,31000,110.0,Suzuki,8,0.07545454545454545
Hero Ignitor 125cc 2015,2015,18779.0,first owner,vadodara,55.0,11.0,32000,125.0,Hero,9,0.088
Bajaj Pulsar 150cc 2015,2015,65.0,first owner,vadodara,65.0,14.85,40000,150.0,Bajaj,9,0.09899999999999999
Bajaj Discover 100M 2014,2014,80.0,first owner,delhi,80.0,9.1,28000,100.0,Bajaj,10,0.091
Royal Enfield Classic 350cc 2014,2014,26000.0,second owner,delhi,35.0,19.8,100000,350.0,Royal Enfield,10,0.05657142857142857
Royal Enfield Classic 350cc 2015,2015,14164.0,first owner,vadodara,35.0,19.8,120000,350.0,Royal Enfield,9,0.05657142857142857
Hero CD Deluxe 100cc 2011,2011,30000.0,first owner,ahmedabad,65.0,7.7,24500,100.0,Hero,13,0.077
Bajaj Avenger Cruise 220 2017,2017,5800.0,first owner,jalandhar,35.0,19.0,68000,220.0,Bajaj,7,0.08636363636363636
Hero Karizma 223cc 2005,2005,57000.0,first owner,surat,40.0,17.0,18000,223.0,Hero,19,0.07623318385650224
Bajaj Pulsar 200cc 2013,2013,25000.0,first owner,mumbai,40.0,19.0,37000,200.0,Bajaj,11,0.095
Hero Splendor Pro 100cc 2011,2011,53000.0,first owner,jaipur,81.0,8.2,29300,100.0,Hero,13,0.08199999999999999
Hero Ignitor 125cc 2016,2016,32145.0,first owner,gurgaon,55.0,11.0,26000,125.0,Hero,8,0.088
KTM Duke 200cc 2015,2015,20000.0,first owner,mumbai,35.0,25.0,95000,200.0,KTM,9,0.125
Hero Splendor iSmart 110cc 2017,2017,3000.0,first owner,mumbai,55.0,9.3,51000,110.0,Hero,7,0.08454545454545455
Bajaj Discover 100cc 2015,2015,80.0,first owner,ahmednagar,80.0,7.7,28000,100.0,Bajaj,9,0.077
Honda CB Shine 125cc 2017,2017,65.0,first owner,mumbai,65.0,10.0,55000,125.0,Honda,7,0.08
Hero CBZ Xtreme 150cc 2016,2016,800.0,first owner,mumbai,65.0,14.4,58000,150.0,Hero,8,0.096
Royal Enfield Bullet Twinspark 350cc 2013,2013,37.0,first owner,rohtak,37.0,19.8,52000,350.0,Royal Enfield,11,0.05657142857142857
Yamaha YZF-R15 2.0 150cc 2013,2013,15000.0,first owner,pathankot,42.0,16.7,58000,150.0,Yamaha,11,0.11133333333333333
KTM Duke 390cc 2018,2018,4500.0,first owner,mumbai,25.0,42.9,210000,390.0,KTM,6,0.11
TVS Apache RR310 2019,2019,4400.0,first owner,mumbai,22.0,33.0,200000,310.0,TVS,5,0.1064516129032258
KTM Duke 390cc 2018,2018,12000.0,first owner,mumbai,25.0,42.9,200000,390.0,KTM,6,0.11
Hero Splendor Plus 100 CC 2014,2014,10000.0,first owner,jaipur,40.0,19.0,35000,200.0,Hero,10,0.095
Bajaj Platina 100cc 2012,2012,104.0,first owner,chennai,104.0,8.2,21000,100.0,Bajaj,12,0.08199999999999999
Hero Passion Pro 100cc 2010,2010,253621.0,first owner,chennai,5.0,8.2,18000,100.0,Hero,14,0.08199999999999999
Bajaj Platina 100cc 2014,2014,104.0,first owner,gurgaon,104.0,8.2,20700,100.0,Bajaj,10,0.08199999999999999
Royal Enfield Thunderbird 350cc 2018,2018,20000.0,first owner,mumbai,40.0,19.8,130000,350.0,Royal Enfield,6,0.05657142857142857
Hero i Smart 125cc 2016,2016,13800.0,first owner,delhi,40.0,19.0,40180,125.0,Hero,8,0.152
TVS Apache RTR 160cc 2011,2011,60.0,first owner,chennai,60.0,15.2,0,160.0,TVS,13,0.095
Royal Enfield Classic 350cc 2018,2018,14354.0,first owner,faridabad,35.0,19.8,120000,350.0,Royal Enfield,6,0.05657142857142857
Bajaj Discover 100cc 2013,2013,80.0,first owner,chennai,80.0,7.7,25000,100.0,Bajaj,11,0.077
Hero CBZ Xtreme 150cc 2013,2013,113000.0,first owner,pune,65.0,14.4,33000,150.0,Hero,11,0.096
Hero Passion Plus 100cc 2006,2006,17999.0,third owner,delhi,55.0,7.5,14500,100.0,Hero,18,0.075
Honda Dream Yuga 110cc 2015,2015,20000.0,first owner,ludhiana,84.0,8.0,26500,110.0,Honda,9,0.07272727272727272
Bajaj Platina 100cc 2009,2009,104.0,first owner,budhlada,104.0,8.2,15000,100.0,Bajaj,15,0.08199999999999999
Hero Splendor Plus 100cc 2009,2009,42000.0,first owner,ludhiana,81.0,8.2,18000,100.0,Hero,15,0.08199999999999999
Hero Splendor 100cc 1996,1996,30000.0,first owner,silvasa,45.0,7.44,0,100.0,Hero,28,0.07440000000000001
Hero Passion 100cc  2005,2005,35000.0,first owner,silvasa,55.0,7.5,0,100.0,Hero,19,0.075
Bajaj Discover 135cc 2010,2010,25716.0,first owner,chennai,40.0,9.64,20000,135.0,Bajaj,14,0.0714074074074074
Honda CB Shine 125cc 2011,2011,65.0,first owner,chennai,65.0,10.0,24000,125.0,Honda,13,0.08
Yamaha Gladiator 125cc 2011,2011,20000.0,first owner,chennai,64.0,10.8,0,125.0,Yamaha,13,0.0864
Honda Livo 110cc 2019,2019,15492.0,first owner,jaipur,40.0,8.25,53214,110.0,Honda,5,0.075
Bajaj Discover 135cc 2010,2010,21728.0,first owner,chennai,40.0,9.64,16000,135.0,Bajaj,14,0.0714074074074074
Hero Glamour 125cc 2009,2009,25000.0,first owner,chennai,55.0,8.9,0,125.0,Hero,15,0.0712
Bajaj Discover 125cc 2009,2009,26154.0,first owner,chennai,65.0,12.5,16500,125.0,Bajaj,15,0.1
Bajaj Discover 110cc 2015,2015,15625.0,first owner,chennai,72.0,8.51,30000,110.0,Bajaj,9,0.07736363636363636
Hero Passion Plus 100cc 2009,2009,2009.0,fourth owner or more,anantnag,55.0,7.5,23000,100.0,Hero,15,0.075
Bajaj Discover 100M 2014,2014,80.0,first owner,delhi,80.0,9.1,38800,100.0,Bajaj,10,0.091
Honda CB Unicorn 150cc 2010,2010,60.0,first owner,chennai,60.0,14.0,21000,150.0,Honda,14,0.09333333333333334
TVS Star City 110cc 2012,2012,92466.0,first owner,chennai,85.0,8.2,18000,110.0,TVS,12,0.07454545454545454
Hero Passion Pro 100cc 2014,2014,45000.0,first owner,chennai,5.0,8.2,32000,100.0,Hero,10,0.08199999999999999
Bajaj Pulsar 220cc 2016,2016,15112.0,first owner,coimbatore,38.0,21.0,65000,220.0,Bajaj,8,0.09545454545454546
Bajaj Pulsar 200cc 2011,2010,40.0,first owner,panipat,40.0,16.78,20000,200.0,Bajaj,14,0.0839
Yamaha YZF-R15 150cc 2014,2014,0.0,first owner,faridabad,42.0,16.0,70000,150.0,Yamaha,10,0.10666666666666667
Bajaj Pulsar AS150 2016,2016,9000.0,first owner,patna,53.0,16.8,60000,150.0,Bajaj,8,0.112
Hero Passion Plus 100cc 2005,2005,20102.0,first owner,delhi,55.0,7.5,17000,100.0,Hero,19,0.075
Honda CB Shine 125cc 2011,2011,65.0,first owner,chennai,65.0,10.0,23000,125.0,Honda,13,0.08
Hero CD Deluxe 100cc 2004,2004,18446.0,first owner,pune,65.0,7.7,20000,100.0,Hero,20,0.077
Bajaj Discover 135cc 2009,2009,18000.0,first owner,delhi,40.0,9.64,21000,135.0,Bajaj,15,0.0714074074074074
TVS Apache RTR 180cc 2017,2017,45.0,first owner,gurgaon,45.0,17.2,55000,180.0,TVS,7,0.09555555555555555
TVS Star City 110cc 2009,2009,19081.0,first owner,chennai,85.0,8.2,16000,110.0,TVS,15,0.07454545454545454
Bajaj Pulsar 220cc 2014,2014,30000.0,first owner,mumbai,38.0,21.0,50000,220.0,Bajaj,10,0.09545454545454546
Honda CD 110 Dream 2015,2015,84.0,first owner,faridabad,84.0,8.25,23000,110.0,Honda,9,0.075
Bajaj Discover 135cc 2009,2009,25000.0,first owner,delhi,40.0,9.64,22000,135.0,Bajaj,15,0.0714074074074074
Yamaha FZ16 150cc 2015,2015,58.0,first owner,delhi,58.0,13.0,47500,150.0,Yamaha,9,0.08666666666666667
Bajaj Discover 125ST 2013,2013,40000.0,first owner,chennai,65.0,12.5,22000,125.0,Bajaj,11,0.1
Bajaj V15 150cc 2016,2016,5000.0,first owner,ludhiana,57.0,11.8,39000,150.0,Bajaj,8,0.07866666666666668
Honda CBF Stunner 125cc 2012,2012,65.0,first owner,ludhiana,65.0,11.0,22000,125.0,Honda,12,0.088
Bajaj Platina 100cc 2010,2010,104.0,first owner,delhi,104.0,8.2,14800,100.0,Bajaj,14,0.08199999999999999
Bajaj Pulsar 150cc 2005,2005,65.0,first owner,hyderabad,65.0,14.85,15000,150.0,Bajaj,19,0.09899999999999999
Hero Splendor 100cc 2004,2004,4999.0,first owner,chennai,45.0,6.15,17000,100.0,Hero,20,0.061500000000000006
Bajaj Discover 100M 2012,2012,80.0,first owner,delhi,80.0,9.1,35000,100.0,Bajaj,12,0.091
Royal Enfield Classic 350cc 2014,2014,15000.0,first owner,delhi,35.0,19.8,107000,350.0,Royal Enfield,10,0.05657142857142857
Royal Enfield Classic 350cc 2016,2016,23000.0,first owner,delhi,35.0,19.8,120000,350.0,Royal Enfield,8,0.05657142857142857
Hero Splendor 100cc 2001,2001,32000.0,first owner,bharuch,45.0,7.44,18500,100.0,Hero,23,0.07440000000000001
Hero Karizma ZMR 223cc 2011,2011,66780.0,first owner,alipore,48.0,20.0,39899,223.0,Hero,13,0.08968609865470852
TVS Apache RTR 160 4V Carburetor With Rear Disc 2018,2018,16510.0,first owner,ahmedabad,40.0,16.1,60000,160.0,TVS,6,0.100625
Bajaj Pulsar RS200 ABS 2015,2015,35.0,first owner,sidlaghatta,35.0,24.16,80000,200.0,Bajaj,9,0.1208
Yamaha YZF-R15 150cc 2011,2011,7000.0,first owner,agra,42.0,16.0,55000,150.0,Yamaha,13,0.10666666666666667
Bajaj Discover 100cc 2015,2015,80.0,first owner,delhi,80.0,7.7,28000,100.0,Bajaj,9,0.077
Bajaj Pulsar 180cc 2016,2016,6407.0,first owner,bangalore,65.0,17.0,61740,180.0,Bajaj,8,0.09444444444444444
Bajaj V15 150cc 2016,2016,7524.0,first owner,bangalore,57.0,11.8,49000,150.0,Bajaj,8,0.07866666666666668
Bajaj Pulsar 220cc 2016,2016,15000.0,first owner,chennai,38.0,21.0,65000,220.0,Bajaj,8,0.09545454545454546
